experiment_id,job_name,group,dist_id,stage,ladder,repeat,status,origin,submitted_epoch,created,finished,duration_s,n_qubits,n_gates,depth,n_ry,n_x,n_cnot,phi_root_deg,circuit_sha1,exp_p000,exp_p001,exp_p010,exp_p011,exp_p100,exp_p101,exp_p110,exp_p111,sim_p000,sim_p001,sim_p010,sim_p011,sim_p100,sim_p101,sim_p110,sim_p111
0,cal_Ry_q0,characterisation_readout,,,,,SUCCEED,SpinQuasarClient,1769772612,2026-01-30T12:30:12,2026-01-30T12:32:03,111,3,1,1,1,0,0,90.0000,f71f31738d690690ecb02fb3b039763410832d12,0.487104482693,0.00829820308604,0.0222981092527,0.00208601694725,0.451053717828,0.00906963624549,0.0134827715408,0.00660706240754,0.500000000097,0,0,0,0.499999999903,0,0,0
1,cal_Ry_q1,characterisation_readout,,,,,SUCCEED,SpinQuasarClient,1769772725,2026-01-30T12:32:05,2026-01-30T12:34:03,118,3,1,1,1,0,0,,9b954cae37c4fd085cd03e2f18766f7c1dd00f4f,0.423620704399,0.0176221589188,0.494937444704,0.00940832481006,0.00843662412979,0.0222228057677,0.0183511006631,0.00540083660741,0.500000000097,0,0.499999999903,0,0,0,0,0
12,GR_L0_B_r1,pilot_d1,D1,L0,B,1,SUCCEED,SpinQuasarClient,1772554833,2026-03-03T17:20:33,2026-03-03T17:22:24,111,3,3,3,3,0,0,90.0000,17d3d1b2756f221dec4ead05b9536d2f1ba59863,0.372071937716,0.0221627333623,0.0635130509192,0.0400696548629,0.389042894095,0.0338930634051,0.0369031597398,0.0423435058997,0.500000000097,0,0,0,0.499999999903,0,0,0
13,GR_L0_B_r2,pilot_d1,D1,L0,B,2,SUCCEED,SpinQuasarClient,1772554948,2026-03-03T17:22:28,2026-03-03T17:24:25,117,3,3,3,3,0,0,90.0000,17d3d1b2756f221dec4ead05b9536d2f1ba59863,0.34146908832,0.049330962028,0.0700613725768,0.0326209922997,0.413388077536,0.0413465295173,0.0274674825526,0.0243154951702,0.500000000097,0,0,0,0.499999999903,0,0,0
14,GR_L0_B_r3,pilot_d1,D1,L0,B,3,SUCCEED,SpinQuasarClient,1772555069,2026-03-03T17:24:29,2026-03-03T17:26:28,119,3,3,3,3,0,0,90.0000,17d3d1b2756f221dec4ead05b9536d2f1ba59863,0.389127996881,0.0253805859851,0.0802683761583,0.0591143476622,0.364303068579,0.0280187393295,0.0230170044912,0.0307698809132,0.500000000097,0,0,0,0.499999999903,0,0,0
15,GR_L0_B_r4,pilot_d1,D1,L0,B,4,SUCCEED,SpinQuasarClient,1772555192,2026-03-03T17:26:32,2026-03-03T17:28:31,119,3,3,3,3,0,0,90.0000,17d3d1b2756f221dec4ead05b9536d2f1ba59863,0.380002417564,0.0264809068317,0.0591497307768,0.0460547877035,0.380064253819,0.0583702204779,0.0234231625186,0.0264545203091,0.500000000097,0,0,0,0.499999999903,0,0,0
16,GR_L0_B_r5,pilot_d1,D1,L0,B,5,SUCCEED,SpinQuasarClient,1772555316,2026-03-03T17:28:36,2026-03-03T17:30:34,118,3,3,3,3,0,0,90.0000,17d3d1b2756f221dec4ead05b9536d2f1ba59863,0.357080968076,0.00562659193058,0.0487435803292,0.0502592627428,0.418333315863,0.0182389605462,0.060979267643,0.040738052869,0.500000000097,0,0,0,0.499999999903,0,0,0
17,GR_L01_B_r1,pilot_d1,D1,L01,B,1,SUCCEED,SpinQuasarClient,1772555439,2026-03-03T17:30:39,2026-03-03T17:32:37,118,3,13,11,7,2,4,90.0000,de049314b165932dd00c1b1be1690c14dfafcb65,0.198872615205,0.0374382674281,0.133469630045,0.0841839667364,0.316728418971,0.0341909564505,0.0890876853341,0.10602845983,0.149999914019,0,0.350000086079,0,0.350000086032,0,0.149999913871,0
18,GR_L01_B_r2,pilot_d1,D1,L01,B,2,SUCCEED,SpinQuasarClient,1772555562,2026-03-03T17:32:42,2026-03-03T17:34:43,121,3,13,11,7,2,4,90.0000,de049314b165932dd00c1b1be1690c14dfafcb65,0.167199503386,0.0518262583322,0.235493323247,0.0348541909724,0.300723001859,0.0384093198891,0.111804306158,0.0596900961561,0.149999914019,0,0.350000086079,0,0.350000086032,0,0.149999913871,0
19,GR_L01_B_r3,pilot_d1,D1,L01,B,3,SUCCEED,SpinQuasarClient,1772555688,2026-03-03T17:34:48,2026-03-03T17:36:50,122,3,13,11,7,2,4,90.0000,de049314b165932dd00c1b1be1690c14dfafcb65,0.183280147429,0.0617644158849,0.219486140702,0.0258284420865,0.290705975304,0.0305613129708,0.13070189992,0.0576716657026,0.149999914019,0,0.350000086079,0,0.350000086032,0,0.149999913871,0
20,GR_L01_B_r4,pilot_d1,D1,L01,B,4,SUCCEED,SpinQuasarClient,1772555814,2026-03-03T17:36:54,2026-03-03T17:38:56,122,3,13,11,7,2,4,90.0000,de049314b165932dd00c1b1be1690c14dfafcb65,0.152894400601,0.0483203451674,0.196255050348,0.0453389263651,0.330677500744,0.0513993493173,0.10742132889,0.0676930985678,0.149999914019,0,0.350000086079,0,0.350000086032,0,0.149999913871,0
21,GR_L01_B_r5,pilot_d1,D1,L01,B,5,SUCCEED,SpinQuasarClient,1772555941,2026-03-03T17:39:01,2026-03-03T17:41:02,121,3,13,11,7,2,4,90.0000,de049314b165932dd00c1b1be1690c14dfafcb65,0.178807172727,0.0487524967762,0.172453567208,0.0475179894593,0.35375602415,0.0238501803153,0.0935402198482,0.0813223495168,0.149999914019,0,0.350000086079,0,0.350000086032,0,0.149999913871,0
22,GR_FULL_B_r1,pilot_d1,D1,FULL,B,1,SUCCEED,SpinQuasarClient,1772556067,2026-03-03T17:41:07,2026-03-03T17:43:08,121,3,21,16,11,2,8,90.0000,2f9b4bc07785db7a436d9a6216ad827d53fac311,0.144165484683,0.206297642892,0.137017392048,0.0817246872954,0.0864785941618,0.0714406865294,0.179454899692,0.0934206126978,0.0499999968221,0.0999999171967,0.150000069279,0.2000000168,0.20000001684,0.150000069191,0.0999999171258,0.0499999967453
23,GR_FULL_B_r2,pilot_d1,D1,FULL,B,2,SUCCEED,SpinQuasarClient,1772556192,2026-03-03T17:43:12,2026-03-03T17:45:14,122,3,21,16,11,2,8,90.0000,2f9b4bc07785db7a436d9a6216ad827d53fac311,0.123578746526,0.193490526775,0.131145504841,0.100279679986,0.124789531977,0.0873218581799,0.169401865978,0.0699922857372,0.0499999968221,0.0999999171967,0.150000069279,0.2000000168,0.20000001684,0.150000069191,0.0999999171258,0.0499999967453
24,GR_FULL_B_r3,pilot_d1,D1,FULL,B,3,SUCCEED,SpinQuasarClient,1772556318,2026-03-03T17:45:18,2026-03-03T17:47:20,122,3,21,16,11,2,8,90.0000,2f9b4bc07785db7a436d9a6216ad827d53fac311,0.169023851324,0.232131435026,0.0868566039218,0.103333713936,0.139293209457,0.121238060288,0.0778639390163,0.0702591870301,0.0499999968221,0.0999999171967,0.150000069279,0.2000000168,0.20000001684,0.150000069191,0.0999999171258,0.0499999967453
25,GR_FULL_B_r4,pilot_d1,D1,FULL,B,4,SUCCEED,SpinQuasarClient,1772556445,2026-03-03T17:47:25,2026-03-03T17:49:26,121,3,21,16,11,2,8,90.0000,2f9b4bc07785db7a436d9a6216ad827d53fac311,0.109438291605,0.190642595006,0.123920987246,0.0955607123192,0.136760124299,0.087738568781,0.157390755197,0.0985479655462,0.0499999968221,0.0999999171967,0.150000069279,0.2000000168,0.20000001684,0.150000069191,0.0999999171258,0.0499999967453
26,GR_FULL_B_r5,pilot_d1,D1,FULL,B,5,SUCCEED,SpinQuasarClient,1772556571,2026-03-03T17:49:31,2026-03-03T17:51:33,122,3,21,16,11,2,8,90.0000,2f9b4bc07785db7a436d9a6216ad827d53fac311,0.105249536935,0.209518952575,0.0588089143909,0.140473435572,0.1514281945,0.158979457062,0.120326065514,0.0552154434518,0.0499999968221,0.0999999171967,0.150000069279,0.2000000168,0.20000001684,0.150000069191,0.0999999171258,0.0499999967453
27,X_q0,characterisation_readout,,,,,SUCCEED,SpinQuasarClient,1772878381,2026-03-07T11:13:01,2026-03-07T11:14:49,108,3,1,1,0,1,0,,7f3fdd48c83bb8e75675a9fa0df27e6d69d4d655,0.00350208050662,0.00291776552013,0.0184294051543,0.0262388256742,0.922379844321,0.0131657137113,0.0032438764281,0.0101224886847,0,0,0,0,1,0,0,0
28,X_q1,characterisation_readout,,,,,SUCCEED,SpinQuasarClient,1772878494,2026-03-07T11:14:54,2026-03-07T11:16:52,118,3,1,1,0,1,0,,1c27d49031ccb1eb9c901294aa729090c2bcfa38,0.00583611068019,0.0718973887719,0.856343493238,0.0115821780531,0.0296390443666,0.00287466971095,0.015048082261,0.00677903291766,0,0,1,0,0,0,0,0
29,X_q2,characterisation_readout,,,,,SUCCEED,SpinQuasarClient,1772878617,2026-03-07T11:16:57,2026-03-07T11:18:55,118,3,1,1,0,1,0,,95cec2c1c8697f3370b7ac7d5c46240cbfc8b94c,0.0226508254032,0.874355133476,0.0207099414558,0.0219630368079,0.00694992578151,0.0236139722712,0.0194756692915,0.0102814955132,0,1,0,0,0,0,0,0
30,RO_FULL_prep_000,characterisation_readout,,,,,SUCCEED,SpinQuasarClient,1772878767,2026-03-07T11:19:27,2026-03-07T11:21:15,108,3,2,2,2,0,0,0.0573,16842ddb23a5fa9d26841b0fbccc46a8c770326e,0.899416334071,0.0116411162542,0.0123548136382,0.0106225555542,0.0155982905269,0.0155831619332,0.025769418135,0.00901430988772,1,0,0,0,0,0,0,0
31,RO_FULL_prep_001,characterisation_readout,,,,,SUCCEED,SpinQuasarClient,1772878879,2026-03-07T11:21:19,2026-03-07T11:23:17,118,3,3,2,2,1,0,0.0573,d082ff374006f506d4b06a787f6aa67eb80ab4a9,0.0211137936974,0.850287238011,0.00393745341376,0.0545424606543,0.024798950023,0.00968187443555,0.0136429519533,0.0219952778112,0,1,0,0,0,0,0,0
32,RO_FULL_prep_010,characterisation_readout,,,,,SUCCEED,SpinQuasarClient,1772879001,2026-03-07T11:23:21,2026-03-07T11:25:21,120,3,3,2,2,1,0,0.0573,3974a7694365c2ce5dc39b392f9e22e9dded8179,0.00151881916981,0.0393411132568,0.890699873772,0.00925539071885,0.0224225280883,0.0193672633818,0.00927355124182,0.00812146037027,0,0,1,0,0,0,0,0
33,RO_FULL_prep_011,characterisation_readout,,,,,SUCCEED,SpinQuasarClient,1772879125,2026-03-07T11:25:26,2026-03-07T11:27:24,118,3,4,2,2,2,0,0.0573,cbcf120af6ab665c68f254488eca44942ee28454,0.0372102700091,0.0110245720018,0.0132773163548,0.888837244423,0.0148570416239,0.0168144735895,0.00578315975748,0.0121959222405,0,0,0,1,0,0,0,0
34,RO_FULL_prep_100,characterisation_readout,,,,,SUCCEED,SpinQuasarClient,1772879249,2026-03-07T11:27:29,2026-03-07T11:29:30,121,3,3,3,2,1,0,,21c619c8c4bde32e9485920dfd4c395ac6db3758,0.0134790417929,0.0193458016163,0.0328710431826,0.0217071677675,0.851077949324,0.0188133165507,0.0202811247921,0.0224245549736,0,0,0,0,1,0,0,0
35,RO_FULL_prep_101,characterisation_readout,,,,,SUCCEED,SpinQuasarClient,1772879375,2026-03-07T11:29:35,2026-03-07T11:31:34,119,3,4,3,2,2,0,,ab945216e7edf0a3e347bd03c974dfaabeeeb880,0.0168306182834,0.0254132027654,0.0312235448456,0.0443665989624,0.0139362144253,0.802792919803,0.0284545732397,0.0369823276749,0,0,0,0,0,1,0,0
36,RO_FULL_prep_110,characterisation_readout,,,,,SUCCEED,SpinQuasarClient,1772879498,2026-03-07T11:31:38,2026-03-07T11:33:36,118,3,4,3,2,2,0,,e8b6fb4c2162642982ff7ef95c7e870c0f0a46e6,0.00479064815705,0.0453392090012,0.0291513650274,0.00948576531731,0.0333683609538,0.0713616321909,0.741989901206,0.0645131181463,0,0,0,0,0,0,1,0
37,RO_FULL_prep_111,characterisation_readout,,,,,SUCCEED,SpinQuasarClient,1772879620,2026-03-07T11:33:40,2026-03-07T11:35:38,118,3,5,3,2,3,0,,e3174b6a08b64bda523674896f54360d8c569f7c,0.0401314967951,0.0258293670011,0.00747178031579,0.00289330350173,0.0108613792518,0.0159076125573,0.0044914912775,0.8924135693,0,0,0,0,0,0,0,1
38,RO_FULL_prep_000,characterisation_readout,,,,,SUCCEED,SpinQuasarClient,1772879759,2026-03-07T11:35:59,2026-03-07T11:37:46,107,3,2,2,2,0,0,0.0573,16842ddb23a5fa9d26841b0fbccc46a8c770326e,0.893807972151,0.0122761311885,0.0212055953277,0.00576976476812,0.0110673023261,0.0119635468314,0.0297034907488,0.0142061966583,1,0,0,0,0,0,0,0
39,RO_FULL_prep_001,characterisation_readout,,,,,SUCCEED,SpinQuasarClient,1772879871,2026-03-07T11:37:51,2026-03-07T11:39:49,118,3,3,2,2,1,0,0.0573,d082ff374006f506d4b06a787f6aa67eb80ab4a9,0.0127522175935,0.891295955179,0.00670056074246,0.0216343903276,0.0225113722053,0.00944763866686,0.0149053049446,0.0207525603406,0,1,0,0,0,0,0,0
40,RO_FULL_prep_010,characterisation_readout,,,,,SUCCEED,SpinQuasarClient,1772879993,2026-03-07T11:39:53,2026-03-07T11:41:51,118,3,3,2,2,1,0,0.0573,3974a7694365c2ce5dc39b392f9e22e9dded8179,0.00478206682825,0.0157083654089,0.916889362008,0.00570950260236,0.0182265804851,0.0202052549215,0.011523926351,0.00695494139461,0,0,1,0,0,0,0,0
41,RO_FULL_prep_011,characterisation_readout,,,,,SUCCEED,SpinQuasarClient,1772880115,2026-03-07T11:41:55,2026-03-07T11:43:55,120,3,4,2,2,2,0,0.0573,cbcf120af6ab665c68f254488eca44942ee28454,0.0300303026958,0.0397432810755,0.0137085750806,0.848950318248,0.00887138603841,0.00415272614038,0.0270337175377,0.0275096931832,0,0,0,1,0,0,0,0
42,RO_FULL_prep_100,characterisation_readout,,,,,SUCCEED,SpinQuasarClient,1772880240,2026-03-07T11:44:00,2026-03-07T11:46:01,121,3,3,3,2,1,0,,21c619c8c4bde32e9485920dfd4c395ac6db3758,0.0184605597071,0.0281730589808,0.0469081196683,0.0314022280324,0.793765764656,0.0256623500303,0.0227919021323,0.0328360167929,0,0,0,0,1,0,0,0
43,RO_FULL_prep_101,characterisation_readout,,,,,SUCCEED,SpinQuasarClient,1772880366,2026-03-07T11:46:06,2026-03-07T11:48:05,119,3,4,3,2,2,0,,ab945216e7edf0a3e347bd03c974dfaabeeeb880,0.0209796472891,0.0257415380248,0.0273172378693,0.0251560698627,0.0237170674706,0.822059725035,0.0318933966477,0.023135317801,0,0,0,0,0,1,0,0
44,RO_FULL_prep_110,characterisation_readout,,,,,SUCCEED,SpinQuasarClient,1772880489,2026-03-07T11:48:09,2026-03-07T11:50:07,118,3,4,3,2,2,0,,e8b6fb4c2162642982ff7ef95c7e870c0f0a46e6,0.0279553305142,0.0749891811905,0.0398420931736,0.0194368311624,0.0303096286954,0.058002244248,0.729935839758,0.0195288512581,0,0,0,0,0,0,1,0
45,RO_FULL_prep_111,characterisation_readout,,,,,SUCCEED,SpinQuasarClient,1772880611,2026-03-07T11:50:11,2026-03-07T11:52:09,118,3,5,3,2,3,0,,e3174b6a08b64bda523674896f54360d8c569f7c,0.0549120008486,0.0369891076523,0.00694246976951,0.0128597203459,0.0107882756726,0.0175035626265,0.0068694567315,0.853135406353,0,0,0,0,0,0,0,1
46,GR_L0_B_r1,pilot_d1,D1,L0,B,1,SUCCEED,SpinQuasarClient,1772880733,2026-03-07T11:52:13,2026-03-07T11:54:12,119,3,3,3,3,0,0,90.0000,17d3d1b2756f221dec4ead05b9536d2f1ba59863,0.385454157981,0.00705112437991,0.0527916981234,0.0460789470945,0.39250646373,0.029592518042,0.0455167585333,0.0410083321156,0.500000000097,0,0,0,0.499999999903,0,0,0
47,GR_L0_B_r2,pilot_d1,D1,L0,B,2,SUCCEED,SpinQuasarClient,1772880857,2026-03-07T11:54:17,2026-03-07T11:56:14,117,3,3,3,3,0,0,90.0000,17d3d1b2756f221dec4ead05b9536d2f1ba59863,0.366819226866,0.0299034383102,0.0689323342747,0.0366992752885,0.406323076878,0.0337318215517,0.0242356328996,0.0333551939316,0.500000000097,0,0,0,0.499999999903,0,0,0
48,GR_L0_B_r3,pilot_d1,D1,L0,B,3,SUCCEED,SpinQuasarClient,1772880978,2026-03-07T11:56:18,2026-03-07T11:58:17,119,3,3,3,3,0,0,90.0000,17d3d1b2756f221dec4ead05b9536d2f1ba59863,0.357672121161,0.0140558458095,0.0577384836288,0.0498772429513,0.406684814848,0.0423859959522,0.034209651766,0.0373758438832,0.500000000097,0,0,0,0.499999999903,0,0,0
49,GR_L0_B_r4,pilot_d1,D1,L0,B,4,SUCCEED,SpinQuasarClient,1772881101,2026-03-07T11:58:21,2026-03-07T12:00:20,119,3,3,3,3,0,0,90.0000,17d3d1b2756f221dec4ead05b9536d2f1ba59863,0.406810472364,0.0134396668082,0.0472002352732,0.0193950841622,0.400152208923,0.0622829464835,0.0158353487155,0.0348840372705,0.500000000097,0,0,0,0.499999999903,0,0,0
50,GR_L0_B_r5,pilot_d1,D1,L0,B,5,SUCCEED,SpinQuasarClient,1772881225,2026-03-07T12:00:25,2026-03-07T12:02:23,118,3,3,3,3,0,0,90.0000,17d3d1b2756f221dec4ead05b9536d2f1ba59863,0.35256503311,0.0258303649901,0.0534888466961,0.0436463039911,0.417369038517,0.0389431700461,0.0305649079985,0.0375923346509,0.500000000097,0,0,0,0.499999999903,0,0,0
51,GR_L01_B_r1,pilot_d1,D1,L01,B,1,SUCCEED,SpinQuasarClient,1772881348,2026-03-07T12:02:28,2026-03-07T12:04:26,118,3,13,11,7,2,4,90.0000,de049314b165932dd00c1b1be1690c14dfafcb65,0.162052541584,0.0379849937785,0.232106665865,0.0574539702867,0.310917134166,0.0159127807048,0.124889525427,0.0586823881877,0.149999914019,0,0.350000086079,0,0.350000086032,0,0.149999913871,0
52,GR_L01_B_r2,pilot_d1,D1,L01,B,2,SUCCEED,SpinQuasarClient,1772881471,2026-03-07T12:04:31,2026-03-07T12:06:32,121,3,13,11,7,2,4,90.0000,de049314b165932dd00c1b1be1690c14dfafcb65,0.145308920308,0.018682051129,0.246373995454,0.0329397258637,0.330688534141,0.0420430544821,0.125412781554,0.0585509370678,0.149999914019,0,0.350000086079,0,0.350000086032,0,0.149999913871,0
53,GR_L01_B_r3,pilot_d1,D1,L01,B,3,SUCCEED,SpinQuasarClient,1772881596,2026-03-07T12:06:36,2026-03-07T12:08:36,120,3,13,11,7,2,4,90.0000,de049314b165932dd00c1b1be1690c14dfafcb65,0.158276011393,0.0321430159579,0.232602705181,0.0512780588909,0.327658788101,0.0208572620171,0.111990015893,0.0651941425657,0.149999914019,0,0.350000086079,0,0.350000086032,0,0.149999913871,0
54,GR_L01_B_r4,pilot_d1,D1,L01,B,4,SUCCEED,SpinQuasarClient,1772881721,2026-03-07T12:08:41,2026-03-07T12:10:42,121,3,13,11,7,2,4,90.0000,de049314b165932dd00c1b1be1690c14dfafcb65,0.167966250087,0.0194769673795,0.227306147926,0.0502609986789,0.329339590666,0.0203729003666,0.120439355771,0.0648377891254,0.149999914019,0,0.350000086079,0,0.350000086032,0,0.149999913871,0
55,GR_L01_B_r5,pilot_d1,D1,L01,B,5,SUCCEED,SpinQuasarClient,1772881847,2026-03-07T12:10:47,2026-03-07T12:12:45,118,3,13,11,7,2,4,90.0000,de049314b165932dd00c1b1be1690c14dfafcb65,0.150064741307,0.0397316465488,0.217825240442,0.0529355909181,0.342391750729,0.0275121245559,0.102515981675,0.067022923825,0.149999914019,0,0.350000086079,0,0.350000086032,0,0.149999913871,0
56,GR_FULL_B_r1,pilot_d1,D1,FULL,B,1,SUCCEED,SpinQuasarClient,1772881970,2026-03-07T12:12:50,2026-03-07T12:14:51,121,3,21,16,11,2,8,90.0000,2f9b4bc07785db7a436d9a6216ad827d53fac311,0.122570299881,0.197403085413,0.0955915376382,0.127096672421,0.0991565008285,0.118639917237,0.161251820688,0.0782901658941,0.0499999968221,0.0999999171967,0.150000069279,0.2000000168,0.20000001684,0.150000069191,0.0999999171258,0.0499999967453
57,GR_FULL_B_r2,pilot_d1,D1,FULL,B,2,SUCCEED,SpinQuasarClient,1772882096,2026-03-07T12:14:56,2026-03-07T12:16:58,122,3,21,16,11,2,8,90.0000,2f9b4bc07785db7a436d9a6216ad827d53fac311,0.11319393476,0.120069038669,0.134803545572,0.152906146595,0.111374334829,0.0878290970367,0.176713142893,0.103110759643,0.0499999968221,0.0999999171967,0.150000069279,0.2000000168,0.20000001684,0.150000069191,0.0999999171258,0.0499999967453
58,GR_FULL_B_r3,pilot_d1,D1,FULL,B,3,SUCCEED,SpinQuasarClient,1772882222,2026-03-07T12:17:02,2026-03-07T12:19:04,122,3,21,16,11,2,8,90.0000,2f9b4bc07785db7a436d9a6216ad827d53fac311,0.0950610914861,0.153903117369,0.118512084266,0.169064080439,0.138401169125,0.0779876842166,0.1696443338,0.0774264392973,0.0499999968221,0.0999999171967,0.150000069279,0.2000000168,0.20000001684,0.150000069191,0.0999999171258,0.0499999967453
59,GR_FULL_B_r4,pilot_d1,D1,FULL,B,4,SUCCEED,SpinQuasarClient,1772882349,2026-03-07T12:19:09,2026-03-07T12:21:10,121,3,21,16,11,2,8,90.0000,2f9b4bc07785db7a436d9a6216ad827d53fac311,0.11222137737,0.227439987603,0.0960899199501,0.126295579268,0.132158158547,0.0800633250609,0.15590086896,0.0698307832411,0.0499999968221,0.0999999171967,0.150000069279,0.2000000168,0.20000001684,0.150000069191,0.0999999171258,0.0499999967453
60,GR_FULL_B_r5,pilot_d1,D1,FULL,B,5,SUCCEED,SpinQuasarClient,1772882475,2026-03-07T12:21:15,2026-03-07T12:23:16,121,3,21,16,11,2,8,90.0000,2f9b4bc07785db7a436d9a6216ad827d53fac311,0.101834874546,0.214187680715,0.121320563692,0.119178397811,0.119421190839,0.110412589538,0.142971177964,0.0706735248951,0.0499999968221,0.0999999171967,0.150000069279,0.2000000168,0.20000001684,0.150000069191,0.0999999171258,0.0499999967453
61,RO_FULL_prep_000,characterisation_readout,,,,,SUCCEED,SpinQuasarClient,1772905956,2026-03-07T18:52:36,2026-03-07T18:54:24,108,3,2,2,2,0,0,0.0573,16842ddb23a5fa9d26841b0fbccc46a8c770326e,0.916245851048,0.0123477651653,0.00973669086272,0.00699646844446,0.0132226170884,0.0101951987632,0.0175238792458,0.0137315293821,1,0,0,0,0,0,0,0
62,RO_FULL_prep_001,characterisation_readout,,,,,SUCCEED,SpinQuasarClient,1772906069,2026-03-07T18:54:29,2026-03-07T18:56:27,118,3,3,2,2,1,0,0.0573,d082ff374006f506d4b06a787f6aa67eb80ab4a9,0.0160355583429,0.876447957829,0.00724476374916,0.0441647009914,0.0185640805398,0.0122739860254,0.0132497456729,0.0120192068495,0,1,0,0,0,0,0,0
63,X_q0,characterisation_readout,,,,,SUCCEED,SpinQuasarClient,1772906450,2026-03-07T19:00:50,2026-03-07T19:02:38,108,3,1,1,0,1,0,,7f3fdd48c83bb8e75675a9fa0df27e6d69d4d655,0.00365542954909,0.00349655282315,0.0274374495758,0.0140437241906,0.919627455434,0.00935576376168,0.00340822870081,0.0189753959651,0,0,0,0,1,0,0,0
64,X_q1,characterisation_readout,,,,,SUCCEED,SpinQuasarClient,1772906563,2026-03-07T19:02:43,2026-03-07T19:04:43,120,3,1,1,0,1,0,,1c27d49031ccb1eb9c901294aa729090c2bcfa38,0.0146552458087,0.0408603743882,0.885917873206,0.00707094842761,0.00578061466573,0.0178551790333,0.00201440602044,0.0258453584504,0,0,1,0,0,0,0,0
65,X_q2,characterisation_readout,,,,,SUCCEED,SpinQuasarClient,1772906688,2026-03-07T19:04:48,2026-03-07T19:06:46,118,3,1,1,0,1,0,,95cec2c1c8697f3370b7ac7d5c46240cbfc8b94c,0.0259604664784,0.833031954135,0.0318448650848,0.0639016065304,0.0097894142856,0.0207064112874,0.00549400766453,0.00927127453382,0,1,0,0,0,0,0,0
66,X_q0,characterisation_readout,,,,,SUCCEED,SpinQuasarClient,1772906990,2026-03-07T19:09:50,2026-03-07T19:11:40,110,3,1,1,0,1,0,,7f3fdd48c83bb8e75675a9fa0df27e6d69d4d655,0.00433028343184,0.00176178245592,0.020502924999,0.0373042633377,0.918729007008,0.00398725432229,0.00587826714828,0.00750621729748,0,0,0,0,1,0,0,0
67,X_q1,characterisation_readout,,,,,SUCCEED,SpinQuasarClient,1772907104,2026-03-07T19:11:44,2026-03-07T19:13:41,117,3,1,1,0,1,0,,1c27d49031ccb1eb9c901294aa729090c2bcfa38,0.0203160889313,0.0324509909841,0.88996985496,0.00888425028347,0.00427205696753,0.017562196176,0.00291656183928,0.0236279998587,0,0,1,0,0,0,0,0
68,X_q2,characterisation_readout,,,,,SUCCEED,SpinQuasarClient,1772907225,2026-03-07T19:13:45,2026-03-07T19:15:43,118,3,1,1,0,1,0,,95cec2c1c8697f3370b7ac7d5c46240cbfc8b94c,0.0228448550417,0.862710750138,0.0173286765907,0.0500576858107,0.0123471033175,0.0175073964483,0.00668244531338,0.0105210873402,0,1,0,0,0,0,0,0
69,X_q0,characterisation_readout,,,,,SUCCEED,SpinQuasarClient,1772907633,2026-03-07T19:20:33,2026-03-07T19:22:23,110,3,1,1,0,1,0,,7f3fdd48c83bb8e75675a9fa0df27e6d69d4d655,0.00201118441224,0.0108618550139,0.0226918274589,0.00216114714361,0.933522840061,0.00251151793971,0.00228586685741,0.0239537611132,0,0,0,0,1,0,0,0
70,X_q1,characterisation_readout,,,,,SUCCEED,SpinQuasarClient,1772907747,2026-03-07T19:22:27,2026-03-07T19:24:26,119,3,1,1,0,1,0,,1c27d49031ccb1eb9c901294aa729090c2bcfa38,0.017919390336,0.0376601563364,0.876690401976,0.00947276881164,0.0137234667864,0.0125270974418,0.0125340871676,0.0194726311444,0,0,1,0,0,0,0,0
71,X_q2,characterisation_readout,,,,,SUCCEED,SpinQuasarClient,1772907871,2026-03-07T19:24:31,2026-03-07T19:26:27,116,3,1,1,0,1,0,,95cec2c1c8697f3370b7ac7d5c46240cbfc8b94c,0.0235040814093,0.834586657522,0.0215040291315,0.0501421342024,0.0131430574526,0.0287750988642,0.0171568320677,0.0111881093501,0,1,0,0,0,0,0,0
72,RO_FULL_prep_000,characterisation_readout,,,,,SUCCEED,SpinQuasarClient,1772907998,2026-03-07T19:26:38,2026-03-07T19:28:29,111,3,2,2,2,0,0,0.0573,16842ddb23a5fa9d26841b0fbccc46a8c770326e,0.881357935126,0.0525029281905,0.00729272247321,0.00520397985085,0.013089304972,0.00513159011008,0.00603416770877,0.0293873715684,1,0,0,0,0,0,0,0
73,RO_FULL_prep_001,characterisation_readout,,,,,SUCCEED,SpinQuasarClient,1772908114,2026-03-07T19:28:34,2026-03-07T19:30:33,119,3,3,2,2,1,0,0.0573,d082ff374006f506d4b06a787f6aa67eb80ab4a9,0.00589749631654,0.908225491041,0.00202764608724,0.0189510228782,0.0200473065045,0.00724401860688,0.0177252848614,0.0198817337046,0,1,0,0,0,0,0,0
74,RO_FULL_prep_010,characterisation_readout,,,,,SUCCEED,SpinQuasarClient,1772908238,2026-03-07T19:30:38,2026-03-07T19:32:39,121,3,3,2,2,1,0,0.0573,3974a7694365c2ce5dc39b392f9e22e9dded8179,0.0012068900296,0.0229693748798,0.919826071888,0.00579749218817,0.0194460074798,0.00245201538877,0.0116495727825,0.0166525753631,0,0,1,0,0,0,0,0
75,RO_FULL_prep_011,characterisation_readout,,,,,SUCCEED,SpinQuasarClient,1772908364,2026-03-07T19:32:44,2026-03-07T19:34:45,121,3,4,2,2,2,0,0.0573,cbcf120af6ab665c68f254488eca44942ee28454,0.0316389099118,0.0235401064219,0.00524500314122,0.867808088968,0.0212990003337,0.0125770894119,0.02560065018,0.0122911516312,0,0,0,1,0,0,0,0
76,RO_FULL_prep_100,characterisation_readout,,,,,SUCCEED,SpinQuasarClient,1772908490,2026-03-07T19:34:50,2026-03-07T19:36:47,117,3,3,3,2,1,0,,21c619c8c4bde32e9485920dfd4c395ac6db3758,0.0124603805089,0.0126989469274,0.0237168516468,0.0320033032411,0.855439404997,0.0267434109625,0.0157693240333,0.021168377683,0,0,0,0,1,0,0,0
77,RO_FULL_prep_101,characterisation_readout,,,,,SUCCEED,SpinQuasarClient,1772908612,2026-03-07T19:36:52,2026-03-07T19:38:48,116,3,4,3,2,2,0,,ab945216e7edf0a3e347bd03c974dfaabeeeb880,0.0191465018895,0.0307310516402,0.0370402227999,0.0211223334657,0.0171920858429,0.815481226393,0.0308881434335,0.0283984345355,0,0,0,0,0,1,0,0
78,RO_FULL_prep_110,characterisation_readout,,,,,SUCCEED,SpinQuasarClient,1772908733,2026-03-07T19:38:53,2026-03-07T19:40:51,118,3,4,3,2,2,0,,e8b6fb4c2162642982ff7ef95c7e870c0f0a46e6,0.035182633089,0.0429720081137,0.0358256839797,0.0180518657125,0.0241898798466,0.0659475954873,0.767332411726,0.0104979220455,0,0,0,0,0,0,1,0
79,RO_FULL_prep_111,characterisation_readout,,,,,SUCCEED,SpinQuasarClient,1772908856,2026-03-07T19:40:56,2026-03-07T19:42:51,115,3,5,3,2,3,0,,e3174b6a08b64bda523674896f54360d8c569f7c,0.028925711541,0.0648590232274,0.00951367600422,0.0048106056685,0.0220656011401,0.00589197465114,0.00324847675742,0.86068493101,0,0,0,0,0,0,0,1
80,GR_L0_B_r1,pilot_d1,D1,L0,B,1,SUCCEED,SpinQuasarClient,1772908975,2026-03-07T19:42:55,2026-03-07T19:44:54,119,3,3,3,3,0,0,90.0000,17d3d1b2756f221dec4ead05b9536d2f1ba59863,0.381908834565,0.0265493771296,0.0526793833764,0.0497045159546,0.405896758241,0.0264583047103,0.0282276310459,0.0285751949772,0.500000000097,0,0,0,0.499999999903,0,0,0
81,GR_L0_B_r2,pilot_d1,D1,L0,B,2,SUCCEED,SpinQuasarClient,1772909098,2026-03-07T19:44:58,2026-03-07T19:46:57,119,3,3,3,3,0,0,90.0000,17d3d1b2756f221dec4ead05b9536d2f1ba59863,0.40817372828,0.0196998934796,0.0478263560211,0.0366975637416,0.411674199778,0.0206962387425,0.0258387016928,0.0293933182638,0.500000000097,0,0,0,0.499999999903,0,0,0
82,GR_L0_B_r3,pilot_d1,D1,L0,B,3,SUCCEED,SpinQuasarClient,1772909222,2026-03-07T19:47:02,2026-03-07T19:49:00,118,3,3,3,3,0,0,90.0000,17d3d1b2756f221dec4ead05b9536d2f1ba59863,0.380720125581,0.00664115519503,0.0627032223331,0.0430318151865,0.451345578977,0.0081727915226,0.0230973496924,0.0242879615118,0.500000000097,0,0,0,0.499999999903,0,0,0
83,GR_L0_B_r4,pilot_d1,D1,L0,B,4,SUCCEED,SpinQuasarClient,1772909345,2026-03-07T19:49:05,2026-03-07T19:51:03,118,3,3,3,3,0,0,90.0000,17d3d1b2756f221dec4ead05b9536d2f1ba59863,0.420822591052,0.0148413239485,0.0422601647916,0.0235579659032,0.42386111663,0.0427838066432,0.0177836508945,0.0140893801372,0.500000000097,0,0,0,0.499999999903,0,0,0
84,GR_L0_B_r5,pilot_d1,D1,L0,B,5,SUCCEED,SpinQuasarClient,1772909468,2026-03-07T19:51:08,2026-03-07T19:53:06,118,3,3,3,3,0,0,90.0000,17d3d1b2756f221dec4ead05b9536d2f1ba59863,0.348640322275,0.0181563406854,0.0592131617609,0.0490128261949,0.439317676314,0.0431395476421,0.021565516654,0.0209546084732,0.500000000097,0,0,0,0.499999999903,0,0,0
85,GR_L01_B_r1,pilot_d1,D1,L01,B,1,SUCCEED,SpinQuasarClient,1772909590,2026-03-07T19:53:10,2026-03-07T19:55:11,121,3,13,11,7,2,4,90.0000,de049314b165932dd00c1b1be1690c14dfafcb65,0.124869999978,0.0510323610629,0.243282473007,0.0374027116415,0.337082460822,0.0425712192457,0.115679620739,0.0480791535026,0.149999914019,0,0.350000086079,0,0.350000086032,0,0.149999913871,0
86,GR_L01_B_r2,pilot_d1,D1,L01,B,2,SUCCEED,SpinQuasarClient,1772909715,2026-03-07T19:55:15,2026-03-07T19:57:14,119,3,13,11,7,2,4,90.0000,de049314b165932dd00c1b1be1690c14dfafcb65,0.0998288789341,0.0644328560037,0.233004478511,0.0393534600851,0.319715299444,0.0535275058542,0.145193540702,0.0449439804661,0.149999914019,0,0.350000086079,0,0.350000086032,0,0.149999913871,0
87,GR_L01_B_r3,pilot_d1,D1,L01,B,3,SUCCEED,SpinQuasarClient,1772909838,2026-03-07T19:57:18,2026-03-07T19:59:29,131,3,13,11,7,2,4,90.0000,de049314b165932dd00c1b1be1690c14dfafcb65,0.115275624032,0.0478383860343,0.225161718942,0.0433540734754,0.332836778228,0.048994471211,0.125425907169,0.0611130409083,0.149999914019,0,0.350000086079,0,0.350000086032,0,0.149999913871,0
88,GR_L01_B_r4,pilot_d1,D1,L01,B,4,SUCCEED,SpinQuasarClient,1772909973,2026-03-07T19:59:33,2026-03-07T20:01:35,122,3,13,11,7,2,4,90.0000,de049314b165932dd00c1b1be1690c14dfafcb65,0.13547387588,0.0462797168091,0.270537939702,0.0395456601034,0.318475973183,0.0353366398267,0.115730486201,0.0386197082948,0.149999914019,0,0.350000086079,0,0.350000086032,0,0.149999913871,0
89,GR_L01_B_r5,pilot_d1,D1,L01,B,5,SUCCEED,SpinQuasarClient,1772910099,2026-03-07T20:01:39,2026-03-07T20:03:41,122,3,13,11,7,2,4,90.0000,de049314b165932dd00c1b1be1690c14dfafcb65,0.118490038096,0.036050458142,0.272998488786,0.0268308331569,0.308343215911,0.0488491863727,0.110845065585,0.0775927139496,0.149999914019,0,0.350000086079,0,0.350000086032,0,0.149999913871,0
90,GR_FULL_B_r1,pilot_d1,D1,FULL,B,1,SUCCEED,SpinQuasarClient,1772910226,2026-03-07T20:03:46,2026-03-07T20:05:48,122,3,21,16,11,2,8,90.0000,2f9b4bc07785db7a436d9a6216ad827d53fac311,0.0710745342753,0.219221993484,0.189074276029,0.11724991964,0.0643868811738,0.0964727166588,0.17898049607,0.0635391826689,0.0499999968221,0.0999999171967,0.150000069279,0.2000000168,0.20000001684,0.150000069191,0.0999999171258,0.0499999967453
91,GR_FULL_B_r2,pilot_d1,D1,FULL,B,2,SUCCEED,SpinQuasarClient,1772910352,2026-03-07T20:05:52,2026-03-07T20:07:54,122,3,21,16,11,2,8,90.0000,2f9b4bc07785db7a436d9a6216ad827d53fac311,0.10055743023,0.167310090682,0.154640742222,0.125869688849,0.0950350877333,0.126310808576,0.144882252977,0.08539389873,0.0499999968221,0.0999999171967,0.150000069279,0.2000000168,0.20000001684,0.150000069191,0.0999999171258,0.0499999967453
92,GR_FULL_B_r3,pilot_d1,D1,FULL,B,3,SUCCEED,SpinQuasarClient,1772910479,2026-03-07T20:07:59,2026-03-07T20:10:00,121,3,21,16,11,2,8,90.0000,2f9b4bc07785db7a436d9a6216ad827d53fac311,0.0812321854355,0.192598647956,0.137814733813,0.131094920207,0.0940657136548,0.108230283483,0.192828316202,0.0621351992488,0.0499999968221,0.0999999171967,0.150000069279,0.2000000168,0.20000001684,0.150000069191,0.0999999171258,0.0499999967453
93,GR_FULL_B_r4,pilot_d1,D1,FULL,B,4,SUCCEED,SpinQuasarClient,1772910604,2026-03-07T20:10:04,2026-03-07T20:12:06,122,3,21,16,11,2,8,90.0000,2f9b4bc07785db7a436d9a6216ad827d53fac311,0.0896175482376,0.225054403414,0.172715283826,0.0784949460201,0.0741708570614,0.073998039617,0.16988181594,0.116067105885,0.0499999968221,0.0999999171967,0.150000069279,0.2000000168,0.20000001684,0.150000069191,0.0999999171258,0.0499999967453
94,GR_FULL_B_r5,pilot_d1,D1,FULL,B,5,SUCCEED,SpinQuasarClient,1772910731,2026-03-07T20:12:11,2026-03-07T20:14:12,121,3,21,16,11,2,8,90.0000,2f9b4bc07785db7a436d9a6216ad827d53fac311,0.107082804297,0.197967867254,0.187471747297,0.0963786376185,0.0613031104903,0.0977763228801,0.129857978362,0.1221615318,0.0499999968221,0.0999999171967,0.150000069279,0.2000000168,0.20000001684,0.150000069191,0.0999999171258,0.0499999967453
95,GR_L0_B_r1,pilot_d1,D1,L0,B,1,SUCCEED,SpinQuasarClient,1772915684,2026-03-07T21:34:44,2026-03-07T21:36:31,107,3,3,3,3,0,0,90.0000,17d3d1b2756f221dec4ead05b9536d2f1ba59863,0.485581481465,0.0125557684341,0.0320538538066,0.0145609606004,0.371829212715,0.0203598700876,0.0270472193632,0.0360116335281,0.500000000097,0,0,0,0.499999999903,0,0,0
96,GR_L0_B_r2,pilot_d1,D1,L0,B,2,SUCCEED,SpinQuasarClient,1772915796,2026-03-07T21:36:36,2026-03-07T21:38:34,118,3,3,3,3,0,0,90.0000,17d3d1b2756f221dec4ead05b9536d2f1ba59863,0.391895743943,0.00951085719536,0.0398062566826,0.0419726360264,0.444967242202,0.0343775524302,0.00996647986436,0.027503231656,0.500000000097,0,0,0,0.499999999903,0,0,0
97,GR_L0_B_r3,pilot_d1,D1,L0,B,3,SUCCEED,SpinQuasarClient,1772915919,2026-03-07T21:38:39,2026-03-07T21:40:39,120,3,3,3,3,0,0,90.0000,17d3d1b2756f221dec4ead05b9536d2f1ba59863,0.363407853613,0.0116071389568,0.0771277559173,0.0473893302276,0.439470826983,0.0103442357776,0.0176886433431,0.0329642151808,0.500000000097,0,0,0,0.499999999903,0,0,0
98,GR_L0_B_r4,pilot_d1,D1,L0,B,4,SUCCEED,SpinQuasarClient,1772916044,2026-03-07T21:40:44,2026-03-07T21:42:40,116,3,3,3,3,0,0,90.0000,17d3d1b2756f221dec4ead05b9536d2f1ba59863,0.3891932644,0.017929215919,0.0614158329002,0.0381845623181,0.405656915015,0.0245895547761,0.0195303935436,0.0435002611287,0.500000000097,0,0,0,0.499999999903,0,0,0
99,GR_L0_B_r5,pilot_d1,D1,L0,B,5,SUCCEED,SpinQuasarClient,1772916165,2026-03-07T21:42:45,2026-03-07T21:44:45,120,3,3,3,3,0,0,90.0000,17d3d1b2756f221dec4ead05b9536d2f1ba59863,0.412497118923,0.0107157981911,0.0706580410049,0.0399105947739,0.39669951204,0.00719834178151,0.0209572596435,0.0413633336419,0.500000000097,0,0,0,0.499999999903,0,0,0
100,GR_L01_B_r1,pilot_d1,D1,L01,B,1,SUCCEED,SpinQuasarClient,1772916289,2026-03-07T21:44:49,2026-03-07T21:46:49,120,3,13,11,7,2,4,90.0000,de049314b165932dd00c1b1be1690c14dfafcb65,0.163371626825,0.0385932214084,0.237427404755,0.051636272621,0.332526957041,0.0203225608112,0.100462136149,0.0556598203893,0.149999914019,0,0.350000086079,0,0.350000086032,0,0.149999913871,0
101,GR_L01_B_r2,pilot_d1,D1,L01,B,2,SUCCEED,SpinQuasarClient,1772916413,2026-03-07T21:46:53,2026-03-07T21:48:53,120,3,13,11,7,2,4,90.0000,de049314b165932dd00c1b1be1690c14dfafcb65,0.144992164991,0.0473377541587,0.229771220162,0.0586082732158,0.331689419734,0.0282638387577,0.106776350285,0.0525609786961,0.149999914019,0,0.350000086079,0,0.350000086032,0,0.149999913871,0
102,GR_L01_B_r3,pilot_d1,D1,L01,B,3,SUCCEED,SpinQuasarClient,1772916537,2026-03-07T21:48:57,2026-03-07T21:50:59,122,3,13,11,7,2,4,90.0000,de049314b165932dd00c1b1be1690c14dfafcb65,0.138424446885,0.0414201659386,0.258437018512,0.0285998274807,0.331637536266,0.0359626537173,0.126005082322,0.0395132688778,0.149999914019,0,0.350000086079,0,0.350000086032,0,0.149999913871,0
103,GR_L01_B_r4,pilot_d1,D1,L01,B,4,SUCCEED,SpinQuasarClient,1772916663,2026-03-07T21:51:03,2026-03-07T21:53:02,119,3,13,11,7,2,4,90.0000,de049314b165932dd00c1b1be1690c14dfafcb65,0.155732915196,0.0155533958299,0.254294642667,0.0334793689983,0.300368062599,0.0556558117452,0.111525467113,0.073390335851,0.149999914019,0,0.350000086079,0,0.350000086032,0,0.149999913871,0
104,GR_L01_B_r5,pilot_d1,D1,L01,B,5,SUCCEED,SpinQuasarClient,1772916788,2026-03-07T21:53:08,2026-03-07T21:55:06,118,3,13,11,7,2,4,90.0000,de049314b165932dd00c1b1be1690c14dfafcb65,0.134271709239,0.0338001003829,0.244273297217,0.0607372548505,0.336393561989,0.0225939473468,0.121448418029,0.0464817109461,0.149999914019,0,0.350000086079,0,0.350000086032,0,0.149999913871,0
105,GR_FULL_B_r1,pilot_d1,D1,FULL,B,1,SUCCEED,SpinQuasarClient,1772916911,2026-03-07T21:55:11,2026-03-07T21:57:12,121,3,21,16,11,2,8,90.0000,2f9b4bc07785db7a436d9a6216ad827d53fac311,0.101482712677,0.216192560019,0.153177864862,0.0993141966827,0.0746058706091,0.0712677690175,0.154796407087,0.129162619047,0.0499999968221,0.0999999171967,0.150000069279,0.2000000168,0.20000001684,0.150000069191,0.0999999171258,0.0499999967453
106,GR_FULL_B_r2,pilot_d1,D1,FULL,B,2,SUCCEED,SpinQuasarClient,1772917037,2026-03-07T21:57:17,2026-03-07T21:59:18,121,3,21,16,11,2,8,90.0000,2f9b4bc07785db7a436d9a6216ad827d53fac311,0.0773168750703,0.199211507986,0.149891821566,0.143335907924,0.126637180698,0.0620416830127,0.151480335737,0.090084688006,0.0499999968221,0.0999999171967,0.150000069279,0.2000000168,0.20000001684,0.150000069191,0.0999999171258,0.0499999967453
107,GR_FULL_B_r3,pilot_d1,D1,FULL,B,3,SUCCEED,SpinQuasarClient,1772917163,2026-03-07T21:59:23,2026-03-07T22:01:25,122,3,21,16,11,2,8,90.0000,2f9b4bc07785db7a436d9a6216ad827d53fac311,0.129711704924,0.146222700494,0.119051233945,0.138846461611,0.115654703764,0.116835912255,0.137916757135,0.0957605258719,0.0499999968221,0.0999999171967,0.150000069279,0.2000000168,0.20000001684,0.150000069191,0.0999999171258,0.0499999967453
108,GR_FULL_B_r4,pilot_d1,D1,FULL,B,4,SUCCEED,SpinQuasarClient,1772917289,2026-03-07T22:01:29,2026-03-07T22:03:31,122,3,21,16,11,2,8,90.0000,2f9b4bc07785db7a436d9a6216ad827d53fac311,0.107887186664,0.183098899643,0.125607577307,0.128828800432,0.0807210007485,0.118729409458,0.196068018579,0.0590591071694,0.0499999968221,0.0999999171967,0.150000069279,0.2000000168,0.20000001684,0.150000069191,0.0999999171258,0.0499999967453
109,GR_FULL_B_r5,pilot_d1,D1,FULL,B,5,SUCCEED,SpinQuasarClient,1772917415,2026-03-07T22:03:35,2026-03-07T22:05:37,122,3,21,16,11,2,8,90.0000,2f9b4bc07785db7a436d9a6216ad827d53fac311,0.112576947519,0.212952724615,0.143879606187,0.125788557873,0.06343411693,0.121073999637,0.165585249696,0.0547087975441,0.0499999968221,0.0999999171967,0.150000069279,0.2000000168,0.20000001684,0.150000069191,0.0999999171258,0.0499999967453
110,RO_FULL_prep_000,characterisation_readout,,,,,SUCCEED,SpinQuasarClient,1772918212,2026-03-07T22:16:52,2026-03-07T22:18:38,106,3,2,2,2,0,0,0.0573,16842ddb23a5fa9d26841b0fbccc46a8c770326e,0.879512450857,0.0172402220801,0.00770519610975,0.0239393686782,0.0111522648251,0.0131032018775,0.0377512330345,0.00959606253815,1,0,0,0,0,0,0,0
111,RO_FULL_prep_001,characterisation_readout,,,,,SUCCEED,SpinQuasarClient,1772918323,2026-03-07T22:18:43,2026-03-07T22:20:39,116,3,3,2,2,1,0,0.0573,d082ff374006f506d4b06a787f6aa67eb80ab4a9,0.0203973669209,0.876710434952,0.00612161573211,0.041118692229,0.0185413331146,0.00981474075043,0.0118017272307,0.0154940890702,0,1,0,0,0,0,0,0
112,RO_FULL_prep_010,characterisation_readout,,,,,SUCCEED,SpinQuasarClient,1772918444,2026-03-07T22:20:44,2026-03-07T22:22:44,120,3,3,2,2,1,0,0.0573,3974a7694365c2ce5dc39b392f9e22e9dded8179,0.0013171450761,0.0250304267651,0.91669302994,0.0121758095613,0.00751945744404,0.0167247782935,0.0090366054806,0.0115027474395,0,0,1,0,0,0,0,0
113,RO_FULL_prep_011,characterisation_readout,,,,,SUCCEED,SpinQuasarClient,1772918568,2026-03-07T22:22:48,2026-03-07T22:24:47,119,3,4,2,2,2,0,0.0573,cbcf120af6ab665c68f254488eca44942ee28454,0.041795502297,0.027472494323,0.00664580231718,0.858206028943,0.0155949536971,0.0141376168479,0.0181258129622,0.0180217886126,0,0,0,1,0,0,0,0
114,RO_FULL_prep_100,characterisation_readout,,,,,SUCCEED,SpinQuasarClient,1772918691,2026-03-07T22:24:51,2026-03-07T22:26:50,119,3,3,3,2,1,0,,21c619c8c4bde32e9485920dfd4c395ac6db3758,0.00955290633415,0.0157667169367,0.0261694052207,0.0455426074333,0.83267572416,0.0299600059437,0.0215482880407,0.018784345931,0,0,0,0,1,0,0,0
115,RO_FULL_prep_101,characterisation_readout,,,,,SUCCEED,SpinQuasarClient,1772918814,2026-03-07T22:26:54,2026-03-07T22:28:53,119,3,4,3,2,2,0,,ab945216e7edf0a3e347bd03c974dfaabeeeb880,0.0307629464696,0.0342963705851,0.0415832960298,0.027956717692,0.0323391427447,0.772255713968,0.0381089564612,0.0226968560498,0,0,0,0,0,1,0,0
116,RO_FULL_prep_110,characterisation_readout,,,,,SUCCEED,SpinQuasarClient,1772918937,2026-03-07T22:28:57,2026-03-07T22:30:56,119,3,4,3,2,2,0,,e8b6fb4c2162642982ff7ef95c7e870c0f0a46e6,0.0224010065871,0.0669776846794,0.0338599668987,0.00761446617233,0.035703772425,0.0654307244202,0.732333484357,0.0356788944601,0,0,0,0,0,0,1,0
117,RO_FULL_prep_111,characterisation_readout,,,,,SUCCEED,SpinQuasarClient,1772919061,2026-03-07T22:31:01,2026-03-07T22:33:00,119,3,5,3,2,3,0,,e3174b6a08b64bda523674896f54360d8c569f7c,0.0304315297418,0.0401326534646,0.00890008668689,0.0165821134489,0.0128463319713,0.0257297730147,0.00825149504209,0.85712601663,0,0,0,0,0,0,0,1
118,RO_FULL_prep_000,characterisation_readout,,,,,SUCCEED,SpinQuasarClient,1772922669,2026-03-07T23:31:09,2026-03-07T23:32:57,108,3,2,2,2,0,0,0.0573,16842ddb23a5fa9d26841b0fbccc46a8c770326e,0.912483855047,0.0112542933363,0.0074555625346,0.0128564805859,0.0141250870185,0.00572496792841,0.0270953311466,0.00900442240228,1,0,0,0,0,0,0,0
119,RO_FULL_prep_001,characterisation_readout,,,,,SUCCEED,SpinQuasarClient,1772922781,2026-03-07T23:33:01,2026-03-07T23:34:58,117,3,3,2,2,1,0,0.0573,d082ff374006f506d4b06a787f6aa67eb80ab4a9,0.0110444185918,0.903331270054,0.00399024148614,0.0250271249748,0.0148014926658,0.00835306934008,0.00909023234879,0.0243621505384,0,1,0,0,0,0,0,0
120,RO_FULL_prep_010,characterisation_readout,,,,,SUCCEED,SpinQuasarClient,1772922902,2026-03-07T23:35:02,2026-03-07T23:36:59,117,3,3,2,2,1,0,0.0573,3974a7694365c2ce5dc39b392f9e22e9dded8179,0.0114468263015,0.0313644822286,0.890779018066,0.010978923819,0.00790340491486,0.0206985857757,0.00953587134188,0.0172928875525,0,0,1,0,0,0,0,0
121,RO_FULL_prep_011,characterisation_readout,,,,,SUCCEED,SpinQuasarClient,1772923023,2026-03-07T23:37:03,2026-03-07T23:39:02,119,3,4,2,2,2,0,0.0573,cbcf120af6ab665c68f254488eca44942ee28454,0.014482842039,0.0210933144467,0.00529193177633,0.917764585489,0.00767259117877,0.00546571779921,0.0086036618492,0.019625355422,0,0,0,1,0,0,0,0
122,RO_FULL_prep_100,characterisation_readout,,,,,SUCCEED,SpinQuasarClient,1772923146,2026-03-07T23:39:06,2026-03-07T23:41:05,119,3,3,3,2,1,0,,21c619c8c4bde32e9485920dfd4c395ac6db3758,0.011832762199,0.0200586641694,0.0226691799496,0.034967862976,0.842868524851,0.021663491484,0.0164864733971,0.029453040974,0,0,0,0,1,0,0,0
123,RO_FULL_prep_101,characterisation_readout,,,,,SUCCEED,SpinQuasarClient,1772923270,2026-03-07T23:41:10,2026-03-07T23:43:07,117,3,4,3,2,2,0,,ab945216e7edf0a3e347bd03c974dfaabeeeb880,0.0214044419244,0.0197245988095,0.0246137440795,0.0296284326694,0.0265640119621,0.824632984427,0.0322346837807,0.021197102347,0,0,0,0,0,1,0,0
124,RO_FULL_prep_110,characterisation_readout,,,,,SUCCEED,SpinQuasarClient,1772923392,2026-03-07T23:43:12,2026-03-07T23:45:10,118,3,4,3,2,2,0,,e8b6fb4c2162642982ff7ef95c7e870c0f0a46e6,0.0225607941312,0.0708927890749,0.0257749358357,0.014941928298,0.0254186461402,0.0628063439525,0.76604412326,0.011560439308,0,0,0,0,0,0,1,0
125,RO_FULL_prep_111,characterisation_readout,,,,,SUCCEED,SpinQuasarClient,1772923514,2026-03-07T23:45:14,2026-03-07T23:47:11,117,3,5,3,2,3,0,,e3174b6a08b64bda523674896f54360d8c569f7c,0.0244156044812,0.0316760711243,0.00825092252511,0.0140925120716,0.00917695291422,0.014681361626,0.00796436213094,0.889742213127,0,0,0,0,0,0,0,1
126,GR_L0_B_r1,pilot_d1,D1,L0,B,1,SUCCEED,SpinQuasarClient,1772923635,2026-03-07T23:47:15,2026-03-07T23:49:14,119,3,3,3,3,0,0,90.0000,17d3d1b2756f221dec4ead05b9536d2f1ba59863,0.34015834954,0.0505638760359,0.0548733653373,0.0438555479048,0.393748862336,0.0705372306079,0.022961045635,0.0233017226025,0.500000000097,0,0,0,0.499999999903,0,0,0
127,GR_L0_B_r2,pilot_d1,D1,L0,B,2,SUCCEED,SpinQuasarClient,1772923758,2026-03-07T23:49:18,2026-03-07T23:51:15,117,3,3,3,3,0,0,90.0000,17d3d1b2756f221dec4ead05b9536d2f1ba59863,0.376129220656,0.0254309046432,0.0723756271582,0.0576504528377,0.381819565109,0.0350029266144,0.0289827640513,0.0226085389302,0.500000000097,0,0,0,0.499999999903,0,0,0
128,GR_L0_B_r3,pilot_d1,D1,L0,B,3,SUCCEED,SpinQuasarClient,1772923879,2026-03-07T23:51:19,2026-03-07T23:53:18,119,3,3,3,3,0,0,90.0000,17d3d1b2756f221dec4ead05b9536d2f1ba59863,0.371844747555,0.0201383723129,0.0618746741363,0.0426257818582,0.418828278053,0.0355630321243,0.0119192958772,0.0372058180828,0.500000000097,0,0,0,0.499999999903,0,0,0
129,GR_L0_B_r4,pilot_d1,D1,L0,B,4,SUCCEED,SpinQuasarClient,1772924003,2026-03-07T23:53:23,2026-03-07T23:55:22,119,3,3,3,3,0,0,90.0000,17d3d1b2756f221dec4ead05b9536d2f1ba59863,0.377615400882,0.0128936259311,0.0638644499766,0.0512178914403,0.405660660793,0.0444262598509,0.0152467180901,0.029074993036,0.500000000097,0,0,0,0.499999999903,0,0,0
130,GR_L0_B_r5,pilot_d1,D1,L0,B,5,SUCCEED,SpinQuasarClient,1772924127,2026-03-07T23:55:27,2026-03-07T23:57:25,118,3,3,3,3,0,0,90.0000,17d3d1b2756f221dec4ead05b9536d2f1ba59863,0.370207639084,0.0314672441841,0.0547960279389,0.0335062999085,0.435852623776,0.0364212112149,0.0225937651601,0.0151551887332,0.500000000097,0,0,0,0.499999999903,0,0,0
131,GR_L01_B_r1,pilot_d1,D1,L01,B,1,SUCCEED,SpinQuasarClient,1772924250,2026-03-07T23:57:30,2026-03-07T23:59:31,121,3,13,11,7,2,4,90.0000,de049314b165932dd00c1b1be1690c14dfafcb65,0.133370014435,0.0320809092617,0.234298778688,0.0707756410755,0.34656950437,0.0187191179215,0.126298418686,0.0378876155627,0.149999914019,0,0.350000086079,0,0.350000086032,0,0.149999913871,0
132,GR_L01_B_r2,pilot_d1,D1,L01,B,2,SUCCEED,SpinQuasarClient,1772924376,2026-03-07T23:59:36,2026-03-08T00:01:34,118,3,13,11,7,2,4,90.0000,de049314b165932dd00c1b1be1690c14dfafcb65,0.126486546013,0.0435113141676,0.165263051999,0.074159782323,0.361494867323,0.0311390901208,0.131458520631,0.0664868274223,0.149999914019,0,0.350000086079,0,0.350000086032,0,0.149999913871,0
133,GR_L01_B_r3,pilot_d1,D1,L01,B,3,SUCCEED,SpinQuasarClient,1772924499,2026-03-08T00:01:39,2026-03-08T00:03:39,120,3,13,11,7,2,4,90.0000,de049314b165932dd00c1b1be1690c14dfafcb65,0.150427739338,0.0353829168736,0.21191943627,0.0543951810157,0.345413232172,0.0211810832937,0.127291260097,0.05398915094,0.149999914019,0,0.350000086079,0,0.350000086032,0,0.149999913871,0
134,GR_L01_B_r4,pilot_d1,D1,L01,B,4,SUCCEED,SpinQuasarClient,1772924624,2026-03-08T00:03:44,2026-03-08T00:05:43,119,3,13,11,7,2,4,90.0000,de049314b165932dd00c1b1be1690c14dfafcb65,0.147960298963,0.0428424344419,0.253689094078,0.0285363089869,0.320592961133,0.0358871698336,0.129946323144,0.0405454094194,0.149999914019,0,0.350000086079,0,0.350000086032,0,0.149999913871,0
135,GR_L01_B_r5,pilot_d1,D1,L01,B,5,SUCCEED,SpinQuasarClient,1772924748,2026-03-08T00:05:48,2026-03-08T00:07:47,119,3,13,11,7,2,4,90.0000,de049314b165932dd00c1b1be1690c14dfafcb65,0.125748194007,0.0673320849712,0.220655930847,0.0460150293582,0.31603957082,0.0318661910297,0.145142785868,0.0472002130988,0.149999914019,0,0.350000086079,0,0.350000086032,0,0.149999913871,0
136,GR_FULL_B_r1,pilot_d1,D1,FULL,B,1,SUCCEED,SpinQuasarClient,1772924871,2026-03-08T00:07:51,2026-03-08T00:09:53,122,3,21,16,11,2,8,90.0000,2f9b4bc07785db7a436d9a6216ad827d53fac311,0.0921773254988,0.140135672518,0.117552769667,0.171643470426,0.0877820222037,0.0843995504294,0.217895428144,0.0884137611132,0.0499999968221,0.0999999171967,0.150000069279,0.2000000168,0.20000001684,0.150000069191,0.0999999171258,0.0499999967453
137,GR_FULL_B_r2,pilot_d1,D1,FULL,B,2,SUCCEED,SpinQuasarClient,1772924998,2026-03-08T00:09:58,2026-03-08T00:11:59,121,3,21,16,11,2,8,90.0000,2f9b4bc07785db7a436d9a6216ad827d53fac311,0.0838767140571,0.21295754225,0.164788405298,0.0894309502852,0.121911537653,0.112891134952,0.145116731227,0.0690269842776,0.0499999968221,0.0999999171967,0.150000069279,0.2000000168,0.20000001684,0.150000069191,0.0999999171258,0.0499999967453
138,GR_FULL_B_r3,pilot_d1,D1,FULL,B,3,SUCCEED,SpinQuasarClient,1772925124,2026-03-08T00:12:04,2026-03-08T00:14:05,121,3,21,16,11,2,8,90.0000,2f9b4bc07785db7a436d9a6216ad827d53fac311,0.0861985493546,0.160735634649,0.183046207449,0.136182235568,0.0612444339381,0.105050947421,0.165536868769,0.102005122852,0.0499999968221,0.0999999171967,0.150000069279,0.2000000168,0.20000001684,0.150000069191,0.0999999171258,0.0499999967453
139,GR_FULL_B_r4,pilot_d1,D1,FULL,B,4,SUCCEED,SpinQuasarClient,1772925250,2026-03-08T00:14:10,2026-03-08T00:16:11,121,3,21,16,11,2,8,90.0000,2f9b4bc07785db7a436d9a6216ad827d53fac311,0.079266167161,0.172109982213,0.1035748628,0.144294133248,0.143560377818,0.0818320200739,0.18176643047,0.0935960262158,0.0499999968221,0.0999999171967,0.150000069279,0.2000000168,0.20000001684,0.150000069191,0.0999999171258,0.0499999967453
140,GR_FULL_B_r5,pilot_d1,D1,FULL,B,5,SUCCEED,SpinQuasarClient,1772925376,2026-03-08T00:16:16,2026-03-08T00:18:17,121,3,21,16,11,2,8,90.0000,2f9b4bc07785db7a436d9a6216ad827d53fac311,0.0841806088718,0.189122530209,0.142826347131,0.130554778799,0.105311261263,0.109568362858,0.171155755417,0.0672803554506,0.0499999968221,0.0999999171967,0.150000069279,0.2000000168,0.20000001684,0.150000069191,0.0999999171258,0.0499999967453
155,GR_example_n3_run1,pilot_gr,,,,,SUCCEED,SpinQuasarClient,1773921442,2026-03-19T12:57:22,2026-03-19T12:59:16,114,3,13,11,7,0,6,86.0775,19ef0c769d0ba1b7a58dd7bb66b09d5cf95fdd80,0.054414536905,0.0996814562736,0.151288487662,0.246921531493,0.103415780393,0.110405696029,0.2098377928,0.0240347184458,0.0344828588387,0.172413412128,0.103448236874,0.241379407103,0.0689656649548,0.206896757522,0.13793093038,0.0344827321998
156,GR_example_n3_run2,pilot_gr,,,,,SUCCEED,SpinQuasarClient,1773921558,2026-03-19T12:59:18,2026-03-19T13:01:22,124,3,13,11,7,0,6,86.0775,19ef0c769d0ba1b7a58dd7bb66b09d5cf95fdd80,0.0407368925468,0.098461489478,0.118876689071,0.147369600696,0.134264714388,0.113221013912,0.226074080796,0.120995519112,0.0344828588387,0.172413412128,0.103448236874,0.241379407103,0.0689656649548,0.206896757522,0.13793093038,0.0344827321998
157,GR_example_n3_run3,pilot_gr,,,,,SUCCEED,SpinQuasarClient,1773921685,2026-03-19T13:01:25,2026-03-19T13:03:28,123,3,13,11,7,0,6,86.0775,19ef0c769d0ba1b7a58dd7bb66b09d5cf95fdd80,0.0980896384564,0.108895130029,0.174254769604,0.189162054942,0.107224316954,0.0826805519073,0.150072619502,0.0896209186055,0.0344828588387,0.172413412128,0.103448236874,0.241379407103,0.0689656649548,0.206896757522,0.13793093038,0.0344827321998
158,GR_example_n3_run4,pilot_gr,,,,,SUCCEED,SpinQuasarClient,1773921811,2026-03-19T13:03:31,2026-03-19T13:05:35,124,3,13,11,7,0,6,86.0775,19ef0c769d0ba1b7a58dd7bb66b09d5cf95fdd80,0.089432779446,0.133351106653,0.153419249246,0.183777861706,0.122948417196,0.0756152800915,0.163990742204,0.0774645634577,0.0344828588387,0.172413412128,0.103448236874,0.241379407103,0.0689656649548,0.206896757522,0.13793093038,0.0344827321998
159,GR_example_n3_run5,pilot_gr,,,,,SUCCEED,SpinQuasarClient,1773921937,2026-03-19T13:05:37,2026-03-19T13:07:41,124,3,13,11,7,0,6,86.0775,19ef0c769d0ba1b7a58dd7bb66b09d5cf95fdd80,0.099613000058,0.121094809845,0.163309782333,0.186579486706,0.103408268263,0.0837677992383,0.162984568524,0.0792422850334,0.0344828588387,0.172413412128,0.103448236874,0.241379407103,0.0689656649548,0.206896757522,0.13793093038,0.0344827321998
160,GR_example_n3_run1,pilot_gr,,,,,SUCCEED,SpinQuasarClient,1773922340,2026-03-19T13:12:20,2026-03-19T13:14:11,111,3,13,11,7,0,6,86.0775,19ef0c769d0ba1b7a58dd7bb66b09d5cf95fdd80,0.0670189669391,0.0878062231577,0.136311723939,0.225600722337,0.107585825635,0.115290787813,0.16686661627,0.0935191339083,0.0344828588387,0.172413412128,0.103448236874,0.241379407103,0.0689656649548,0.206896757522,0.13793093038,0.0344827321998
161,GR_example_n3_run2,pilot_gr,,,,,SUCCEED,SpinQuasarClient,1773922453,2026-03-19T13:14:13,2026-03-19T13:16:17,124,3,13,11,7,0,6,86.0775,19ef0c769d0ba1b7a58dd7bb66b09d5cf95fdd80,0.0637247557728,0.109475352808,0.135631836563,0.234505556228,0.139356575829,0.067544352087,0.211050419892,0.0387111508196,0.0344828588387,0.172413412128,0.103448236874,0.241379407103,0.0689656649548,0.206896757522,0.13793093038,0.0344827321998
162,GR_example_n3_run3,pilot_gr,,,,,SUCCEED,SpinQuasarClient,1773922580,2026-03-19T13:16:20,2026-03-19T13:18:23,123,3,13,11,7,0,6,86.0775,19ef0c769d0ba1b7a58dd7bb66b09d5cf95fdd80,0.0410692691346,0.11217323869,0.105556506261,0.295200948555,0.0824280309615,0.158059034885,0.148765221476,0.0567477500365,0.0344828588387,0.172413412128,0.103448236874,0.241379407103,0.0689656649548,0.206896757522,0.13793093038,0.0344827321998
163,GR_example_n3_run4,pilot_gr,,,,,SUCCEED,SpinQuasarClient,1773922706,2026-03-19T13:18:26,2026-03-19T13:20:29,123,3,13,11,7,0,6,86.0775,19ef0c769d0ba1b7a58dd7bb66b09d5cf95fdd80,0.0511447931913,0.10477745977,0.15605105244,0.220582329894,0.140219968202,0.0980784065991,0.198516969604,0.0306290202989,0.0344828588387,0.172413412128,0.103448236874,0.241379407103,0.0689656649548,0.206896757522,0.13793093038,0.0344827321998
164,GR_example_n3_run5,pilot_gr,,,,,SUCCEED,SpinQuasarClient,1773922832,2026-03-19T13:20:32,2026-03-19T13:22:36,124,3,13,11,7,0,6,86.0775,19ef0c769d0ba1b7a58dd7bb66b09d5cf95fdd80,0.0559393014756,0.121884769448,0.121684927232,0.24072217385,0.0921227657349,0.101291706365,0.199742063844,0.0666122920491,0.0344828588387,0.172413412128,0.103448236874,0.241379407103,0.0689656649548,0.206896757522,0.13793093038,0.0344827321998
165,GR_example_n3_run1,pilot_gr,,,,,SUCCEED,SpinQuasarClient,1773923139,2026-03-19T13:25:39,2026-03-19T13:27:30,111,3,13,11,7,0,6,86.0775,19ef0c769d0ba1b7a58dd7bb66b09d5cf95fdd80,0.0708579156195,0.0802152079853,0.158354731015,0.220529540479,0.0958123644027,0.124347769342,0.204989420668,0.0448930504891,0.0344828588387,0.172413412128,0.103448236874,0.241379407103,0.0689656649548,0.206896757522,0.13793093038,0.0344827321998
166,GR_example_n3_run1,pilot_gr,,,,,SUCCEED,SpinQuasarClient,1773923466,2026-03-19T13:31:06,2026-03-19T13:32:54,108,3,13,11,7,0,6,86.0775,19ef0c769d0ba1b7a58dd7bb66b09d5cf95fdd80,0.0423399691698,0.0881860914506,0.153531851513,0.235209994131,0.118991469681,0.142637465432,0.170718165831,0.0483849927917,0.0344828588387,0.172413412128,0.103448236874,0.241379407103,0.0689656649548,0.206896757522,0.13793093038,0.0344827321998
167,GR_example_n3_run2,pilot_gr,,,,,SUCCEED,SpinQuasarClient,1773923577,2026-03-19T13:32:57,2026-03-19T13:35:00,123,3,13,11,7,0,6,86.0775,19ef0c769d0ba1b7a58dd7bb66b09d5cf95fdd80,0.0509648750902,0.0913054797811,0.107589959682,0.262472436593,0.113847252926,0.111553164469,0.201091744382,0.061175087077,0.0344828588387,0.172413412128,0.103448236874,0.241379407103,0.0689656649548,0.206896757522,0.13793093038,0.0344827321998
168,GR_example_n3_run3,pilot_gr,,,,,SUCCEED,SpinQuasarClient,1773923703,2026-03-19T13:35:03,2026-03-19T13:37:07,124,3,13,11,7,0,6,86.0775,19ef0c769d0ba1b7a58dd7bb66b09d5cf95fdd80,0.0515714946022,0.0982558822473,0.12034105696,0.243597862034,0.0983906429509,0.116750216646,0.201256878142,0.0698359664186,0.0344828588387,0.172413412128,0.103448236874,0.241379407103,0.0689656649548,0.206896757522,0.13793093038,0.0344827321998
169,GR_example_n3_run4,pilot_gr,,,,,SUCCEED,SpinQuasarClient,1773923829,2026-03-19T13:37:09,2026-03-19T13:39:13,124,3,13,11,7,0,6,86.0775,19ef0c769d0ba1b7a58dd7bb66b09d5cf95fdd80,0.0743735343281,0.0915333554734,0.117207603999,0.192968990788,0.109693210917,0.122232016015,0.154239853852,0.137751434627,0.0344828588387,0.172413412128,0.103448236874,0.241379407103,0.0689656649548,0.206896757522,0.13793093038,0.0344827321998
170,GR_example_n3_run5,pilot_gr,,,,,SUCCEED,SpinQuasarClient,1773923955,2026-03-19T13:39:15,2026-03-19T13:41:19,124,3,13,11,7,0,6,86.0775,19ef0c769d0ba1b7a58dd7bb66b09d5cf95fdd80,0.0619044969104,0.123708722323,0.104165380925,0.260266530838,0.103472797856,0.0893651051106,0.199582505591,0.057534460447,0.0344828588387,0.172413412128,0.103448236874,0.241379407103,0.0689656649548,0.206896757522,0.13793093038,0.0344827321998
171,GR_skewleft_n1_run1,pilot_gr,,,,,SUCCEED,SpinQuasarClient,1773924851,2026-03-19T13:54:11,2026-03-19T13:56:02,111,3,13,11,7,0,6,86.0775,19ef0c769d0ba1b7a58dd7bb66b09d5cf95fdd80,0.0444242895811,0.115920279262,0.145182140075,0.226253532585,0.118867337901,0.0984536387673,0.193468643374,0.0574301384547,0.0344828588387,0.172413412128,0.103448236874,0.241379407103,0.0689656649548,0.206896757522,0.13793093038,0.0344827321998
172,GR_skewleft_n1_run2,pilot_gr,,,,,SUCCEED,SpinQuasarClient,1773924964,2026-03-19T13:56:05,2026-03-19T13:58:08,123,3,13,11,7,0,6,86.0775,19ef0c769d0ba1b7a58dd7bb66b09d5cf95fdd80,0.065372929183,0.130549087331,0.116579668648,0.252378825104,0.118002282442,0.0714470751775,0.195202821891,0.0504673102243,0.0344828588387,0.172413412128,0.103448236874,0.241379407103,0.0689656649548,0.206896757522,0.13793093038,0.0344827321998
173,GR_skewleft_n1_run3,pilot_gr,,,,,SUCCEED,SpinQuasarClient,1773925091,2026-03-19T13:58:11,2026-03-19T14:00:14,123,3,13,11,7,0,6,86.0775,19ef0c769d0ba1b7a58dd7bb66b09d5cf95fdd80,0.0587768651326,0.109296021816,0.129535370016,0.241608103716,0.131908383465,0.114281448594,0.173195219048,0.041398588213,0.0344828588387,0.172413412128,0.103448236874,0.241379407103,0.0689656649548,0.206896757522,0.13793093038,0.0344827321998
174,GR_skewleft_n1_run4,pilot_gr,,,,,SUCCEED,SpinQuasarClient,1773925217,2026-03-19T14:00:17,2026-03-19T14:02:20,123,3,13,11,7,0,6,86.0775,19ef0c769d0ba1b7a58dd7bb66b09d5cf95fdd80,0.0636207088782,0.122001934135,0.125046014338,0.239032906087,0.0758698452612,0.125650533878,0.198152252364,0.0506258050586,0.0344828588387,0.172413412128,0.103448236874,0.241379407103,0.0689656649548,0.206896757522,0.13793093038,0.0344827321998
175,GR_skewleft_n1_run5,pilot_gr,,,,,SUCCEED,SpinQuasarClient,1773925342,2026-03-19T14:02:22,2026-03-19T14:04:26,124,3,13,11,7,0,6,86.0775,19ef0c769d0ba1b7a58dd7bb66b09d5cf95fdd80,0.068227134395,0.0913412326249,0.136171532179,0.257375533877,0.0987590156951,0.115324676705,0.187085278957,0.0457155955675,0.0344828588387,0.172413412128,0.103448236874,0.241379407103,0.0689656649548,0.206896757522,0.13793093038,0.0344827321998
176,GR_skewleft_n1_run6,pilot_gr,,,,,SUCCEED,SpinQuasarClient,1773925468,2026-03-19T14:04:29,2026-03-19T14:06:29,120,3,13,11,7,0,6,86.0775,19ef0c769d0ba1b7a58dd7bb66b09d5cf95fdd80,0.0594453215181,0.0650088609924,0.143705333282,0.24792921506,0.117425329946,0.131158811325,0.18845403555,0.0468730923257,0.0344828588387,0.172413412128,0.103448236874,0.241379407103,0.0689656649548,0.206896757522,0.13793093038,0.0344827321998
177,GR_skewleft_n1_run7,pilot_gr,,,,,SUCCEED,SpinQuasarClient,1773925592,2026-03-19T14:06:32,2026-03-19T14:08:36,124,3,13,11,7,0,6,86.0775,19ef0c769d0ba1b7a58dd7bb66b09d5cf95fdd80,0.0824396751103,0.11346975254,0.11243824881,0.222454111834,0.127697106516,0.0985747717649,0.192154363222,0.0507719702025,0.0344828588387,0.172413412128,0.103448236874,0.241379407103,0.0689656649548,0.206896757522,0.13793093038,0.0344827321998
178,GR_skewleft_n1_run8,pilot_gr,,,,,SUCCEED,SpinQuasarClient,1773925718,2026-03-19T14:08:38,2026-03-19T14:10:42,124,3,13,11,7,0,6,86.0775,19ef0c769d0ba1b7a58dd7bb66b09d5cf95fdd80,0.0791903334215,0.0967627167732,0.125888911625,0.233767964694,0.112647352057,0.131269324347,0.163478255141,0.0569951419411,0.0344828588387,0.172413412128,0.103448236874,0.241379407103,0.0689656649548,0.206896757522,0.13793093038,0.0344827321998
179,GR_skewleft_n1_run9,pilot_gr,,,,,SUCCEED,SpinQuasarClient,1773925844,2026-03-19T14:10:44,2026-03-19T14:12:45,121,3,13,11,7,0,6,86.0775,19ef0c769d0ba1b7a58dd7bb66b09d5cf95fdd80,0.0634414159544,0.108774601886,0.106604851128,0.243314511613,0.113684558736,0.100315812174,0.196100089545,0.0677641589632,0.0344828588387,0.172413412128,0.103448236874,0.241379407103,0.0689656649548,0.206896757522,0.13793093038,0.0344827321998
180,GR_skewleft_n1_run10,pilot_gr,,,,,SUCCEED,SpinQuasarClient,1773925968,2026-03-19T14:12:48,2026-03-19T14:14:51,123,3,13,11,7,0,6,86.0775,19ef0c769d0ba1b7a58dd7bb66b09d5cf95fdd80,0.049319841487,0.121632982161,0.106877491629,0.229587776832,0.108143990862,0.0922579507639,0.198253370484,0.0939265957807,0.0344828588387,0.172413412128,0.103448236874,0.241379407103,0.0689656649548,0.206896757522,0.13793093038,0.0344827321998
181,GR_skewleft_n1_run11,pilot_gr,,,,,SUCCEED,SpinQuasarClient,1773926094,2026-03-19T14:14:54,2026-03-19T14:16:57,123,3,13,11,7,0,6,86.0775,19ef0c769d0ba1b7a58dd7bb66b09d5cf95fdd80,0.0941293242164,0.119808980073,0.163960130851,0.180775563514,0.111454264019,0.0914320868943,0.139857863479,0.0985817869539,0.0344828588387,0.172413412128,0.103448236874,0.241379407103,0.0689656649548,0.206896757522,0.13793093038,0.0344827321998
182,GR_skewleft_n1_run12,pilot_gr,,,,,SUCCEED,SpinQuasarClient,1773926220,2026-03-19T14:17:00,2026-03-19T14:19:00,120,3,13,11,7,0,6,86.0775,19ef0c769d0ba1b7a58dd7bb66b09d5cf95fdd80,0.0544875606408,0.106495548473,0.153541187746,0.247380116493,0.113855456157,0.100529401317,0.163388557085,0.0603221720878,0.0344828588387,0.172413412128,0.103448236874,0.241379407103,0.0689656649548,0.206896757522,0.13793093038,0.0344827321998
183,GR_skewleft_n1_run13,pilot_gr,,,,,SUCCEED,SpinQuasarClient,1773926343,2026-03-19T14:19:03,2026-03-19T14:21:04,121,3,13,11,7,0,6,86.0775,19ef0c769d0ba1b7a58dd7bb66b09d5cf95fdd80,0.0649769961221,0.122479587517,0.121986053636,0.256507684049,0.0805543201472,0.103017849494,0.187334661427,0.0631428476076,0.0344828588387,0.172413412128,0.103448236874,0.241379407103,0.0689656649548,0.206896757522,0.13793093038,0.0344827321998
184,GR_skewleft_n1_run14,pilot_gr,,,,,SUCCEED,SpinQuasarClient,1773926467,2026-03-19T14:21:07,2026-03-19T14:23:10,123,3,13,11,7,0,6,86.0775,19ef0c769d0ba1b7a58dd7bb66b09d5cf95fdd80,0.0517574966651,0.123279502597,0.105996108952,0.296983765265,0.0940652675785,0.125716612167,0.153320035178,0.0488812115984,0.0344828588387,0.172413412128,0.103448236874,0.241379407103,0.0689656649548,0.206896757522,0.13793093038,0.0344827321998
185,GR_skewleft_n1_run15,pilot_gr,,,,,SUCCEED,SpinQuasarClient,1773926592,2026-03-19T14:23:12,2026-03-19T14:25:16,124,3,13,11,7,0,6,86.0775,19ef0c769d0ba1b7a58dd7bb66b09d5cf95fdd80,0.0676295662441,0.0905867577105,0.14077201857,0.243865166419,0.103168531441,0.124210093964,0.186482628718,0.0432852369335,0.0344828588387,0.172413412128,0.103448236874,0.241379407103,0.0689656649548,0.206896757522,0.13793093038,0.0344827321998
186,GR_skewleft_n1_run16,pilot_gr,,,,,SUCCEED,SpinQuasarClient,1773926718,2026-03-19T14:25:18,2026-03-19T14:27:22,124,3,13,11,7,0,6,86.0775,19ef0c769d0ba1b7a58dd7bb66b09d5cf95fdd80,0.0787139119036,0.121028511742,0.111449384312,0.236353903935,0.100848236694,0.0807998490582,0.208505746191,0.0623004561636,0.0344828588387,0.172413412128,0.103448236874,0.241379407103,0.0689656649548,0.206896757522,0.13793093038,0.0344827321998
187,GR_skewleft_n1_run17,pilot_gr,,,,,SUCCEED,SpinQuasarClient,1773926844,2026-03-19T14:27:24,2026-03-19T14:29:25,121,3,13,11,7,0,6,86.0775,19ef0c769d0ba1b7a58dd7bb66b09d5cf95fdd80,0.0820082653288,0.111873559586,0.12005940984,0.235927738412,0.103065466455,0.0820690511582,0.203477010131,0.0615194990885,0.0344828588387,0.172413412128,0.103448236874,0.241379407103,0.0689656649548,0.206896757522,0.13793093038,0.0344827321998
188,GR_skewleft_n1_run18,pilot_gr,,,,,SUCCEED,SpinQuasarClient,1773926968,2026-03-19T14:29:28,2026-03-19T14:31:31,123,3,13,11,7,0,6,86.0775,19ef0c769d0ba1b7a58dd7bb66b09d5cf95fdd80,0.0768959460028,0.101346535241,0.142716030906,0.231852185929,0.0808709311529,0.108822551102,0.192432536648,0.0650632830172,0.0344828588387,0.172413412128,0.103448236874,0.241379407103,0.0689656649548,0.206896757522,0.13793093038,0.0344827321998
189,GR_skewleft_n1_run19,pilot_gr,,,,,SUCCEED,SpinQuasarClient,1773927094,2026-03-19T14:31:34,2026-03-19T14:33:32,118,3,13,11,7,0,6,86.0775,19ef0c769d0ba1b7a58dd7bb66b09d5cf95fdd80,0.075727762475,0.0781164546135,0.122965436478,0.268567438249,0.131500864494,0.0913803828108,0.153676502681,0.0780651581994,0.0344828588387,0.172413412128,0.103448236874,0.241379407103,0.0689656649548,0.206896757522,0.13793093038,0.0344827321998
190,GR_skewleft_n1_run20,pilot_gr,,,,,SUCCEED,SpinQuasarClient,1773927215,2026-03-19T14:33:35,2026-03-19T14:35:38,123,3,13,11,7,0,6,86.0775,19ef0c769d0ba1b7a58dd7bb66b09d5cf95fdd80,0.0421665589273,0.120216416896,0.121918040416,0.272062071263,0.115242488954,0.108253398305,0.167885584231,0.0522554410087,0.0344828588387,0.172413412128,0.103448236874,0.241379407103,0.0689656649548,0.206896757522,0.13793093038,0.0344827321998
191,GR_skewleft_n1_run21,pilot_gr,,,,,SUCCEED,SpinQuasarClient,1773927341,2026-03-19T14:35:41,2026-03-19T14:37:44,123,3,13,11,7,0,6,86.0775,19ef0c769d0ba1b7a58dd7bb66b09d5cf95fdd80,0.057881934197,0.111882377255,0.150597347748,0.262638876643,0.102467341663,0.0960024617355,0.165634230884,0.0528954298758,0.0344828588387,0.172413412128,0.103448236874,0.241379407103,0.0689656649548,0.206896757522,0.13793093038,0.0344827321998
192,GR_skewleft_n1_run22,pilot_gr,,,,,SUCCEED,SpinQuasarClient,1773927467,2026-03-19T14:37:47,2026-03-19T14:39:50,123,3,13,11,7,0,6,86.0775,19ef0c769d0ba1b7a58dd7bb66b09d5cf95fdd80,0.0862348228067,0.106993676711,0.123927220455,0.236394520863,0.101640142804,0.110332332866,0.175444214911,0.0590330685828,0.0344828588387,0.172413412128,0.103448236874,0.241379407103,0.0689656649548,0.206896757522,0.13793093038,0.0344827321998
193,GR_skewleft_n1_run23,pilot_gr,,,,,SUCCEED,SpinQuasarClient,1773927593,2026-03-19T14:39:53,2026-03-19T14:42:08,135,3,13,11,7,0,6,86.0775,19ef0c769d0ba1b7a58dd7bb66b09d5cf95fdd80,0.0637119452941,0.11326430977,0.132747742441,0.23628877138,0.11563567335,0.127032378227,0.169656394492,0.041662785045,0.0344828588387,0.172413412128,0.103448236874,0.241379407103,0.0689656649548,0.206896757522,0.13793093038,0.0344827321998
194,GR_skewleft_n1_run24,pilot_gr,,,,,SUCCEED,SpinQuasarClient,1773927731,2026-03-19T14:42:11,2026-03-19T14:44:14,123,3,13,11,7,0,6,86.0775,19ef0c769d0ba1b7a58dd7bb66b09d5cf95fdd80,0.0750984520389,0.127111894276,0.094637864431,0.249036632517,0.103442216564,0.10012805682,0.181165256652,0.0693796267004,0.0344828588387,0.172413412128,0.103448236874,0.241379407103,0.0689656649548,0.206896757522,0.13793093038,0.0344827321998
195,GR_skewleft_n1_run25,pilot_gr,,,,,SUCCEED,SpinQuasarClient,1773927857,2026-03-19T14:44:17,2026-03-19T14:46:21,124,3,13,11,7,0,6,86.0775,19ef0c769d0ba1b7a58dd7bb66b09d5cf95fdd80,0.0901516516118,0.115436946364,0.0946567947623,0.294906096554,0.114011822885,0.0914483923745,0.113028035574,0.0863602598741,0.0344828588387,0.172413412128,0.103448236874,0.241379407103,0.0689656649548,0.206896757522,0.13793093038,0.0344827321998
196,GR_palindromic_n1,pilot_gr,,,,,SUCCEED,SpinQuasarClient,1773931560,2026-03-19T15:46:00,2026-03-19T15:47:51,111,3,3,3,3,0,0,90.0000,17d3d1b2756f221dec4ead05b9536d2f1ba59863,0.395316457437,0.0208861231227,0.0698423666827,0.0314501606372,0.406533460755,0.0270978498109,0.0192677826246,0.0296057989298,0.500000000097,0,0,0,0.499999999903,0,0,0
197,GR_palindromic_n2,pilot_gr,,,,,SUCCEED,SpinQuasarClient,1773931675,2026-03-19T15:47:55,2026-03-19T15:49:54,119,3,3,3,3,0,0,90.0000,17d3d1b2756f221dec4ead05b9536d2f1ba59863,0.332595739627,0.0272246715561,0.0648268720697,0.0413836683295,0.390054016237,0.0589095184471,0.038209711027,0.046795802707,0.500000000097,0,0,0,0.499999999903,0,0,0
198,GR_palindromic_n3,pilot_gr,,,,,SUCCEED,SpinQuasarClient,1773931798,2026-03-19T15:49:58,2026-03-19T15:51:57,119,3,3,3,3,0,0,90.0000,17d3d1b2756f221dec4ead05b9536d2f1ba59863,0.363469004083,0.0361085604493,0.0568142954024,0.0373604160505,0.415283233813,0.0372426725514,0.0172089040674,0.0365129135826,0.500000000097,0,0,0,0.499999999903,0,0,0
199,GR_palindromic_n4,pilot_gr,,,,,SUCCEED,SpinQuasarClient,1773931921,2026-03-19T15:52:01,2026-03-19T15:54:00,119,3,3,3,3,0,0,90.0000,17d3d1b2756f221dec4ead05b9536d2f1ba59863,0.321183698724,0.0370981473828,0.0708323688684,0.0491999893216,0.381919357554,0.042243376927,0.0538282757807,0.0436947854409,0.500000000097,0,0,0,0.499999999903,0,0,0
200,GR_palindromic_n5,pilot_gr,,,,,SUCCEED,SpinQuasarClient,1773932046,2026-03-19T15:54:06,2026-03-19T15:56:03,117,3,3,3,3,0,0,90.0000,17d3d1b2756f221dec4ead05b9536d2f1ba59863,0.339676212981,0.0143184529087,0.0898009267451,0.0674816803746,0.412144932433,0.00969227831694,0.0247331907522,0.0421523254886,0.500000000097,0,0,0,0.499999999903,0,0,0
201,GR_palindromic_n1,pilot_gr,,,,,SUCCEED,SpinQuasarClient,1773932168,2026-03-19T15:56:08,2026-03-19T15:58:04,116,3,3,3,3,0,0,90.0000,17d3d1b2756f221dec4ead05b9536d2f1ba59863,0.335506321924,0.0474447723821,0.0525037446522,0.0369331164466,0.407685838731,0.0380221516473,0.0410443653954,0.0408596888213,0.500000000097,0,0,0,0.499999999903,0,0,0
202,GR_palindromic_n2,pilot_gr,,,,,SUCCEED,SpinQuasarClient,1773932289,2026-03-19T15:58:09,2026-03-19T16:00:06,117,3,3,3,3,0,0,90.0000,17d3d1b2756f221dec4ead05b9536d2f1ba59863,0.320555770177,0.0417239583435,0.0564952621731,0.0542912449606,0.360035524357,0.0581957797933,0.0538837264895,0.0548187337051,0.500000000097,0,0,0,0.499999999903,0,0,0
203,GR_palindromic_n3,pilot_gr,,,,,SUCCEED,SpinQuasarClient,1773932411,2026-03-19T16:00:11,2026-03-19T16:02:09,118,3,3,3,3,0,0,90.0000,17d3d1b2756f221dec4ead05b9536d2f1ba59863,0.349598347761,0.0468011189007,0.0435918111642,0.0708699908009,0.409997248981,0.0292943160823,0.02036536546,0.0294818008505,0.500000000097,0,0,0,0.499999999903,0,0,0
204,GR_palindromic_n4,pilot_gr,,,,,SUCCEED,SpinQuasarClient,1773932534,2026-03-19T16:02:14,2026-03-19T16:04:13,119,3,3,3,3,0,0,90.0000,17d3d1b2756f221dec4ead05b9536d2f1ba59863,0.357339980807,0.0145718586363,0.0629715555854,0.0556045829071,0.384561893309,0.015993240943,0.0379690909044,0.0709877969083,0.500000000097,0,0,0,0.499999999903,0,0,0
205,GR_palindromic_n5,pilot_gr,,,,,SUCCEED,SpinQuasarClient,1773932657,2026-03-19T16:04:17,2026-03-19T16:06:15,118,3,3,3,3,0,0,90.0000,17d3d1b2756f221dec4ead05b9536d2f1ba59863,0.30713541407,0.0427468771692,0.0612008511096,0.0691672263061,0.372879624615,0.0416916226594,0.0457944557822,0.0593839282877,0.500000000097,0,0,0,0.499999999903,0,0,0
206,GR_palindromic_n1,pilot_gr,,,,,SUCCEED,SpinQuasarClient,1773932779,2026-03-19T16:06:19,2026-03-19T16:08:19,120,3,13,11,7,2,4,90.0000,de049314b165932dd00c1b1be1690c14dfafcb65,0.156398275831,0.0570064865657,0.224676506141,0.0317748059671,0.294725084012,0.0635870181581,0.102177929954,0.0696538933716,0.149999914019,0,0.350000086079,0,0.350000086032,0,0.149999913871,0
207,GR_palindromic_n2,pilot_gr,,,,,SUCCEED,SpinQuasarClient,1773932904,2026-03-19T16:08:24,2026-03-19T16:10:28,124,3,13,11,7,2,4,90.0000,de049314b165932dd00c1b1be1690c14dfafcb65,0.158656555452,0.0391363295047,0.210834279902,0.0178217408809,0.329122540011,0.0793138313248,0.0827024050128,0.082412317912,0.149999914019,0,0.350000086079,0,0.350000086032,0,0.149999913871,0
208,GR_palindromic_n3,pilot_gr,,,,,SUCCEED,SpinQuasarClient,1773933033,2026-03-19T16:10:33,2026-03-19T16:12:34,121,3,13,11,7,2,4,90.0000,de049314b165932dd00c1b1be1690c14dfafcb65,0.164088181279,0.0479390715202,0.240107339878,0.0264073649595,0.317279887747,0.0523919530576,0.0980222044678,0.0537639970907,0.149999914019,0,0.350000086079,0,0.350000086032,0,0.149999913871,0
209,GR_palindromic_n4,pilot_gr,,,,,SUCCEED,SpinQuasarClient,1773933159,2026-03-19T16:12:39,2026-03-19T16:14:35,116,3,13,11,7,2,4,90.0000,de049314b165932dd00c1b1be1690c14dfafcb65,0.17645224711,0.0580210701534,0.225604372624,0.0421321931949,0.303623785231,0.0500239327009,0.0947865211488,0.0493558778371,0.149999914019,0,0.350000086079,0,0.350000086032,0,0.149999913871,0
210,GR_palindromic_n5,pilot_gr,,,,,SUCCEED,SpinQuasarClient,1773933280,2026-03-19T16:14:40,2026-03-19T16:16:40,120,3,13,11,7,2,4,90.0000,de049314b165932dd00c1b1be1690c14dfafcb65,0.164545228159,0.0267132208517,0.183988256063,0.0594814030018,0.321312719866,0.0572616047757,0.0960694933458,0.0906280739358,0.149999914019,0,0.350000086079,0,0.350000086032,0,0.149999913871,0
211,GR_palindromic_n1,pilot_gr,,,,,SUCCEED,SpinQuasarClient,1773933404,2026-03-19T16:16:44,2026-03-19T16:18:43,119,3,13,11,7,2,4,90.0000,de049314b165932dd00c1b1be1690c14dfafcb65,0.183307718507,0.0381954184172,0.155081764529,0.0892717957635,0.358201428226,0.0254559563808,0.0589922111001,0.091493707077,0.149999914019,0,0.350000086079,0,0.350000086032,0,0.149999913871,0
212,GR_palindromic_n2,pilot_gr,,,,,SUCCEED,SpinQuasarClient,1773933528,2026-03-19T16:18:48,2026-03-19T16:20:47,119,3,13,11,7,2,4,90.0000,de049314b165932dd00c1b1be1690c14dfafcb65,0.173854133056,0.0377285903487,0.197055555176,0.0335947996912,0.312445522643,0.0918015764193,0.0972670900002,0.0562527326662,0.149999914019,0,0.350000086079,0,0.350000086032,0,0.149999913871,0
213,GR_palindromic_n3,pilot_gr,,,,,SUCCEED,SpinQuasarClient,1773933652,2026-03-19T16:20:52,2026-03-19T16:22:50,118,3,13,11,7,2,4,90.0000,de049314b165932dd00c1b1be1690c14dfafcb65,0.178439941157,0.078655122942,0.247808399467,0.0643790748288,0.265579586794,0.0401660798562,0.0705420605397,0.0544297344155,0.149999914019,0,0.350000086079,0,0.350000086032,0,0.149999913871,0
214,GR_palindromic_n4,pilot_gr,,,,,SUCCEED,SpinQuasarClient,1773933775,2026-03-19T16:22:55,2026-03-19T16:24:56,121,3,13,11,7,2,4,90.0000,de049314b165932dd00c1b1be1690c14dfafcb65,0.173247054864,0.0687893423139,0.241551490477,0.0141938680826,0.310744981212,0.0193047875,0.118688160918,0.0534803146327,0.149999914019,0,0.350000086079,0,0.350000086032,0,0.149999913871,0
215,GR_palindromic_n5,pilot_gr,,,,,SUCCEED,SpinQuasarClient,1773933900,2026-03-19T16:25:00,2026-03-19T16:27:00,120,3,13,11,7,2,4,90.0000,de049314b165932dd00c1b1be1690c14dfafcb65,0.181725917963,0.0395835647386,0.152986279715,0.0662495100192,0.335354401671,0.0387460444094,0.102190212197,0.0831640692867,0.149999914019,0,0.350000086079,0,0.350000086032,0,0.149999913871,0
216,GR_palindromic_n1,pilot_gr,,,,,SUCCEED,SpinQuasarClient,1773934024,2026-03-19T16:27:04,2026-03-19T16:29:03,119,3,21,18,11,2,8,90.0000,de9f138c329ae438ef0dd7f5a5229e3d16e40d61,0.12270977126,0.162732031487,0.104696027877,0.168337840354,0.128352945418,0.137636573277,0.0696467251717,0.105888085154,0.0499999968221,0.0999999171967,0.150000069279,0.2000000168,0.20000001684,0.150000069191,0.0999999171258,0.0499999967453
217,GR_palindromic_n2,pilot_gr,,,,,SUCCEED,SpinQuasarClient,1773934148,2026-03-19T16:29:08,2026-03-19T16:31:09,121,3,21,18,11,2,8,90.0000,de9f138c329ae438ef0dd7f5a5229e3d16e40d61,0.114217455587,0.158443510237,0.103790206011,0.212082523671,0.139982652709,0.0907203096474,0.0690838507513,0.111679491387,0.0499999968221,0.0999999171967,0.150000069279,0.2000000168,0.20000001684,0.150000069191,0.0999999171258,0.0499999967453
218,GR_palindromic_n3,pilot_gr,,,,,SUCCEED,SpinQuasarClient,1773934274,2026-03-19T16:31:14,2026-03-19T16:33:15,121,3,21,18,11,2,8,90.0000,de9f138c329ae438ef0dd7f5a5229e3d16e40d61,0.130061350221,0.167677277564,0.122195251802,0.088489440956,0.131793503828,0.117286500693,0.118917658486,0.123579016449,0.0499999968221,0.0999999171967,0.150000069279,0.2000000168,0.20000001684,0.150000069191,0.0999999171258,0.0499999967453
219,GR_palindromic_n4,pilot_gr,,,,,SUCCEED,SpinQuasarClient,1773934400,2026-03-19T16:33:20,2026-03-19T16:35:22,122,3,21,18,11,2,8,90.0000,de9f138c329ae438ef0dd7f5a5229e3d16e40d61,0.138123320222,0.157503049131,0.120709157459,0.110745142191,0.128501844994,0.0862672297452,0.104130305832,0.154019950425,0.0499999968221,0.0999999171967,0.150000069279,0.2000000168,0.20000001684,0.150000069191,0.0999999171258,0.0499999967453
220,GR_palindromic_n5,pilot_gr,,,,,SUCCEED,SpinQuasarClient,1773934526,2026-03-19T16:35:26,2026-03-19T16:37:28,122,3,21,18,11,2,8,90.0000,de9f138c329ae438ef0dd7f5a5229e3d16e40d61,0.122601443938,0.172954530965,0.111215092068,0.12107356995,0.118007751001,0.126365467592,0.098988414926,0.128793729559,0.0499999968221,0.0999999171967,0.150000069279,0.2000000168,0.20000001684,0.150000069191,0.0999999171258,0.0499999967453
221,GR_palindromic_n1,pilot_gr,,,,,SUCCEED,SpinQuasarClient,1773934653,2026-03-19T16:37:33,2026-03-19T16:39:34,121,3,21,16,11,2,8,90.0000,2f9b4bc07785db7a436d9a6216ad827d53fac311,0.124857884282,0.140430054879,0.137777104396,0.139563396723,0.137849001401,0.0976044042024,0.124848284279,0.0970698698358,0.0499999968221,0.0999999171967,0.150000069279,0.2000000168,0.20000001684,0.150000069191,0.0999999171258,0.0499999967453
222,GR_palindromic_n2,pilot_gr,,,,,SUCCEED,SpinQuasarClient,1773934779,2026-03-19T16:39:39,2026-03-19T16:41:40,121,3,21,16,11,2,8,90.0000,2f9b4bc07785db7a436d9a6216ad827d53fac311,0.117998650748,0.197436531317,0.11200705568,0.0876667483008,0.168071130693,0.0950593775212,0.144989107987,0.0767713977519,0.0499999968221,0.0999999171967,0.150000069279,0.2000000168,0.20000001684,0.150000069191,0.0999999171258,0.0499999967453
223,GR_palindromic_n3,pilot_gr,,,,,SUCCEED,SpinQuasarClient,1773934905,2026-03-19T16:41:45,2026-03-19T16:43:46,121,3,21,16,11,2,8,90.0000,2f9b4bc07785db7a436d9a6216ad827d53fac311,0.1318236062,0.225708611915,0.105300032819,0.0897029916976,0.209335707174,0.135941375986,0.0668947495131,0.0352929246963,0.0499999968221,0.0999999171967,0.150000069279,0.2000000168,0.20000001684,0.150000069191,0.0999999171258,0.0499999967453
224,GR_palindromic_n4,pilot_gr,,,,,SUCCEED,SpinQuasarClient,1773935031,2026-03-19T16:43:51,2026-03-19T16:45:53,122,3,21,16,11,2,8,90.0000,2f9b4bc07785db7a436d9a6216ad827d53fac311,0.126143791531,0.160962836599,0.144718188803,0.129770422549,0.129394003525,0.062715558482,0.15122689562,0.0950683028908,0.0499999968221,0.0999999171967,0.150000069279,0.2000000168,0.20000001684,0.150000069191,0.0999999171258,0.0499999967453
225,GR_palindromic_n5,pilot_gr,,,,,SUCCEED,SpinQuasarClient,1773935157,2026-03-19T16:45:57,2026-03-19T16:47:59,122,3,21,16,11,2,8,90.0000,2f9b4bc07785db7a436d9a6216ad827d53fac311,0.0968996680645,0.168177278897,0.12785209638,0.151385182042,0.181617053595,0.107093723058,0.0949645624785,0.072010435484,0.0499999968221,0.0999999171967,0.150000069279,0.2000000168,0.20000001684,0.150000069191,0.0999999171258,0.0499999967453
226,GR_skewleft_n1,pilot_gr,,,,,SUCCEED,SpinQuasarClient,1773935283,2026-03-19T16:48:03,2026-03-19T16:50:05,122,3,21,18,11,2,8,53.5764,dd3f12382d533df9eb7637bed3bf40e37187db4a,0.193503052695,0.258066691082,0.177859721652,0.0919892961812,0.0973970399145,0.0109736412054,0.0444938514029,0.125716705867,0.24999995115,0.218749825005,0.187500285586,0.140625123387,0.0937499544262,0.0624999474024,0.0312499460303,0.0156249670137
227,GR_skewleft_n2,pilot_gr,,,,,SUCCEED,SpinQuasarClient,1773935409,2026-03-19T16:50:10,2026-03-19T16:52:11,121,3,21,18,11,2,8,53.5764,dd3f12382d533df9eb7637bed3bf40e37187db4a,0.320320909284,0.194020029221,0.125142330744,0.0921512866391,0.0516405144863,0.0400345344636,0.0597448729443,0.116945522217,0.24999995115,0.218749825005,0.187500285586,0.140625123387,0.0937499544262,0.0624999474024,0.0312499460303,0.0156249670137
228,GR_skewleft_n3,pilot_gr,,,,,SUCCEED,SpinQuasarClient,1773935536,2026-03-19T16:52:16,2026-03-19T16:54:17,121,3,21,18,11,2,8,53.5764,dd3f12382d533df9eb7637bed3bf40e37187db4a,0.230369210814,0.14912915968,0.205196909329,0.144517448934,0.0917642893811,0.0356086880572,0.046629865799,0.0967844280056,0.24999995115,0.218749825005,0.187500285586,0.140625123387,0.0937499544262,0.0624999474024,0.0312499460303,0.0156249670137
229,GR_skewleft_n4,pilot_gr,,,,,SUCCEED,SpinQuasarClient,1773935662,2026-03-19T16:54:22,2026-03-19T16:56:24,122,3,21,18,11,2,8,53.5764,dd3f12382d533df9eb7637bed3bf40e37187db4a,0.206846647145,0.176609285254,0.192346770525,0.146187875465,0.0882062486713,0.0525955692072,0.0523530961187,0.0848545076134,0.24999995115,0.218749825005,0.187500285586,0.140625123387,0.0937499544262,0.0624999474024,0.0312499460303,0.0156249670137
230,GR_skewleft_n5,pilot_gr,,,,,SUCCEED,SpinQuasarClient,1773935789,2026-03-19T16:56:29,2026-03-19T16:58:30,121,3,21,18,11,2,8,53.5764,dd3f12382d533df9eb7637bed3bf40e37187db4a,0.20241143299,0.197676488098,0.198891145042,0.155400657441,0.0746717049845,0.0715064198227,0.0296319084941,0.0698102431275,0.24999995115,0.218749825005,0.187500285586,0.140625123387,0.0937499544262,0.0624999474024,0.0312499460303,0.0156249670137
231,GR_skewleft_n6,pilot_gr,,,,,SUCCEED,SpinQuasarClient,1773935915,2026-03-19T16:58:35,2026-03-19T17:00:36,121,3,21,18,11,2,8,53.5764,dd3f12382d533df9eb7637bed3bf40e37187db4a,0.223745139281,0.174466387961,0.199828392446,0.11637603617,0.0918882037721,0.0402477915595,0.0548760150116,0.0985720337987,0.24999995115,0.218749825005,0.187500285586,0.140625123387,0.0937499544262,0.0624999474024,0.0312499460303,0.0156249670137
232,GR_skewleft_n7,pilot_gr,,,,,SUCCEED,SpinQuasarClient,1773936041,2026-03-19T17:00:41,2026-03-19T17:02:42,121,3,21,18,11,2,8,53.5764,dd3f12382d533df9eb7637bed3bf40e37187db4a,0.242522806663,0.146007377803,0.189514559221,0.135590351862,0.104026621448,0.112315314384,0.033660761686,0.0363622069336,0.24999995115,0.218749825005,0.187500285586,0.140625123387,0.0937499544262,0.0624999474024,0.0312499460303,0.0156249670137
233,GR_skewleft_n8,pilot_gr,,,,,SUCCEED,SpinQuasarClient,1773936167,2026-03-19T17:02:47,2026-03-19T17:04:48,121,3,21,18,11,2,8,53.5764,dd3f12382d533df9eb7637bed3bf40e37187db4a,0.251139965914,0.187139295058,0.190036067972,0.153420741855,0.0862503880922,0.0578129515869,0.0144808269442,0.059719762578,0.24999995115,0.218749825005,0.187500285586,0.140625123387,0.0937499544262,0.0624999474024,0.0312499460303,0.0156249670137
234,GR_skewleft_n9,pilot_gr,,,,,SUCCEED,SpinQuasarClient,1773936293,2026-03-19T17:04:53,2026-03-19T17:06:55,122,3,21,18,11,2,8,53.5764,dd3f12382d533df9eb7637bed3bf40e37187db4a,0.19643563692,0.309637442902,0.171958962264,0.10594059588,0.0834657958008,0.00711698713633,0.0410335841712,0.0844109949268,0.24999995115,0.218749825005,0.187500285586,0.140625123387,0.0937499544262,0.0624999474024,0.0312499460303,0.0156249670137
235,GR_skewleft_n10,pilot_gr,,,,,SUCCEED,SpinQuasarClient,1773936419,2026-03-19T17:06:59,2026-03-19T17:09:01,122,3,21,18,11,2,8,53.5764,dd3f12382d533df9eb7637bed3bf40e37187db4a,0.215773890225,0.309498766348,0.161246266033,0.0832052743946,0.0802810678547,0.0428168792471,0.0432302907203,0.0639475651784,0.24999995115,0.218749825005,0.187500285586,0.140625123387,0.0937499544262,0.0624999474024,0.0312499460303,0.0156249670137
236,GR_skewleft_n11,pilot_gr,,,,,SUCCEED,SpinQuasarClient,1773936545,2026-03-19T17:09:05,2026-03-19T17:11:07,122,3,21,18,11,2,8,53.5764,dd3f12382d533df9eb7637bed3bf40e37187db4a,0.23132448679,0.177217934302,0.193806757281,0.155362997115,0.0790974615285,0.072742481768,0.0204715140851,0.0699763671294,0.24999995115,0.218749825005,0.187500285586,0.140625123387,0.0937499544262,0.0624999474024,0.0312499460303,0.0156249670137
237,GR_skewleft_n12,pilot_gr,,,,,SUCCEED,SpinQuasarClient,1773936671,2026-03-19T17:11:11,2026-03-19T17:13:13,122,3,21,18,11,2,8,53.5764,dd3f12382d533df9eb7637bed3bf40e37187db4a,0.179014734279,0.170621085786,0.196737909075,0.155380517769,0.134497621253,0.0750801350925,0.0316815942224,0.0569864025242,0.24999995115,0.218749825005,0.187500285586,0.140625123387,0.0937499544262,0.0624999474024,0.0312499460303,0.0156249670137
238,GR_skewleft_n13,pilot_gr,,,,,SUCCEED,SpinQuasarClient,1773936797,2026-03-19T17:13:17,2026-03-19T17:15:19,122,3,21,18,11,2,8,53.5764,dd3f12382d533df9eb7637bed3bf40e37187db4a,0.234013100269,0.268130575582,0.121835339364,0.0822274916702,0.0742849052035,0.0324262383555,0.0683430969642,0.118739252591,0.24999995115,0.218749825005,0.187500285586,0.140625123387,0.0937499544262,0.0624999474024,0.0312499460303,0.0156249670137
239,GR_skewleft_n14,pilot_gr,,,,,SUCCEED,SpinQuasarClient,1773936924,2026-03-19T17:15:24,2026-03-19T17:17:25,121,3,21,18,11,2,8,53.5764,dd3f12382d533df9eb7637bed3bf40e37187db4a,0.240418695731,0.270372605121,0.145971745099,0.102255915919,0.0522236801845,0.0287425843677,0.0664664572576,0.0935483163202,0.24999995115,0.218749825005,0.187500285586,0.140625123387,0.0937499544262,0.0624999474024,0.0312499460303,0.0156249670137
240,GR_skewleft_n15,pilot_gr,,,,,SUCCEED,SpinQuasarClient,1773937050,2026-03-19T17:17:30,2026-03-19T17:19:32,122,3,21,18,11,2,8,53.5764,dd3f12382d533df9eb7637bed3bf40e37187db4a,0.275640550022,0.266679841976,0.118897142071,0.0696344557259,0.0632271454555,0.0254242773687,0.0900402839679,0.0904563034125,0.24999995115,0.218749825005,0.187500285586,0.140625123387,0.0937499544262,0.0624999474024,0.0312499460303,0.0156249670137
241,GR_skewleft_n16,pilot_gr,,,,,SUCCEED,SpinQuasarClient,1773937177,2026-03-19T17:19:37,2026-03-19T17:21:38,121,3,21,18,11,2,8,53.5764,dd3f12382d533df9eb7637bed3bf40e37187db4a,0.241165609036,0.236742799378,0.143249264311,0.101471349692,0.0685785095516,0.0454004349914,0.0834321756731,0.0799598573679,0.24999995115,0.218749825005,0.187500285586,0.140625123387,0.0937499544262,0.0624999474024,0.0312499460303,0.0156249670137
242,GR_skewleft_n17,pilot_gr,,,,,SUCCEED,SpinQuasarClient,1773937303,2026-03-19T17:21:43,2026-03-19T17:23:44,121,3,21,18,11,2,8,53.5764,dd3f12382d533df9eb7637bed3bf40e37187db4a,0.225157597781,0.294833579296,0.153113150688,0.0866398462812,0.0601296266771,0.0298823187826,0.0527102609033,0.0975336195906,0.24999995115,0.218749825005,0.187500285586,0.140625123387,0.0937499544262,0.0624999474024,0.0312499460303,0.0156249670137
243,GR_skewleft_n18,pilot_gr,,,,,SUCCEED,SpinQuasarClient,1773937429,2026-03-19T17:23:49,2026-03-19T17:25:50,121,3,21,18,11,2,8,53.5764,dd3f12382d533df9eb7637bed3bf40e37187db4a,0.245379443921,0.239154588933,0.172029461886,0.082849812588,0.0540020156068,0.0288170355145,0.0963363527515,0.0814312888,0.24999995115,0.218749825005,0.187500285586,0.140625123387,0.0937499544262,0.0624999474024,0.0312499460303,0.0156249670137
244,GR_skewleft_n19,pilot_gr,,,,,SUCCEED,SpinQuasarClient,1773937555,2026-03-19T17:25:55,2026-03-19T17:27:56,121,3,21,18,11,2,8,53.5764,dd3f12382d533df9eb7637bed3bf40e37187db4a,0.163918169681,0.197384954316,0.216243504791,0.155853478797,0.120210474296,0.0697642309292,0.0270733643271,0.0495518228627,0.24999995115,0.218749825005,0.187500285586,0.140625123387,0.0937499544262,0.0624999474024,0.0312499460303,0.0156249670137
245,GR_skewleft_n20,pilot_gr,,,,,SUCCEED,SpinQuasarClient,1773937681,2026-03-19T17:28:01,2026-03-19T17:30:03,122,3,21,18,11,2,8,53.5764,dd3f12382d533df9eb7637bed3bf40e37187db4a,0.266730567754,0.187918007444,0.130813493125,0.0811538728993,0.0605408552722,0.0506841043927,0.0660549550697,0.156104144044,0.24999995115,0.218749825005,0.187500285586,0.140625123387,0.0937499544262,0.0624999474024,0.0312499460303,0.0156249670137
246,GR_skewleft_n21,pilot_gr,,,,,SUCCEED,SpinQuasarClient,1773937807,2026-03-19T17:30:07,2026-03-19T17:32:09,122,3,21,18,11,2,8,53.5764,dd3f12382d533df9eb7637bed3bf40e37187db4a,0.203611600108,0.277889020054,0.156426239537,0.0689863886918,0.0436902758181,0.0310495395634,0.10073521018,0.117611726048,0.24999995115,0.218749825005,0.187500285586,0.140625123387,0.0937499544262,0.0624999474024,0.0312499460303,0.0156249670137
247,GR_skewleft_n22,pilot_gr,,,,,SUCCEED,SpinQuasarClient,1773937933,2026-03-19T17:32:13,2026-03-19T17:34:15,122,3,21,18,11,2,8,53.5764,dd3f12382d533df9eb7637bed3bf40e37187db4a,0.211724798561,0.202361909417,0.192363524187,0.114840319543,0.0669558287092,0.0632230022939,0.0648749258715,0.0836556914174,0.24999995115,0.218749825005,0.187500285586,0.140625123387,0.0937499544262,0.0624999474024,0.0312499460303,0.0156249670137
248,GR_skewleft_n23,pilot_gr,,,,,SUCCEED,SpinQuasarClient,1773938059,2026-03-19T17:34:19,2026-03-19T17:36:21,122,3,21,18,11,2,8,53.5764,dd3f12382d533df9eb7637bed3bf40e37187db4a,0.169690924445,0.337110208769,0.160791040172,0.0726022938586,0.0733397040046,0.0104241610213,0.0569094425443,0.119132225184,0.24999995115,0.218749825005,0.187500285586,0.140625123387,0.0937499544262,0.0624999474024,0.0312499460303,0.0156249670137
249,GR_skewleft_n24,pilot_gr,,,,,SUCCEED,SpinQuasarClient,1773938186,2026-03-19T17:36:26,2026-03-19T17:38:27,121,3,21,18,11,2,8,53.5764,dd3f12382d533df9eb7637bed3bf40e37187db4a,0.251247719164,0.240521591978,0.156851661579,0.0796989037887,0.0650678069206,0.0367557827411,0.0588107572648,0.111045776564,0.24999995115,0.218749825005,0.187500285586,0.140625123387,0.0937499544262,0.0624999474024,0.0312499460303,0.0156249670137
250,GR_skewleft_n25,pilot_gr,,,,,SUCCEED,SpinQuasarClient,1773938312,2026-03-19T17:38:32,2026-03-19T17:40:34,122,3,21,18,11,2,8,53.5764,dd3f12382d533df9eb7637bed3bf40e37187db4a,0.252783914035,0.174300494726,0.149722395944,0.135899676967,0.076741624002,0.0793754842096,0.056859094056,0.0743173160611,0.24999995115,0.218749825005,0.187500285586,0.140625123387,0.0937499544262,0.0624999474024,0.0312499460303,0.0156249670137
251,GR_skewleft_n1,pilot_gr,,,,,SUCCEED,SpinQuasarClient,1773938438,2026-03-19T17:40:38,2026-03-19T17:42:40,122,3,21,16,11,2,8,53.5764,bd78f24b896bda3a446df76ca6e874a21710cc57,0.304500938181,0.231961411569,0.119271655632,0.0833624496697,0.0700018702872,0.0167789793471,0.0952315501942,0.0788911451206,0.24999995115,0.218749825005,0.187500285586,0.140625123387,0.0937499544262,0.0624999474024,0.0312499460303,0.0156249670137
252,GR_skewleft_n2,pilot_gr,,,,,SUCCEED,SpinQuasarClient,1773938564,2026-03-19T17:42:44,2026-03-19T17:44:46,122,3,21,16,11,2,8,53.5764,bd78f24b896bda3a446df76ca6e874a21710cc57,0.300863828733,0.242837908071,0.145510475518,0.0627194794289,0.0638606109444,0.0163985862705,0.0972681691638,0.0705409418697,0.24999995115,0.218749825005,0.187500285586,0.140625123387,0.0937499544262,0.0624999474024,0.0312499460303,0.0156249670137
253,GR_skewleft_n3,pilot_gr,,,,,SUCCEED,SpinQuasarClient,1773938690,2026-03-19T17:44:50,2026-03-19T17:46:52,122,3,21,16,11,2,8,53.5764,bd78f24b896bda3a446df76ca6e874a21710cc57,0.300234469126,0.232662752498,0.14311744261,0.0648739991655,0.0835997248492,0.0173473438226,0.100808264663,0.0573560032651,0.24999995115,0.218749825005,0.187500285586,0.140625123387,0.0937499544262,0.0624999474024,0.0312499460303,0.0156249670137
254,GR_skewleft_n4,pilot_gr,,,,,SUCCEED,SpinQuasarClient,1773938817,2026-03-19T17:46:57,2026-03-19T17:48:58,121,3,21,16,11,2,8,53.5764,bd78f24b896bda3a446df76ca6e874a21710cc57,0.287957106695,0.243067253324,0.126662225629,0.0903448926885,0.0715395314679,0.0251129215056,0.0832923348559,0.072023733834,0.24999995115,0.218749825005,0.187500285586,0.140625123387,0.0937499544262,0.0624999474024,0.0312499460303,0.0156249670137
255,GR_skewleft_n5,pilot_gr,,,,,SUCCEED,SpinQuasarClient,1773938943,2026-03-19T17:49:03,2026-03-19T17:51:04,121,3,21,16,11,2,8,53.5764,bd78f24b896bda3a446df76ca6e874a21710cc57,0.242872509251,0.26931675105,0.17531027673,0.0806024824097,0.0709961563844,0.0117494861658,0.0673868487008,0.081765489308,0.24999995115,0.218749825005,0.187500285586,0.140625123387,0.0937499544262,0.0624999474024,0.0312499460303,0.0156249670137
256,GR_skewleft_n6,pilot_gr,,,,,SUCCEED,SpinQuasarClient,1773939069,2026-03-19T17:51:09,2026-03-19T17:53:11,122,3,21,16,11,2,8,53.5764,bd78f24b896bda3a446df76ca6e874a21710cc57,0.354673378098,0.205132533887,0.11974850995,0.108031635039,0.0535502791466,0.015962525654,0.102031422465,0.0408697157605,0.24999995115,0.218749825005,0.187500285586,0.140625123387,0.0937499544262,0.0624999474024,0.0312499460303,0.0156249670137
257,GR_skewleft_n7,pilot_gr,,,,,SUCCEED,SpinQuasarClient,1773939195,2026-03-19T17:53:15,2026-03-19T17:55:17,122,3,21,16,11,2,8,53.5764,bd78f24b896bda3a446df76ca6e874a21710cc57,0.279522385897,0.237551709087,0.108475867794,0.0837625674012,0.0910703783679,0.0237881427509,0.107566508244,0.0682624404585,0.24999995115,0.218749825005,0.187500285586,0.140625123387,0.0937499544262,0.0624999474024,0.0312499460303,0.0156249670137
258,GR_skewleft_n8,pilot_gr,,,,,SUCCEED,SpinQuasarClient,1773939322,2026-03-19T17:55:22,2026-03-19T17:57:23,121,3,21,16,11,2,8,53.5764,bd78f24b896bda3a446df76ca6e874a21710cc57,0.311562518532,0.24740936346,0.109147053616,0.076618191854,0.082978027596,0.0246162645534,0.0797552340491,0.0679133463391,0.24999995115,0.218749825005,0.187500285586,0.140625123387,0.0937499544262,0.0624999474024,0.0312499460303,0.0156249670137
259,GR_skewleft_n9,pilot_gr,,,,,SUCCEED,SpinQuasarClient,1773939448,2026-03-19T17:57:28,2026-03-19T17:59:26,118,3,21,16,11,2,8,53.5764,bd78f24b896bda3a446df76ca6e874a21710cc57,0.314779403703,0.188304912048,0.117689698842,0.131496081541,0.0750325390866,0.0179325986622,0.106584684581,0.0481800815355,0.24999995115,0.218749825005,0.187500285586,0.140625123387,0.0937499544262,0.0624999474024,0.0312499460303,0.0156249670137
260,GR_skewleft_n10,pilot_gr,,,,,SUCCEED,SpinQuasarClient,1773939571,2026-03-19T17:59:31,2026-03-19T18:01:32,121,3,21,16,11,2,8,53.5764,bd78f24b896bda3a446df76ca6e874a21710cc57,0.319242704869,0.212940154406,0.091614625856,0.0972619313016,0.0864370957799,0.0367132584363,0.0787878066359,0.0770024227151,0.24999995115,0.218749825005,0.187500285586,0.140625123387,0.0937499544262,0.0624999474024,0.0312499460303,0.0156249670137
261,GR_skewleft_n11,pilot_gr,,,,,SUCCEED,SpinQuasarClient,1773939697,2026-03-19T18:01:37,2026-03-19T18:03:38,121,3,21,16,11,2,8,53.5764,bd78f24b896bda3a446df76ca6e874a21710cc57,0.265380822021,0.240438714479,0.130365199072,0.071872519585,0.0713502496799,0.0190806772683,0.122531971695,0.0789798461994,0.24999995115,0.218749825005,0.187500285586,0.140625123387,0.0937499544262,0.0624999474024,0.0312499460303,0.0156249670137
262,GR_skewleft_n12,pilot_gr,,,,,SUCCEED,SpinQuasarClient,1773939823,2026-03-19T18:03:43,2026-03-19T18:05:45,122,3,21,16,11,2,8,53.5764,bd78f24b896bda3a446df76ca6e874a21710cc57,0.298295042377,0.196572929198,0.136736394534,0.103456301381,0.0988332929033,0.024526230917,0.101255142099,0.0403246665892,0.24999995115,0.218749825005,0.187500285586,0.140625123387,0.0937499544262,0.0624999474024,0.0312499460303,0.0156249670137
263,GR_skewleft_n13,pilot_gr,,,,,SUCCEED,SpinQuasarClient,1773939949,2026-03-19T18:05:49,2026-03-19T18:07:51,122,3,21,16,11,2,8,53.5764,bd78f24b896bda3a446df76ca6e874a21710cc57,0.273581889772,0.229056514804,0.132955192757,0.0905151129108,0.0786458526383,0.0259160977077,0.101257780237,0.0680715591729,0.24999995115,0.218749825005,0.187500285586,0.140625123387,0.0937499544262,0.0624999474024,0.0312499460303,0.0156249670137
264,GR_skewleft_n14,pilot_gr,,,,,SUCCEED,SpinQuasarClient,1773940075,2026-03-19T18:07:55,2026-03-19T18:09:57,122,3,21,16,11,2,8,53.5764,bd78f24b896bda3a446df76ca6e874a21710cc57,0.301225744134,0.185597370919,0.136408465952,0.0919618853267,0.0695024871076,0.018580468567,0.11711873146,0.0796048465337,0.24999995115,0.218749825005,0.187500285586,0.140625123387,0.0937499544262,0.0624999474024,0.0312499460303,0.0156249670137
265,GR_skewleft_n15,pilot_gr,,,,,SUCCEED,SpinQuasarClient,1773940201,2026-03-19T18:10:01,2026-03-19T18:12:03,122,3,21,16,11,2,8,53.5764,bd78f24b896bda3a446df76ca6e874a21710cc57,0.313025168974,0.224702727547,0.12697885836,0.0931507216927,0.0697251361916,0.00603432678371,0.0786060888985,0.0877769715515,0.24999995115,0.218749825005,0.187500285586,0.140625123387,0.0937499544262,0.0624999474024,0.0312499460303,0.0156249670137
266,GR_skewleft_n16,pilot_gr,,,,,SUCCEED,SpinQuasarClient,1773940327,2026-03-19T18:12:07,2026-03-19T18:14:09,122,3,21,16,11,2,8,53.5764,bd78f24b896bda3a446df76ca6e874a21710cc57,0.315010213013,0.176030177921,0.120563616696,0.126426248305,0.076148384348,0.0379023084687,0.12125418196,0.0266648692882,0.24999995115,0.218749825005,0.187500285586,0.140625123387,0.0937499544262,0.0624999474024,0.0312499460303,0.0156249670137
267,GR_skewleft_n17,pilot_gr,,,,,SUCCEED,SpinQuasarClient,1773940456,2026-03-19T18:14:16,2026-03-19T18:16:16,120,3,21,16,11,2,8,53.5764,bd78f24b896bda3a446df76ca6e874a21710cc57,0.370318653819,0.186870708851,0.115766571162,0.086805672525,0.0556833566142,0.0301533847039,0.0852312424038,0.0691704099217,0.24999995115,0.218749825005,0.187500285586,0.140625123387,0.0937499544262,0.0624999474024,0.0312499460303,0.0156249670137
268,GR_skewleft_n18,pilot_gr,,,,,SUCCEED,SpinQuasarClient,1773940580,2026-03-19T18:16:20,2026-03-19T18:18:22,122,3,21,16,11,2,8,53.5764,bd78f24b896bda3a446df76ca6e874a21710cc57,0.284640805517,0.20811427935,0.133515927138,0.0808792505678,0.0907918930563,0.0220232292878,0.0981835304703,0.0818510846129,0.24999995115,0.218749825005,0.187500285586,0.140625123387,0.0937499544262,0.0624999474024,0.0312499460303,0.0156249670137
269,GR_skewleft_n19,pilot_gr,,,,,SUCCEED,SpinQuasarClient,1773940706,2026-03-19T18:18:26,2026-03-19T18:20:28,122,3,21,16,11,2,8,53.5764,bd78f24b896bda3a446df76ca6e874a21710cc57,0.302583997121,0.24271971268,0.108772274135,0.0834983951564,0.0768892684434,0.0266037748283,0.0951907986774,0.0637417789594,0.24999995115,0.218749825005,0.187500285586,0.140625123387,0.0937499544262,0.0624999474024,0.0312499460303,0.0156249670137
270,GR_skewleft_n20,pilot_gr,,,,,SUCCEED,SpinQuasarClient,1773940833,2026-03-19T18:20:33,2026-03-19T18:22:34,121,3,21,16,11,2,8,53.5764,bd78f24b896bda3a446df76ca6e874a21710cc57,0.304615904361,0.197332611499,0.100819993934,0.0789425538246,0.0771428563108,0.0250181572143,0.111692918869,0.104435003987,0.24999995115,0.218749825005,0.187500285586,0.140625123387,0.0937499544262,0.0624999474024,0.0312499460303,0.0156249670137
271,GR_skewleft_n21,pilot_gr,,,,,SUCCEED,SpinQuasarClient,1773940959,2026-03-19T18:22:39,2026-03-19T18:24:40,121,3,21,16,11,2,8,53.5764,bd78f24b896bda3a446df76ca6e874a21710cc57,0.30685781495,0.225661864646,0.11681515094,0.105175919626,0.042834151705,0.0117925886444,0.108140500589,0.0827220088994,0.24999995115,0.218749825005,0.187500285586,0.140625123387,0.0937499544262,0.0624999474024,0.0312499460303,0.0156249670137
272,GR_skewleft_n22,pilot_gr,,,,,SUCCEED,SpinQuasarClient,1773941085,2026-03-19T18:24:45,2026-03-19T18:26:47,122,3,21,16,11,2,8,53.5764,bd78f24b896bda3a446df76ca6e874a21710cc57,0.384668454581,0.150269207666,0.142441787242,0.092218275544,0.0621796759632,0.046126922435,0.0719604474566,0.0501352291117,0.24999995115,0.218749825005,0.187500285586,0.140625123387,0.0937499544262,0.0624999474024,0.0312499460303,0.0156249670137
273,GR_skewleft_n23,pilot_gr,,,,,SUCCEED,SpinQuasarClient,1773941211,2026-03-19T18:26:51,2026-03-19T18:28:53,122,3,21,16,11,2,8,53.5764,bd78f24b896bda3a446df76ca6e874a21710cc57,0.312285813224,0.230972841107,0.14175205349,0.082970708814,0.0769227751052,0.0146129437953,0.0639760205638,0.0765068439008,0.24999995115,0.218749825005,0.187500285586,0.140625123387,0.0937499544262,0.0624999474024,0.0312499460303,0.0156249670137
274,GR_skewleft_n24,pilot_gr,,,,,SUCCEED,SpinQuasarClient,1773941337,2026-03-19T18:28:57,2026-03-19T18:30:59,122,3,21,16,11,2,8,53.5764,bd78f24b896bda3a446df76ca6e874a21710cc57,0.259944144243,0.247373987217,0.117511437405,0.106609794123,0.0796212890571,0.00931563374379,0.141212282901,0.0384114313091,0.24999995115,0.218749825005,0.187500285586,0.140625123387,0.0937499544262,0.0624999474024,0.0312499460303,0.0156249670137
275,GR_skewleft_n25,pilot_gr,,,,,SUCCEED,SpinQuasarClient,1773941463,2026-03-19T18:31:03,2026-03-19T18:33:05,122,3,21,16,11,2,8,53.5764,bd78f24b896bda3a446df76ca6e874a21710cc57,0.282807050268,0.21801485081,0.125908856165,0.081666392277,0.0847203575676,0.0253331154116,0.0948264960968,0.0867228814038,0.24999995115,0.218749825005,0.187500285586,0.140625123387,0.0937499544262,0.0624999474024,0.0312499460303,0.0156249670137
276,GR_skewright_n1,pilot_gr,,,,,SUCCEED,SpinQuasarClient,1773941590,2026-03-19T18:33:10,2026-03-19T18:35:11,121,3,21,18,11,2,8,126.4240,e9ca4045389ec743c6ca5d98e9f249f6134f79ad,0.0865899050564,0.10783760413,0.0527925394954,0.103882304206,0.15732649718,0.14328243056,0.184980112195,0.163308607177,0.0156247509881,0.0312495139532,0.0624990832367,0.0937486581027,0.14062561915,0.187500946456,0.21875059601,0.250000832104
277,GR_skewright_n2,pilot_gr,,,,,SUCCEED,SpinQuasarClient,1773941716,2026-03-19T18:35:16,2026-03-19T18:37:18,122,3,21,18,11,2,8,126.4240,e9ca4045389ec743c6ca5d98e9f249f6134f79ad,0.0387536285216,0.105149994008,0.0424839237087,0.018776127246,0.149799904374,0.224533237885,0.189383620539,0.231119563718,0.0156247509881,0.0312495139532,0.0624990832367,0.0937486581027,0.14062561915,0.187500946456,0.21875059601,0.250000832104
278,GR_skewright_n3,pilot_gr,,,,,SUCCEED,SpinQuasarClient,1773941842,2026-03-19T18:37:22,2026-03-19T18:39:24,122,3,21,18,11,2,8,126.4240,e9ca4045389ec743c6ca5d98e9f249f6134f79ad,0.130850206947,0.0462829175289,0.025692250625,0.0314731042393,0.198923255539,0.187228123235,0.135408800582,0.244141341304,0.0156247509881,0.0312495139532,0.0624990832367,0.0937486581027,0.14062561915,0.187500946456,0.21875059601,0.250000832104
279,GR_skewright_n4,pilot_gr,,,,,SUCCEED,SpinQuasarClient,1773941968,2026-03-19T18:39:28,2026-03-19T18:41:30,122,3,21,18,11,2,8,126.4240,e9ca4045389ec743c6ca5d98e9f249f6134f79ad,0.0727680052745,0.0569530860599,0.0262984532549,0.100732671834,0.182740822163,0.125661164943,0.179597851354,0.255247945116,0.0156247509881,0.0312495139532,0.0624990832367,0.0937486581027,0.14062561915,0.187500946456,0.21875059601,0.250000832104
280,GR_skewright_n5,pilot_gr,,,,,SUCCEED,SpinQuasarClient,1773942094,2026-03-19T18:41:34,2026-03-19T18:43:33,119,3,21,18,11,2,8,126.4240,e9ca4045389ec743c6ca5d98e9f249f6134f79ad,0.0597964574462,0.12473501669,0.0077549694163,0.0299106552095,0.143149696933,0.221981416619,0.258054694878,0.154617092808,0.0156247509881,0.0312495139532,0.0624990832367,0.0937486581027,0.14062561915,0.187500946456,0.21875059601,0.250000832104
281,GR_skewright_n6,pilot_gr,,,,,SUCCEED,SpinQuasarClient,1773942218,2026-03-19T18:43:38,2026-03-19T18:45:39,121,3,21,18,11,2,8,126.4240,e9ca4045389ec743c6ca5d98e9f249f6134f79ad,0.0967734709646,0.0475096696744,0.0188068090004,0.0243614976166,0.233027197863,0.154527607205,0.147096533552,0.277897214124,0.0156247509881,0.0312495139532,0.0624990832367,0.0937486581027,0.14062561915,0.187500946456,0.21875059601,0.250000832104
282,GR_skewright_n7,pilot_gr,,,,,SUCCEED,SpinQuasarClient,1773942344,2026-03-19T18:45:44,2026-03-19T18:47:46,122,3,21,18,11,2,8,126.4240,e9ca4045389ec743c6ca5d98e9f249f6134f79ad,0.038254768178,0.0572744991766,0.0832243620709,0.0339534604986,0.116730563909,0.226641489193,0.257521031134,0.18639982584,0.0156247509881,0.0312495139532,0.0624990832367,0.0937486581027,0.14062561915,0.187500946456,0.21875059601,0.250000832104
283,GR_skewright_n8,pilot_gr,,,,,SUCCEED,SpinQuasarClient,1773942470,2026-03-19T18:47:50,2026-03-19T18:49:52,122,3,21,18,11,2,8,126.4240,e9ca4045389ec743c6ca5d98e9f249f6134f79ad,0.134549976942,0.071437869712,0.0329197522816,0.0972705413232,0.143448923989,0.177944352387,0.105779052697,0.236649530668,0.0156247509881,0.0312495139532,0.0624990832367,0.0937486581027,0.14062561915,0.187500946456,0.21875059601,0.250000832104
284,GR_skewright_n9,pilot_gr,,,,,SUCCEED,SpinQuasarClient,1773942596,2026-03-19T18:49:56,2026-03-19T18:51:58,122,3,21,18,11,2,8,126.4240,e9ca4045389ec743c6ca5d98e9f249f6134f79ad,0.0607245336041,0.0855462726461,0.0411910897386,0.0307976149262,0.151133687727,0.200369722688,0.246650278067,0.183586800603,0.0156247509881,0.0312495139532,0.0624990832367,0.0937486581027,0.14062561915,0.187500946456,0.21875059601,0.250000832104
285,GR_skewright_n10,pilot_gr,,,,,SUCCEED,SpinQuasarClient,1773942722,2026-03-19T18:52:02,2026-03-19T18:54:07,125,3,21,18,11,2,8,126.4240,e9ca4045389ec743c6ca5d98e9f249f6134f79ad,0.100550803836,0.0690462718975,0.0209453781476,0.0572866486091,0.199659218749,0.189291305659,0.124018187103,0.239202185998,0.0156247509881,0.0312495139532,0.0624990832367,0.0937486581027,0.14062561915,0.187500946456,0.21875059601,0.250000832104
286,GR_skewright_n11,pilot_gr,,,,,SUCCEED,SpinQuasarClient,1773942853,2026-03-19T18:54:14,2026-03-19T18:56:11,117,3,21,18,11,2,8,126.4240,e9ca4045389ec743c6ca5d98e9f249f6134f79ad,0.0799939904525,0.0819059942421,0.0176025308478,0.113319879238,0.203830869992,0.141546250306,0.178396191327,0.183404293595,0.0156247509881,0.0312495139532,0.0624990832367,0.0937486581027,0.14062561915,0.187500946456,0.21875059601,0.250000832104
287,GR_skewright_n12,pilot_gr,,,,,SUCCEED,SpinQuasarClient,1773942976,2026-03-19T18:56:16,2026-03-19T18:58:17,121,3,21,18,11,2,8,126.4240,e9ca4045389ec743c6ca5d98e9f249f6134f79ad,0.094396997304,0.0664918280832,0.0150579139061,0.0639750219153,0.161635728715,0.165770819944,0.229078002741,0.203593687391,0.0156247509881,0.0312495139532,0.0624990832367,0.0937486581027,0.14062561915,0.187500946456,0.21875059601,0.250000832104
288,GR_skewright_n13,pilot_gr,,,,,SUCCEED,SpinQuasarClient,1773943102,2026-03-19T18:58:22,2026-03-19T19:00:23,121,3,21,18,11,2,8,126.4240,e9ca4045389ec743c6ca5d98e9f249f6134f79ad,0.0789581462084,0.0552021754439,0.0191253687221,0.101026871739,0.173541738217,0.156765650521,0.155883674636,0.259496374513,0.0156247509881,0.0312495139532,0.0624990832367,0.0937486581027,0.14062561915,0.187500946456,0.21875059601,0.250000832104
289,GR_skewright_n14,pilot_gr,,,,,SUCCEED,SpinQuasarClient,1773943228,2026-03-19T19:00:28,2026-03-19T19:02:29,121,3,21,18,11,2,8,126.4240,e9ca4045389ec743c6ca5d98e9f249f6134f79ad,0.100620106819,0.0561550660001,0.0475345770352,0.0787059386861,0.126973328346,0.191434446672,0.15077842131,0.247798115131,0.0156247509881,0.0312495139532,0.0624990832367,0.0937486581027,0.14062561915,0.187500946456,0.21875059601,0.250000832104
290,GR_skewright_n15,pilot_gr,,,,,SUCCEED,SpinQuasarClient,1773943354,2026-03-19T19:02:34,2026-03-19T19:04:35,121,3,21,18,11,2,8,126.4240,e9ca4045389ec743c6ca5d98e9f249f6134f79ad,0.0640155657003,0.0745601815138,0.0449081792452,0.0153394153066,0.11545659828,0.279544598052,0.200742452081,0.205433009822,0.0156247509881,0.0312495139532,0.0624990832367,0.0937486581027,0.14062561915,0.187500946456,0.21875059601,0.250000832104
291,GR_skewright_n16,pilot_gr,,,,,SUCCEED,SpinQuasarClient,1773943480,2026-03-19T19:04:40,2026-03-19T19:06:42,122,3,21,18,11,2,8,126.4240,e9ca4045389ec743c6ca5d98e9f249f6134f79ad,0.093545123985,0.079854009695,0.0321897554272,0.0559953916807,0.110150678604,0.24643456729,0.202765402788,0.179065070531,0.0156247509881,0.0312495139532,0.0624990832367,0.0937486581027,0.14062561915,0.187500946456,0.21875059601,0.250000832104
292,GR_skewright_n17,pilot_gr,,,,,SUCCEED,SpinQuasarClient,1773943606,2026-03-19T19:06:46,2026-03-19T19:08:48,122,3,21,18,11,2,8,126.4240,e9ca4045389ec743c6ca5d98e9f249f6134f79ad,0.0833752987765,0.0841203854506,0.0464383397233,0.0266907148066,0.131176528995,0.257747284219,0.175876472667,0.194574975362,0.0156247509881,0.0312495139532,0.0624990832367,0.0937486581027,0.14062561915,0.187500946456,0.21875059601,0.250000832104
293,GR_skewright_n18,pilot_gr,,,,,SUCCEED,SpinQuasarClient,1773943732,2026-03-19T19:08:52,2026-03-19T19:10:54,122,3,21,18,11,2,8,126.4240,e9ca4045389ec743c6ca5d98e9f249f6134f79ad,0.0557917246431,0.040592080606,0.065714508826,0.0527270452112,0.157535889669,0.157667817386,0.1798212095,0.290149724159,0.0156247509881,0.0312495139532,0.0624990832367,0.0937486581027,0.14062561915,0.187500946456,0.21875059601,0.250000832104
294,GR_skewright_n19,pilot_gr,,,,,SUCCEED,SpinQuasarClient,1773943858,2026-03-19T19:10:58,2026-03-19T19:13:00,122,3,21,18,11,2,8,126.4240,e9ca4045389ec743c6ca5d98e9f249f6134f79ad,0.0641429074528,0.0691939648276,0.0766133779483,0.0254502847187,0.131729661156,0.199069168167,0.195240298647,0.238560337082,0.0156247509881,0.0312495139532,0.0624990832367,0.0937486581027,0.14062561915,0.187500946456,0.21875059601,0.250000832104
295,GR_skewright_n20,pilot_gr,,,,,SUCCEED,SpinQuasarClient,1773943984,2026-03-19T19:13:04,2026-03-19T19:15:06,122,3,21,18,11,2,8,126.4240,e9ca4045389ec743c6ca5d98e9f249f6134f79ad,0.15181973523,0.0391949500066,0.0442377497613,0.135475231537,0.152177972859,0.17026340682,0.119902533646,0.18692842014,0.0156247509881,0.0312495139532,0.0624990832367,0.0937486581027,0.14062561915,0.187500946456,0.21875059601,0.250000832104
296,GR_skewright_n21,pilot_gr,,,,,SUCCEED,SpinQuasarClient,1773944110,2026-03-19T19:15:10,2026-03-19T19:17:12,122,3,21,18,11,2,8,126.4240,e9ca4045389ec743c6ca5d98e9f249f6134f79ad,0.107720527204,0.0702786508142,0.00439086692314,0.0546220056475,0.185395045498,0.189961840384,0.17375202574,0.213879037789,0.0156247509881,0.0312495139532,0.0624990832367,0.0937486581027,0.14062561915,0.187500946456,0.21875059601,0.250000832104
297,GR_skewright_n22,pilot_gr,,,,,SUCCEED,SpinQuasarClient,1773944237,2026-03-19T19:17:17,2026-03-19T19:19:19,122,3,21,18,11,2,8,126.4240,e9ca4045389ec743c6ca5d98e9f249f6134f79ad,0.134783938053,0.0695675355803,0.0251358666024,0.0265913796125,0.172220456659,0.189804276396,0.149649789553,0.232246757543,0.0156247509881,0.0312495139532,0.0624990832367,0.0937486581027,0.14062561915,0.187500946456,0.21875059601,0.250000832104
298,GR_skewright_n23,pilot_gr,,,,,SUCCEED,SpinQuasarClient,1773944363,2026-03-19T19:19:23,2026-03-19T19:21:25,122,3,21,18,11,2,8,126.4240,e9ca4045389ec743c6ca5d98e9f249f6134f79ad,0.0521859125915,0.0842258707785,0.0444095999812,0.0163927045604,0.12651596025,0.202498590819,0.244045739907,0.229725621112,0.0156247509881,0.0312495139532,0.0624990832367,0.0937486581027,0.14062561915,0.187500946456,0.21875059601,0.250000832104
299,GR_skewright_n24,pilot_gr,,,,,SUCCEED,SpinQuasarClient,1773944490,2026-03-19T19:21:30,2026-03-19T19:23:31,121,3,21,18,11,2,8,126.4240,e9ca4045389ec743c6ca5d98e9f249f6134f79ad,0.0851448674504,0.129479401678,0.0742784250983,0.0203514044165,0.13432595869,0.215135208045,0.158618011431,0.182666723191,0.0156247509881,0.0312495139532,0.0624990832367,0.0937486581027,0.14062561915,0.187500946456,0.21875059601,0.250000832104
300,GR_skewright_n25,pilot_gr,,,,,SUCCEED,SpinQuasarClient,1773944616,2026-03-19T19:23:36,2026-03-19T19:25:37,121,3,21,18,11,2,8,126.4240,e9ca4045389ec743c6ca5d98e9f249f6134f79ad,0.0671531492922,0.0611812483545,0.0428597515198,0.0608143642577,0.181543032701,0.129449305878,0.162170480286,0.294828667711,0.0156247509881,0.0312495139532,0.0624990832367,0.0937486581027,0.14062561915,0.187500946456,0.21875059601,0.250000832104
301,GR_skewright_n1,pilot_gr,,,,,SUCCEED,SpinQuasarClient,1773944742,2026-03-19T19:25:42,2026-03-19T19:27:43,121,3,21,16,11,2,8,126.4240,eee21a374c153f4b37d152119ef1d61c86f62dc0,0.0360581739822,0.0304538491936,0.0194501085942,0.100754028536,0.146492563001,0.161062985848,0.215018559134,0.290709731711,0.0156247509881,0.0312495139532,0.0624990832367,0.0937486581027,0.14062561915,0.187500946456,0.21875059601,0.250000832104
302,GR_skewright_n2,pilot_gr,,,,,SUCCEED,SpinQuasarClient,1773944868,2026-03-19T19:27:48,2026-03-19T19:29:50,122,3,21,16,11,2,8,126.4240,eee21a374c153f4b37d152119ef1d61c86f62dc0,0.0461978335444,0.027117198291,0.0450718526987,0.079493275481,0.118203588803,0.159039649393,0.2211573954,0.303719206388,0.0156247509881,0.0312495139532,0.0624990832367,0.0937486581027,0.14062561915,0.187500946456,0.21875059601,0.250000832104
303,GR_skewright_n3,pilot_gr,,,,,SUCCEED,SpinQuasarClient,1773944994,2026-03-19T19:29:54,2026-03-19T19:31:56,122,3,21,16,11,2,8,126.4240,eee21a374c153f4b37d152119ef1d61c86f62dc0,0.075538969675,0.0698832180863,0.0566545642384,0.105178028597,0.120696026414,0.155093066523,0.192135604136,0.224820522331,0.0156247509881,0.0312495139532,0.0624990832367,0.0937486581027,0.14062561915,0.187500946456,0.21875059601,0.250000832104
304,GR_skewright_n4,pilot_gr,,,,,SUCCEED,SpinQuasarClient,1773945123,2026-03-19T19:32:03,2026-03-19T19:34:02,119,3,21,16,11,2,8,126.4240,eee21a374c153f4b37d152119ef1d61c86f62dc0,0.0593299181796,0.0726628887012,0.0548266125339,0.114138903091,0.139315572913,0.114259354195,0.206559668887,0.238907081499,0.0156247509881,0.0312495139532,0.0624990832367,0.0937486581027,0.14062561915,0.187500946456,0.21875059601,0.250000832104
305,GR_palindromic_n1,pilot_gr,,,,,SUCCEED,SpinQuasarClient,1773945835,2026-03-19T19:43:55,2026-03-19T19:45:43,108,3,3,3,3,0,0,90.0000,17d3d1b2756f221dec4ead05b9536d2f1ba59863,0.384597870172,0.00669873121872,0.0213359114566,0.0400960647993,0.472656822109,0.0148852671417,0.0283721947265,0.0313571383765,0.500000000097,0,0,0,0.499999999903,0,0,0
306,GR_palindromic_n1,pilot_gr,,,,,SUCCEED,SpinQuasarClient,1773945947,2026-03-19T19:45:47,2026-03-19T19:47:46,119,3,3,3,3,0,0,90.0000,17d3d1b2756f221dec4ead05b9536d2f1ba59863,0.38493270911,0.0189802388872,0.0804753789554,0.0535645934112,0.388781613499,0.0186345562516,0.0211896890374,0.0334412208488,0.500000000097,0,0,0,0.499999999903,0,0,0
307,GR_palindromic_n1,pilot_gr,,,,,SUCCEED,SpinQuasarClient,1773951729,2026-03-19T21:22:09,2026-03-19T21:23:59,110,3,13,11,7,2,4,90.0000,de049314b165932dd00c1b1be1690c14dfafcb65,0.174423154046,0.0218519064911,0.214787513852,0.034455850024,0.360418465626,0.0362874021984,0.0971769722684,0.0605987354943,0.149999914019,0,0.350000086079,0,0.350000086032,0,0.149999913871,0
308,GR_test_full_B_n1,pilot_gr,,,,,SUCCEED,SpinQuasarClient,1773951880,2026-03-19T21:24:40,2026-03-19T21:26:29,109,3,21,16,11,2,8,120.0000,363a8c510198155586016ac516e26e5baacba3c5,0.125598791837,0.0336617800095,0.0496211556968,0.101222117557,0.0579843980474,0.136630447322,0.249128126362,0.246153183168,0.0156251558947,0.0468748441615,0.0781255134583,0.109374486598,0.140626067768,0.171874372563,0.203125990392,0.234373569165
309,GR_test_full_B_n1,pilot_gr,,,,,SUCCEED,SpinQuasarClient,1774008793,2026-03-20T13:13:13,2026-03-20T13:15:04,111,3,21,16,11,2,8,120.0000,363a8c510198155586016ac516e26e5baacba3c5,0.0759095302528,0.0547779852007,0.0613209024686,0.091600538689,0.149379403904,0.114392532276,0.225801434826,0.226817672382,0.0156251558947,0.0468748441615,0.0781255134583,0.109374486598,0.140626067768,0.171874372563,0.203125990392,0.234373569165
345,GR_test_full_B_n1,pilot_gr,,,,,SUCCEED,SpinQuasarClient,1774432413,2026-03-25T10:53:33,2026-03-25T10:55:23,110,3,21,16,11,2,8,120.0000,363a8c510198155586016ac516e26e5baacba3c5,0.0560430577313,0.053739944621,0.0698399521303,0.115425558722,0.138654799855,0.136277414642,0.208854142276,0.221165130024,0.0156251558947,0.0468748441615,0.0781255134583,0.109374486598,0.140626067768,0.171874372563,0.203125990392,0.234373569165
351,bit_order_calib_none,characterisation_readout,,,,,SUCCEED,SpinQuasarClient,1774735477,2026-03-28T23:04:37,2026-03-28T23:06:26,109,3,2,2,2,0,0,0.0573,16842ddb23a5fa9d26841b0fbccc46a8c770326e,0.945606996613,0.0110323124826,0.00749167749838,0.00442424853185,0.0116496061827,0.0133467316807,0.00350185291534,0.00294657409498,1,0,0,0,0,0,0,0
352,bit_order_calib_x_q0,characterisation_readout,,,,,SUCCEED,SpinQuasarClient,1774735590,2026-03-28T23:06:30,2026-03-28T23:08:26,116,3,3,3,2,1,0,,21c619c8c4bde32e9485920dfd4c395ac6db3758,0.00801207357352,0.00716333160358,0.0199617727357,0.0288212591075,0.875336130088,0.0216854805736,0.0188110116166,0.0202089407012,0,0,0,0,1,0,0,0
353,bit_order_calib_x_q1,characterisation_readout,,,,,SUCCEED,SpinQuasarClient,1774735710,2026-03-28T23:08:30,2026-03-28T23:10:27,117,3,3,2,2,1,0,0.0573,3974a7694365c2ce5dc39b392f9e22e9dded8179,0.00609865106383,0.0378510413242,0.878040734327,0.00900602512065,0.0252289545103,0.021870459791,0.0139823904562,0.00792174340715,0,0,1,0,0,0,0,0
354,bit_order_calib_x_q2,characterisation_readout,,,,,SUCCEED,SpinQuasarClient,1774735830,2026-03-28T23:10:30,2026-03-28T23:12:29,119,3,3,2,2,1,0,0.0573,d082ff374006f506d4b06a787f6aa67eb80ab4a9,0.0332871204158,0.857347166911,0.0224948312581,0.00965140327557,0.00597129098888,0.0064581201453,0.0107991652867,0.0539909017185,0,1,0,0,0,0,0,0
355,bit_order_calib_x_q0_q1,characterisation_readout,,,,,SUCCEED,SpinQuasarClient,1774735953,2026-03-28T23:12:33,2026-03-28T23:14:31,118,3,4,3,2,2,0,,e8b6fb4c2162642982ff7ef95c7e870c0f0a46e6,0.0270745529749,0.0374845903432,0.0131993191658,0.011402332611,0.0189927320482,0.0566754297121,0.828393212333,0.00677783081179,0,0,0,0,0,0,1,0
356,bit_order_calib_x_q0_q2,characterisation_readout,,,,,SUCCEED,SpinQuasarClient,1774736074,2026-03-28T23:14:34,2026-03-28T23:16:34,120,3,4,3,2,2,0,,ab945216e7edf0a3e347bd03c974dfaabeeeb880,0.012045029466,0.0153758008717,0.0202001527548,0.00874421934422,0.0195953549848,0.8679708434,0.0330425663078,0.0230260328706,0,0,0,0,0,1,0,0
357,bit_order_calib_x_q1_q2,characterisation_readout,,,,,SUCCEED,SpinQuasarClient,1774736198,2026-03-28T23:16:38,2026-03-28T23:18:48,130,3,4,2,2,2,0,0.0573,cbcf120af6ab665c68f254488eca44942ee28454,0.0383268723655,0.0129715425199,0.0234076781176,0.854715339494,0.00939486868538,0.0232664432245,0.0279337864156,0.00998346917726,0,0,0,1,0,0,0,0
358,bit_order_calib_x_q0_q1_q2,characterisation_readout,,,,,SUCCEED,SpinQuasarClient,1774736332,2026-03-28T23:18:52,2026-03-28T23:20:49,117,3,5,3,2,3,0,,e3174b6a08b64bda523674896f54360d8c569f7c,0.0223316848799,0.0342511932242,0.0196484568115,0.0251430941842,0.0421594439164,0.0450852357157,0.00348261269836,0.80789827857,0,0,0,0,0,0,0,1
404,gr_D5_L0_A_001,campaign_v2,D5,L0,A,1,SUCCEED,SpinQuasarClient,1775027503,2026-04-01T09:11:43,2026-04-01T09:13:31,108,3,1,1,1,0,0,59.0368,b86c4d2cdf2b54dab4cd3177c73be5eccab32941,0.646056406737,0.0275535184695,0.0238061871395,0.0298858728165,0.23992768901,0.0166762022558,0.0112435307649,0.00485059280656,0.757243713206,0,0,0,0.242756286794,0,0,0
405,gr_D5_L0_A_002,campaign_v2,D5,L0,A,2,SUCCEED,SpinQuasarClient,1775027613,2026-04-01T09:13:33,2026-04-01T09:15:32,119,3,1,1,1,0,0,59.0368,b86c4d2cdf2b54dab4cd3177c73be5eccab32941,0.675577617693,0.00602406051072,0.0265575944533,0.0208161344109,0.231868676571,0.0241557731032,0.00510990218815,0.00989024106943,0.757243713206,0,0,0,0.242756286794,0,0,0
406,gr_D5_L0_A_003,campaign_v2,D5,L0,A,3,SUCCEED,SpinQuasarClient,1775027734,2026-04-01T09:15:34,2026-04-01T09:17:37,123,3,1,1,1,0,0,59.0368,b86c4d2cdf2b54dab4cd3177c73be5eccab32941,0.659874029926,0.0088394736054,0.0285955294927,0.0370624631256,0.238260234028,0.0148616713824,0.00409803056031,0.00840856788009,0.757243713206,0,0,0,0.242756286794,0,0,0
407,gr_D5_L0_A_004,campaign_v2,D5,L0,A,4,SUCCEED,SpinQuasarClient,1775027860,2026-04-01T09:17:40,2026-04-01T09:19:40,120,3,1,1,1,0,0,59.0368,b86c4d2cdf2b54dab4cd3177c73be5eccab32941,0.605789049247,0.0333298086541,0.03063130597,0.0241067403045,0.251114837634,0.0144090760097,0.0381772449331,0.0024419372474,0.757243713206,0,0,0,0.242756286794,0,0,0
408,gr_D5_L0_A_005,campaign_v2,D5,L0,A,5,SUCCEED,SpinQuasarClient,1775027983,2026-04-01T09:19:43,2026-04-01T09:21:43,120,3,1,1,1,0,0,59.0368,b86c4d2cdf2b54dab4cd3177c73be5eccab32941,0.678433292434,0.00885399838851,0.0234562376052,0.0131473455705,0.233522316035,0.0122128181435,0.0227168905044,0.00765710131874,0.757243713206,0,0,0,0.242756286794,0,0,0
409,gr_D5_L01_A_001,campaign_v2,D5,L01,A,1,SUCCEED,SpinQuasarClient,1775028106,2026-04-01T09:21:46,2026-04-01T09:23:49,123,3,11,9,5,2,4,59.0368,73f2920b094b7ee706e36ea1f066e491cf7f1894,0.520274630678,0.041525319125,0.0932494330625,0.069045055236,0.0661245658012,0.025427864773,0.155278132402,0.0290749989222,0.554035276001,0,0.203208437205,0,0.0408996341897,0,0.201856652604,0
410,gr_D5_L01_A_002,campaign_v2,D5,L01,A,2,SUCCEED,SpinQuasarClient,1775028231,2026-04-01T09:23:51,2026-04-01T09:25:53,122,3,11,9,5,2,4,59.0368,73f2920b094b7ee706e36ea1f066e491cf7f1894,0.488736086945,0.063667003288,0.121594620467,0.0427294775801,0.0584913248629,0.0304185025583,0.175432819396,0.0189301649028,0.554035276001,0,0.203208437205,0,0.0408996341897,0,0.201856652604,0
411,gr_D5_L01_A_003,campaign_v2,D5,L01,A,3,SUCCEED,SpinQuasarClient,1775028356,2026-04-01T09:25:56,2026-04-01T09:27:59,123,3,11,9,5,2,4,59.0368,73f2920b094b7ee706e36ea1f066e491cf7f1894,0.502394177412,0.0435785512074,0.120328383932,0.0363655450018,0.064918998359,0.0308515411998,0.173316935147,0.0282458677401,0.554035276001,0,0.203208437205,0,0.0408996341897,0,0.201856652604,0
412,gr_D5_L01_A_004,campaign_v2,D5,L01,A,4,SUCCEED,SpinQuasarClient,1775028482,2026-04-01T09:28:02,2026-04-01T09:30:05,123,3,11,9,5,2,4,59.0368,73f2920b094b7ee706e36ea1f066e491cf7f1894,0.467837570889,0.0615623235598,0.131474681615,0.0439145192601,0.0588726879941,0.0269803490901,0.183318392426,0.0260394751666,0.554035276001,0,0.203208437205,0,0.0408996341897,0,0.201856652604,0
413,gr_D5_L01_A_005,campaign_v2,D5,L01,A,5,SUCCEED,SpinQuasarClient,1775028608,2026-04-01T09:30:08,2026-04-01T09:32:08,120,3,11,9,5,2,4,59.0368,73f2920b094b7ee706e36ea1f066e491cf7f1894,0.485055467579,0.0620774241805,0.117749580993,0.0443469060124,0.0581197950526,0.0322637661378,0.177813616152,0.0225734438932,0.554035276001,0,0.203208437205,0,0.0408996341897,0,0.201856652604,0
414,gr_D5_FULL_A_001,campaign_v2,D5,FULL,A,1,SUCCEED,SpinQuasarClient,1775028731,2026-04-01T09:32:11,2026-04-01T09:34:11,120,3,19,16,9,2,8,59.0368,165a3b9a39c3bfdfc3af0bcf201afbea08603bb7,0.176559740641,0.295769769868,0.0271393156089,0.231769565485,0.00451467504535,0.0579167156856,0.180602702838,0.0257275148264,0.213797629831,0.34023764617,0.00235714951356,0.200851287691,0.00436178888771,0.0365378453019,0.119170855838,0.0826857967664
415,gr_D5_FULL_A_002,campaign_v2,D5,FULL,A,2,SUCCEED,SpinQuasarClient,1775028854,2026-04-01T09:34:14,2026-04-01T09:36:18,124,3,19,16,9,2,8,59.0368,165a3b9a39c3bfdfc3af0bcf201afbea08603bb7,0.196106269974,0.332432130341,0.061253285573,0.177399795116,0.0142801416864,0.0506908846859,0.109534486933,0.0583030056912,0.213797629831,0.34023764617,0.00235714951356,0.200851287691,0.00436178888771,0.0365378453019,0.119170855838,0.0826857967664
416,gr_D5_FULL_A_003,campaign_v2,D5,FULL,A,3,SUCCEED,SpinQuasarClient,1775028981,2026-04-01T09:36:21,2026-04-01T09:38:24,123,3,19,16,9,2,8,59.0368,165a3b9a39c3bfdfc3af0bcf201afbea08603bb7,0.183523511227,0.242413665846,0.0291747433457,0.206740995202,0.0366454533759,0.10462620004,0.124202034539,0.0726733964248,0.213797629831,0.34023764617,0.00235714951356,0.200851287691,0.00436178888771,0.0365378453019,0.119170855838,0.0826857967664
417,gr_D5_FULL_A_004,campaign_v2,D5,FULL,A,4,SUCCEED,SpinQuasarClient,1775029106,2026-04-01T09:38:26,2026-04-01T09:40:30,124,3,19,16,9,2,8,59.0368,165a3b9a39c3bfdfc3af0bcf201afbea08603bb7,0.212585645236,0.312171619391,0.0327726992486,0.236012803714,0.00717320619649,0.043722828555,0.117412964895,0.038148232764,0.213797629831,0.34023764617,0.00235714951356,0.200851287691,0.00436178888771,0.0365378453019,0.119170855838,0.0826857967664
418,gr_D5_FULL_A_005,campaign_v2,D5,FULL,A,5,SUCCEED,SpinQuasarClient,1775029233,2026-04-01T09:40:33,2026-04-01T09:42:36,123,3,19,16,9,2,8,59.0368,165a3b9a39c3bfdfc3af0bcf201afbea08603bb7,0.138981062738,0.274121462251,0.0408457259947,0.216795840541,0.0336625550372,0.0988433086505,0.157654202612,0.039095842176,0.213797629831,0.34023764617,0.00235714951356,0.200851287691,0.00436178888771,0.0365378453019,0.119170855838,0.0826857967664
419,gr_D5_FULL_B_001,campaign_v2,D5,FULL,B,1,SUCCEED,SpinQuasarClient,1775029359,2026-04-01T09:42:39,2026-04-01T09:44:42,123,3,19,16,9,2,8,59.0368,d370e25da6e1ff845bc4755608afd25133fae632,0.211328438131,0.336783640494,0.0237700125586,0.227032574639,0.0505022990097,0.0567646253137,0.0693367427562,0.0244816670979,0.213797629831,0.34023764617,0.00235714951356,0.200851287691,0.00436178888771,0.0365378453019,0.119170855838,0.0826857967664
420,gr_D5_FULL_B_002,campaign_v2,D5,FULL,B,2,SUCCEED,SpinQuasarClient,1775029484,2026-04-01T09:44:45,2026-04-01T09:46:49,124,3,19,16,9,2,8,59.0368,d370e25da6e1ff845bc4755608afd25133fae632,0.205061900306,0.309470414729,0.046909269463,0.218386390321,0.0146842129408,0.0894581774539,0.0506997936822,0.0653298411039,0.213797629831,0.34023764617,0.00235714951356,0.200851287691,0.00436178888771,0.0365378453019,0.119170855838,0.0826857967664
421,gr_D5_FULL_B_003,campaign_v2,D5,FULL,B,3,SUCCEED,SpinQuasarClient,1775029611,2026-04-01T09:46:51,2026-04-01T09:48:55,124,3,19,16,9,2,8,59.0368,d370e25da6e1ff845bc4755608afd25133fae632,0.230061345947,0.315989066714,0.0343421877561,0.205654796519,0.0364396466512,0.0629842408213,0.085202277686,0.029326437906,0.213797629831,0.34023764617,0.00235714951356,0.200851287691,0.00436178888771,0.0365378453019,0.119170855838,0.0826857967664
422,gr_D5_FULL_B_004,campaign_v2,D5,FULL,B,4,SUCCEED,SpinQuasarClient,1775029737,2026-04-01T09:48:57,2026-04-01T09:51:01,124,3,19,16,9,2,8,59.0368,d370e25da6e1ff845bc4755608afd25133fae632,0.220581260933,0.28239754259,0.05306325234,0.203258002919,0.00958900714529,0.116939577957,0.0736242821507,0.0405470739655,0.213797629831,0.34023764617,0.00235714951356,0.200851287691,0.00436178888771,0.0365378453019,0.119170855838,0.0826857967664
423,gr_D5_FULL_B_005,campaign_v2,D5,FULL,B,5,SUCCEED,SpinQuasarClient,1775029863,2026-04-01T09:51:03,2026-04-01T09:53:07,124,3,19,16,9,2,8,59.0368,d370e25da6e1ff845bc4755608afd25133fae632,0.164949749362,0.333051060441,0.0277942636888,0.230695947905,0.0367349045199,0.0650364232151,0.121190698369,0.0205469524981,0.213797629831,0.34023764617,0.00235714951356,0.200851287691,0.00436178888771,0.0365378453019,0.119170855838,0.0826857967664
424,gr_D5_L0_A_006,campaign_v2,D5,L0,A,6,SUCCEED,SpinQuasarClient,1775029989,2026-04-01T09:53:09,2026-04-01T09:55:10,121,3,1,1,1,0,0,59.0368,b86c4d2cdf2b54dab4cd3177c73be5eccab32941,0.637557200488,0.0210172850083,0.0176428820808,0.0285668802283,0.243539392129,0.0153464459315,0.0342137892852,0.00211612484824,0.757243713206,0,0,0,0.242756286794,0,0,0
425,gr_D5_L0_A_007,campaign_v2,D5,L0,A,7,SUCCEED,SpinQuasarClient,1775030113,2026-04-01T09:55:13,2026-04-01T09:57:12,119,3,1,1,1,0,0,59.0368,b86c4d2cdf2b54dab4cd3177c73be5eccab32941,0.622798720086,0.0257288641608,0.0387597589537,0.0294444967456,0.229541701738,0.0173639536673,0.0334123443106,0.00295016033854,0.757243713206,0,0,0,0.242756286794,0,0,0
426,gr_D5_L0_A_008,campaign_v2,D5,L0,A,8,SUCCEED,SpinQuasarClient,1775030235,2026-04-01T09:57:15,2026-04-01T09:59:14,119,3,1,1,1,0,0,59.0368,b86c4d2cdf2b54dab4cd3177c73be5eccab32941,0.658366241889,0.0148813574308,0.036038896251,0.0235453948269,0.219745948701,0.0242287127591,0.0195348151664,0.00365863297513,0.757243713206,0,0,0,0.242756286794,0,0,0
427,gr_D5_L0_A_009,campaign_v2,D5,L0,A,9,SUCCEED,SpinQuasarClient,1775030356,2026-04-01T09:59:16,2026-04-01T10:01:17,121,3,1,1,1,0,0,59.0368,b86c4d2cdf2b54dab4cd3177c73be5eccab32941,0.603683526133,0.0296316861934,0.047810425978,0.0299054369948,0.235870163033,0.0298835815603,0.0178546041974,0.00536057590985,0.757243713206,0,0,0,0.242756286794,0,0,0
428,gr_D5_L0_A_010,campaign_v2,D5,L0,A,10,SUCCEED,SpinQuasarClient,1775030479,2026-04-01T10:01:19,2026-04-01T10:03:20,121,3,1,1,1,0,0,59.0368,b86c4d2cdf2b54dab4cd3177c73be5eccab32941,0.69207852793,0.00427334888761,0.0279065259042,0.0132261524335,0.220246886558,0.0202785554222,0.00886331641731,0.0131266864471,0.757243713206,0,0,0,0.242756286794,0,0,0
429,gr_D5_L01_A_006,campaign_v2,D5,L01,A,6,SUCCEED,SpinQuasarClient,1775030602,2026-04-01T10:03:22,2026-04-01T10:05:23,121,3,11,9,5,2,4,59.0368,73f2920b094b7ee706e36ea1f066e491cf7f1894,0.501635649255,0.0365298408231,0.105461735309,0.0820709852838,0.0583631404459,0.0258449613197,0.156898591259,0.0331950963042,0.554035276001,0,0.203208437205,0,0.0408996341897,0,0.201856652604,0
430,gr_D5_L01_A_007,campaign_v2,D5,L01,A,7,SUCCEED,SpinQuasarClient,1775030726,2026-04-01T10:05:27,2026-04-01T10:07:30,123,3,11,9,5,2,4,59.0368,73f2920b094b7ee706e36ea1f066e491cf7f1894,0.504844761625,0.0373948945836,0.11087525109,0.048394685782,0.0532729609122,0.0514500648505,0.155555270033,0.0382121111229,0.554035276001,0,0.203208437205,0,0.0408996341897,0,0.201856652604,0
431,gr_D5_L01_A_008,campaign_v2,D5,L01,A,8,SUCCEED,SpinQuasarClient,1775030852,2026-04-01T10:07:32,2026-04-01T10:09:31,119,3,11,9,5,2,4,59.0368,73f2920b094b7ee706e36ea1f066e491cf7f1894,0.48663076545,0.0699271017607,0.122870583201,0.0274909671344,0.0619313330704,0.0310196011247,0.174828319893,0.0253013283656,0.554035276001,0,0.203208437205,0,0.0408996341897,0,0.201856652604,0
432,gr_D5_L01_A_009,campaign_v2,D5,L01,A,9,SUCCEED,SpinQuasarClient,1775030974,2026-04-01T10:09:34,2026-04-01T10:11:36,122,3,11,9,5,2,4,59.0368,73f2920b094b7ee706e36ea1f066e491cf7f1894,0.512433492349,0.0594141928172,0.0975625309672,0.0499515598211,0.0580490719101,0.0238519908152,0.157325832827,0.0414113284937,0.554035276001,0,0.203208437205,0,0.0408996341897,0,0.201856652604,0
433,gr_D5_L01_A_010,campaign_v2,D5,L01,A,10,SUCCEED,SpinQuasarClient,1775031098,2026-04-01T10:11:38,2026-04-01T10:13:39,121,3,11,9,5,2,4,59.0368,73f2920b094b7ee706e36ea1f066e491cf7f1894,0.50690661362,0.0413271905918,0.102661304649,0.0480176477059,0.0564683222457,0.0486033771296,0.161639952844,0.0343755912136,0.554035276001,0,0.203208437205,0,0.0408996341897,0,0.201856652604,0
434,gr_D5_FULL_A_006,campaign_v2,D5,FULL,A,6,SUCCEED,SpinQuasarClient,1775031221,2026-04-01T10:13:41,2026-04-01T10:15:46,125,3,19,16,9,2,8,59.0368,165a3b9a39c3bfdfc3af0bcf201afbea08603bb7,0.180385171952,0.280930587557,0.0272632512619,0.235701792239,0.0181095371619,0.0728418278336,0.147345780121,0.0374220518742,0.213797629831,0.34023764617,0.00235714951356,0.200851287691,0.00436178888771,0.0365378453019,0.119170855838,0.0826857967664
435,gr_D5_FULL_A_007,campaign_v2,D5,FULL,A,7,SUCCEED,SpinQuasarClient,1775031349,2026-04-01T10:15:49,2026-04-01T10:17:52,123,3,19,16,9,2,8,59.0368,165a3b9a39c3bfdfc3af0bcf201afbea08603bb7,0.194545144787,0.316207687932,0.0715028404175,0.17843654228,0.00950937778092,0.0530768872603,0.108899505821,0.067822013721,0.213797629831,0.34023764617,0.00235714951356,0.200851287691,0.00436178888771,0.0365378453019,0.119170855838,0.0826857967664
436,gr_D5_FULL_A_008,campaign_v2,D5,FULL,A,8,SUCCEED,SpinQuasarClient,1775031474,2026-04-01T10:17:54,2026-04-01T10:19:58,124,3,19,16,9,2,8,59.0368,165a3b9a39c3bfdfc3af0bcf201afbea08603bb7,0.217182081556,0.304232040545,0.0497276247794,0.176274300741,0.0139289217579,0.061168795913,0.100686905336,0.0767993293716,0.213797629831,0.34023764617,0.00235714951356,0.200851287691,0.00436178888771,0.0365378453019,0.119170855838,0.0826857967664
437,gr_D5_FULL_A_009,campaign_v2,D5,FULL,A,9,SUCCEED,SpinQuasarClient,1775031600,2026-04-01T10:20:00,2026-04-01T10:22:04,124,3,19,16,9,2,8,59.0368,165a3b9a39c3bfdfc3af0bcf201afbea08603bb7,0.185739206347,0.331611699351,0.0476557734366,0.176231288209,0.026160054334,0.0607205682725,0.115328251346,0.0565531587037,0.213797629831,0.34023764617,0.00235714951356,0.200851287691,0.00436178888771,0.0365378453019,0.119170855838,0.0826857967664
438,gr_D5_FULL_A_010,campaign_v2,D5,FULL,A,10,SUCCEED,SpinQuasarClient,1775031726,2026-04-01T10:22:06,2026-04-01T10:24:10,124,3,19,16,9,2,8,59.0368,165a3b9a39c3bfdfc3af0bcf201afbea08603bb7,0.16382791397,0.270070686962,0.0436838069865,0.237684712775,0.0291310622796,0.0735754031569,0.124305653907,0.0577207599628,0.213797629831,0.34023764617,0.00235714951356,0.200851287691,0.00436178888771,0.0365378453019,0.119170855838,0.0826857967664
439,gr_D5_FULL_B_006,campaign_v2,D5,FULL,B,6,SUCCEED,SpinQuasarClient,1775031852,2026-04-01T10:24:12,2026-04-01T10:26:16,124,3,19,16,9,2,8,59.0368,d370e25da6e1ff845bc4755608afd25133fae632,0.159991259394,0.326917441097,0.0294464714054,0.192119936732,0.0618927364633,0.0902069363632,0.128081247474,0.0113439710699,0.213797629831,0.34023764617,0.00235714951356,0.200851287691,0.00436178888771,0.0365378453019,0.119170855838,0.0826857967664
440,gr_D5_FULL_B_007,campaign_v2,D5,FULL,B,7,SUCCEED,SpinQuasarClient,1775031979,2026-04-01T10:26:19,2026-04-01T10:28:23,124,3,19,16,9,2,8,59.0368,d370e25da6e1ff845bc4755608afd25133fae632,0.230497064554,0.282209867454,0.0324499338346,0.240324837416,0.0168353186023,0.0909186992021,0.0480447188464,0.058719560091,0.213797629831,0.34023764617,0.00235714951356,0.200851287691,0.00436178888771,0.0365378453019,0.119170855838,0.0826857967664
441,gr_D5_FULL_B_008,campaign_v2,D5,FULL,B,8,SUCCEED,SpinQuasarClient,1775032105,2026-04-01T10:28:25,2026-04-01T10:30:29,124,3,19,16,9,2,8,59.0368,d370e25da6e1ff845bc4755608afd25133fae632,0.132072829284,0.229603566865,0.0219258795786,0.226302346129,0.0785222279276,0.118482752532,0.147285846994,0.0458045506904,0.213797629831,0.34023764617,0.00235714951356,0.200851287691,0.00436178888771,0.0365378453019,0.119170855838,0.0826857967664
442,gr_D5_FULL_B_009,campaign_v2,D5,FULL,B,9,SUCCEED,SpinQuasarClient,1775032231,2026-04-01T10:30:31,2026-04-01T10:32:35,124,3,19,16,9,2,8,59.0368,d370e25da6e1ff845bc4755608afd25133fae632,0.188891107356,0.297185074205,0.0145823393225,0.217009733072,0.0803901966292,0.0597906754886,0.0969831416372,0.0451677322896,0.213797629831,0.34023764617,0.00235714951356,0.200851287691,0.00436178888771,0.0365378453019,0.119170855838,0.0826857967664
443,gr_D5_FULL_B_010,campaign_v2,D5,FULL,B,10,SUCCEED,SpinQuasarClient,1775032358,2026-04-01T10:32:38,2026-04-01T10:34:41,123,3,19,16,9,2,8,59.0368,d370e25da6e1ff845bc4755608afd25133fae632,0.158687353543,0.237384028481,0.0802594136603,0.197584780387,0.0610178050566,0.101225007363,0.102944602984,0.0608970085245,0.213797629831,0.34023764617,0.00235714951356,0.200851287691,0.00436178888771,0.0365378453019,0.119170855838,0.0826857967664
444,gr_D5_L0_A_011,campaign_v2,D5,L0,A,11,SUCCEED,SpinQuasarClient,1775032484,2026-04-01T10:34:44,2026-04-01T10:36:44,120,3,1,1,1,0,0,59.0368,b86c4d2cdf2b54dab4cd3177c73be5eccab32941,0.700560205902,0.0211222447082,0.0238845623614,0.0127843076415,0.198871466523,0.0126912053568,0.0247651774762,0.00532083003015,0.757243713206,0,0,0,0.242756286794,0,0,0
445,gr_D5_L0_A_012,campaign_v2,D5,L0,A,12,SUCCEED,SpinQuasarClient,1775032607,2026-04-01T10:36:47,2026-04-01T10:38:47,120,3,1,1,1,0,0,59.0368,b86c4d2cdf2b54dab4cd3177c73be5eccab32941,0.654687775683,0.00463956917794,0.0432204750232,0.0131815574565,0.227944230948,0.0376116323758,0.0164835636258,0.0022311957098,0.757243713206,0,0,0,0.242756286794,0,0,0
446,gr_D5_L0_A_013,campaign_v2,D5,L0,A,13,SUCCEED,SpinQuasarClient,1775032730,2026-04-01T10:38:50,2026-04-01T10:40:51,121,3,1,1,1,0,0,59.0368,b86c4d2cdf2b54dab4cd3177c73be5eccab32941,0.623899747784,0.0225291383747,0.0238439156274,0.0439887238794,0.234608251935,0.020217379712,0.0289464853075,0.00196635738036,0.757243713206,0,0,0,0.242756286794,0,0,0
447,gr_D5_L0_A_014,campaign_v2,D5,L0,A,14,SUCCEED,SpinQuasarClient,1775032853,2026-04-01T10:40:54,2026-04-01T10:42:51,117,3,1,1,1,0,0,59.0368,b86c4d2cdf2b54dab4cd3177c73be5eccab32941,0.623442854134,0.0287237190369,0.0474806066144,0.0189421358825,0.237618447735,0.0237339194946,0.0179982977929,0.00206001930947,0.757243713206,0,0,0,0.242756286794,0,0,0
448,gr_D5_L0_A_015,campaign_v2,D5,L0,A,15,SUCCEED,SpinQuasarClient,1775032974,2026-04-01T10:42:54,2026-04-01T10:44:54,120,3,1,1,1,0,0,59.0368,b86c4d2cdf2b54dab4cd3177c73be5eccab32941,0.684035259367,0.016498006501,0.0269854000163,0.0258747005179,0.220616041413,0.0105234000379,0.0110437828659,0.00442340928082,0.757243713206,0,0,0,0.242756286794,0,0,0
449,gr_D5_L01_A_011,campaign_v2,D5,L01,A,11,SUCCEED,SpinQuasarClient,1775033097,2026-04-01T10:44:57,2026-04-01T10:46:57,120,3,11,9,5,2,4,59.0368,73f2920b094b7ee706e36ea1f066e491cf7f1894,0.483372571156,0.0596536169322,0.0934149143166,0.0663108119728,0.0616145153192,0.0336658675817,0.171777102161,0.0301906005601,0.554035276001,0,0.203208437205,0,0.0408996341897,0,0.201856652604,0
450,gr_D5_L01_A_012,campaign_v2,D5,L01,A,12,SUCCEED,SpinQuasarClient,1775033220,2026-04-01T10:47:00,2026-04-01T10:49:01,121,3,11,9,5,2,4,59.0368,73f2920b094b7ee706e36ea1f066e491cf7f1894,0.546993670701,0.0367888163793,0.0872537839127,0.0660419860896,0.0483355784618,0.0323947838949,0.16563639153,0.0165549890304,0.554035276001,0,0.203208437205,0,0.0408996341897,0,0.201856652604,0
451,gr_D5_L01_A_013,campaign_v2,D5,L01,A,13,SUCCEED,SpinQuasarClient,1775033343,2026-04-01T10:49:03,2026-04-01T10:51:04,121,3,11,9,5,2,4,59.0368,73f2920b094b7ee706e36ea1f066e491cf7f1894,0.529156424615,0.0370382232526,0.102102577802,0.0460354179791,0.0684812508776,0.0381662718632,0.136886364468,0.0421334691425,0.554035276001,0,0.203208437205,0,0.0408996341897,0,0.201856652604,0
452,gr_D5_L01_A_014,campaign_v2,D5,L01,A,14,SUCCEED,SpinQuasarClient,1775033467,2026-04-01T10:51:07,2026-04-01T10:53:07,120,3,11,9,5,2,4,59.0368,73f2920b094b7ee706e36ea1f066e491cf7f1894,0.46915095634,0.0343974016658,0.120780633862,0.100442510573,0.0905718608322,0.0277439814364,0.135876174041,0.0210364812498,0.554035276001,0,0.203208437205,0,0.0408996341897,0,0.201856652604,0
453,gr_D5_L01_A_015,campaign_v2,D5,L01,A,15,SUCCEED,SpinQuasarClient,1775033590,2026-04-01T10:53:10,2026-04-01T10:55:08,118,3,11,9,5,2,4,59.0368,73f2920b094b7ee706e36ea1f066e491cf7f1894,0.543255521351,0.0448098409704,0.0912259724515,0.0404493990239,0.0500304596532,0.0374358451402,0.163081212013,0.0297117493967,0.554035276001,0,0.203208437205,0,0.0408996341897,0,0.201856652604,0
454,gr_D5_FULL_A_011,campaign_v2,D5,FULL,A,11,SUCCEED,SpinQuasarClient,1775033711,2026-04-01T10:55:11,2026-04-01T10:57:14,123,3,19,16,9,2,8,59.0368,165a3b9a39c3bfdfc3af0bcf201afbea08603bb7,0.210049120217,0.235568374821,0.0303085646047,0.235200253703,0.0420701788916,0.0790289623642,0.0953293786782,0.0724451667203,0.213797629831,0.34023764617,0.00235714951356,0.200851287691,0.00436178888771,0.0365378453019,0.119170855838,0.0826857967664
455,gr_D5_FULL_A_012,campaign_v2,D5,FULL,A,12,SUCCEED,SpinQuasarClient,1775033836,2026-04-01T10:57:16,2026-04-01T10:59:20,124,3,19,16,9,2,8,59.0368,165a3b9a39c3bfdfc3af0bcf201afbea08603bb7,0.154430197967,0.2930514176,0.0328029179875,0.182344721812,0.0367433763694,0.124416095861,0.0980676967467,0.0781435756566,0.213797629831,0.34023764617,0.00235714951356,0.200851287691,0.00436178888771,0.0365378453019,0.119170855838,0.0826857967664
456,gr_D5_FULL_A_013,campaign_v2,D5,FULL,A,13,SUCCEED,SpinQuasarClient,1775033962,2026-04-01T10:59:22,2026-04-01T11:01:38,136,3,19,16,9,2,8,59.0368,165a3b9a39c3bfdfc3af0bcf201afbea08603bb7,0.146155787846,0.30491828671,0.0460962154879,0.209932384724,0.0349750474199,0.0826672942025,0.129081734738,0.0461732488719,0.213797629831,0.34023764617,0.00235714951356,0.200851287691,0.00436178888771,0.0365378453019,0.119170855838,0.0826857967664
457,gr_D5_FULL_A_014,campaign_v2,D5,FULL,A,14,SUCCEED,SpinQuasarClient,1775034101,2026-04-01T11:01:41,2026-04-01T11:03:59,138,3,19,16,9,2,8,59.0368,165a3b9a39c3bfdfc3af0bcf201afbea08603bb7,0.207663248088,0.330336257474,0.0463147094386,0.187284482219,0.00999201428335,0.069355857527,0.103240680807,0.0458127501625,0.213797629831,0.34023764617,0.00235714951356,0.200851287691,0.00436178888771,0.0365378453019,0.119170855838,0.0826857967664
458,gr_D5_FULL_A_015,campaign_v2,D5,FULL,A,15,SUCCEED,SpinQuasarClient,1775034242,2026-04-01T11:04:02,2026-04-01T11:06:05,123,3,19,16,9,2,8,59.0368,165a3b9a39c3bfdfc3af0bcf201afbea08603bb7,0.18252072338,0.270115591124,0.0173619073447,0.231860285321,0.0271082668768,0.0756549276924,0.160374612114,0.035003686146,0.213797629831,0.34023764617,0.00235714951356,0.200851287691,0.00436178888771,0.0365378453019,0.119170855838,0.0826857967664
459,gr_D5_FULL_B_011,campaign_v2,D5,FULL,B,11,SUCCEED,SpinQuasarClient,1775034367,2026-04-01T11:06:07,2026-04-01T11:08:11,124,3,19,16,9,2,8,59.0368,d370e25da6e1ff845bc4755608afd25133fae632,0.205624163207,0.336756091845,0.0150122103798,0.258878883809,0.0335150337988,0.0395420595313,0.0865166141289,0.0241549432993,0.213797629831,0.34023764617,0.00235714951356,0.200851287691,0.00436178888771,0.0365378453019,0.119170855838,0.0826857967664
460,gr_D5_FULL_B_012,campaign_v2,D5,FULL,B,12,SUCCEED,SpinQuasarClient,1775034494,2026-04-01T11:08:14,2026-04-01T11:10:29,135,3,19,16,9,2,8,59.0368,d370e25da6e1ff845bc4755608afd25133fae632,0.210648591409,0.332896912137,0.036449232327,0.199347318239,0.0183052829721,0.0627740359014,0.0948606403444,0.0447179866705,0.213797629831,0.34023764617,0.00235714951356,0.200851287691,0.00436178888771,0.0365378453019,0.119170855838,0.0826857967664
461,gr_D5_FULL_B_013,campaign_v2,D5,FULL,B,13,SUCCEED,SpinQuasarClient,1775034632,2026-04-01T11:10:32,2026-04-01T11:12:36,124,3,19,16,9,2,8,59.0368,d370e25da6e1ff845bc4755608afd25133fae632,0.21957191312,0.32861690543,0.00854626768155,0.230668531526,0.0329919619143,0.0550317369637,0.100284569744,0.0242881136207,0.213797629831,0.34023764617,0.00235714951356,0.200851287691,0.00436178888771,0.0365378453019,0.119170855838,0.0826857967664
462,gr_D5_FULL_B_014,campaign_v2,D5,FULL,B,14,SUCCEED,SpinQuasarClient,1775034758,2026-04-01T11:12:38,2026-04-01T11:14:42,124,3,19,16,9,2,8,59.0368,d370e25da6e1ff845bc4755608afd25133fae632,0.176594053521,0.227181572149,0.0459161797088,0.230436587533,0.0214209438957,0.117251677754,0.103289160757,0.0779098246818,0.213797629831,0.34023764617,0.00235714951356,0.200851287691,0.00436178888771,0.0365378453019,0.119170855838,0.0826857967664
463,gr_D5_FULL_B_015,campaign_v2,D5,FULL,B,15,SUCCEED,SpinQuasarClient,1775034885,2026-04-01T11:14:45,2026-04-01T11:16:48,123,3,19,16,9,2,8,59.0368,d370e25da6e1ff845bc4755608afd25133fae632,0.169047352769,0.269792351716,0.0236133463821,0.246849435076,0.0795486060391,0.0969328168137,0.081594645351,0.0326214458535,0.213797629831,0.34023764617,0.00235714951356,0.200851287691,0.00436178888771,0.0365378453019,0.119170855838,0.0826857967664
464,gr_D5_L0_A_016,campaign_v2,D5,L0,A,16,SUCCEED,SpinQuasarClient,1775035011,2026-04-01T11:16:51,2026-04-01T11:18:52,121,3,1,1,1,0,0,59.0368,b86c4d2cdf2b54dab4cd3177c73be5eccab32941,0.666541403512,0.0299567118955,0.0216479978118,0.0234599822797,0.228349554232,0.00197170495475,0.010499340574,0.0175733047397,0.757243713206,0,0,0,0.242756286794,0,0,0
465,gr_D5_L0_A_017,campaign_v2,D5,L0,A,17,SUCCEED,SpinQuasarClient,1775035135,2026-04-01T11:18:55,2026-04-01T11:20:54,119,3,1,1,1,0,0,59.0368,b86c4d2cdf2b54dab4cd3177c73be5eccab32941,0.688391892761,0.00618302223345,0.02700331158,0.0166554073391,0.222189924573,0.00717644493454,0.0189587202501,0.0134412763287,0.757243713206,0,0,0,0.242756286794,0,0,0
466,gr_D5_L0_A_018,campaign_v2,D5,L0,A,18,SUCCEED,SpinQuasarClient,1775035256,2026-04-01T11:20:56,2026-04-01T11:22:55,119,3,1,1,1,0,0,59.0368,b86c4d2cdf2b54dab4cd3177c73be5eccab32941,0.660090854351,0.0115331816045,0.0293907544389,0.040009439657,0.226533130054,0.0120965500147,0.00643456270407,0.0139115271758,0.757243713206,0,0,0,0.242756286794,0,0,0
467,gr_D5_L0_A_019,campaign_v2,D5,L0,A,19,SUCCEED,SpinQuasarClient,1775035377,2026-04-01T11:22:57,2026-04-01T11:24:58,121,3,1,1,1,0,0,59.0368,b86c4d2cdf2b54dab4cd3177c73be5eccab32941,0.698146417122,0.021507519105,0.0225851134311,0.0325137342208,0.211404548717,0.00445988950485,0.00169554589711,0.0076872320021,0.757243713206,0,0,0,0.242756286794,0,0,0
468,gr_D5_L0_A_020,campaign_v2,D5,L0,A,20,SUCCEED,SpinQuasarClient,1775035500,2026-04-01T11:25:01,2026-04-01T11:27:01,120,3,1,1,1,0,0,59.0368,b86c4d2cdf2b54dab4cd3177c73be5eccab32941,0.633790858946,0.0143080741188,0.0251921738132,0.0468707641553,0.240271251851,0.0114233565916,0.0220299269719,0.00611359355235,0.757243713206,0,0,0,0.242756286794,0,0,0
469,gr_D5_L01_A_016,campaign_v2,D5,L01,A,16,SUCCEED,SpinQuasarClient,1775035624,2026-04-01T11:27:04,2026-04-01T11:29:07,123,3,11,9,5,2,4,59.0368,73f2920b094b7ee706e36ea1f066e491cf7f1894,0.506565345584,0.0504602170781,0.099296057515,0.0629334467849,0.0628093673366,0.0221914972919,0.173733244986,0.0220108234232,0.554035276001,0,0.203208437205,0,0.0408996341897,0,0.201856652604,0
470,gr_D5_L01_A_017,campaign_v2,D5,L01,A,17,SUCCEED,SpinQuasarClient,1775035749,2026-04-01T11:29:09,2026-04-01T11:31:07,118,3,11,9,5,2,4,59.0368,73f2920b094b7ee706e36ea1f066e491cf7f1894,0.483271351735,0.0225098878933,0.117898611968,0.046946504101,0.0712532517664,0.0406639099776,0.179806052399,0.0376504301595,0.554035276001,0,0.203208437205,0,0.0408996341897,0,0.201856652604,0
471,gr_D5_L01_A_018,campaign_v2,D5,L01,A,18,SUCCEED,SpinQuasarClient,1775035870,2026-04-01T11:31:10,2026-04-01T11:33:09,119,3,11,9,5,2,4,59.0368,73f2920b094b7ee706e36ea1f066e491cf7f1894,0.525836783553,0.0425925662979,0.097394941993,0.0482484571636,0.0553222446648,0.0261761407063,0.151827929076,0.0526009365455,0.554035276001,0,0.203208437205,0,0.0408996341897,0,0.201856652604,0
472,gr_D5_L01_A_019,campaign_v2,D5,L01,A,19,SUCCEED,SpinQuasarClient,1775035992,2026-04-01T11:33:12,2026-04-01T11:35:13,121,3,11,9,5,2,4,59.0368,73f2920b094b7ee706e36ea1f066e491cf7f1894,0.533908784052,0.0752050283352,0.128157490644,0.0166705797952,0.0518410492123,0.0255558330193,0.137102242526,0.0315589924166,0.554035276001,0,0.203208437205,0,0.0408996341897,0,0.201856652604,0
473,gr_D5_L01_A_020,campaign_v2,D5,L01,A,20,SUCCEED,SpinQuasarClient,1775036116,2026-04-01T11:35:16,2026-04-01T11:37:19,123,3,11,9,5,2,4,59.0368,73f2920b094b7ee706e36ea1f066e491cf7f1894,0.548042089533,0.0446859169464,0.118304869195,0.0360311257681,0.0432002097497,0.0458046319687,0.138915555702,0.0250156011366,0.554035276001,0,0.203208437205,0,0.0408996341897,0,0.201856652604,0
474,gr_D5_FULL_A_016,campaign_v2,D5,FULL,A,16,SUCCEED,SpinQuasarClient,1775036241,2026-04-01T11:37:21,2026-04-01T11:39:23,122,3,19,16,9,2,8,59.0368,165a3b9a39c3bfdfc3af0bcf201afbea08603bb7,0.186690579994,0.290943935293,0.0378806695844,0.243168034125,0.0129838193554,0.0509839238105,0.136774673214,0.0405743646247,0.213797629831,0.34023764617,0.00235714951356,0.200851287691,0.00436178888771,0.0365378453019,0.119170855838,0.0826857967664
475,gr_D5_FULL_A_017,campaign_v2,D5,FULL,A,17,SUCCEED,SpinQuasarClient,1775036365,2026-04-01T11:39:25,2026-04-01T11:41:29,124,3,19,16,9,2,8,59.0368,165a3b9a39c3bfdfc3af0bcf201afbea08603bb7,0.198855731967,0.32413036043,0.0591274863332,0.183598266683,0.011031265992,0.0714688971324,0.111843631294,0.0399443601686,0.213797629831,0.34023764617,0.00235714951356,0.200851287691,0.00436178888771,0.0365378453019,0.119170855838,0.0826857967664
476,gr_D5_FULL_A_018,campaign_v2,D5,FULL,A,18,SUCCEED,SpinQuasarClient,1775036492,2026-04-01T11:41:32,2026-04-01T11:43:35,123,3,19,16,9,2,8,59.0368,165a3b9a39c3bfdfc3af0bcf201afbea08603bb7,0.200076100002,0.307074348086,0.0518979991314,0.19098326038,0.0201686328011,0.0747753873642,0.113333696902,0.0416905753331,0.213797629831,0.34023764617,0.00235714951356,0.200851287691,0.00436178888771,0.0365378453019,0.119170855838,0.0826857967664
477,gr_D5_FULL_A_019,campaign_v2,D5,FULL,A,19,SUCCEED,SpinQuasarClient,1775036618,2026-04-01T11:43:38,2026-04-01T11:45:42,124,3,19,16,9,2,8,59.0368,165a3b9a39c3bfdfc3af0bcf201afbea08603bb7,0.213107053856,0.311150765157,0.0350637436937,0.188743861188,0.00822487599964,0.082987108703,0.0860659667482,0.074656624654,0.213797629831,0.34023764617,0.00235714951356,0.200851287691,0.00436178888771,0.0365378453019,0.119170855838,0.0826857967664
478,gr_D5_FULL_A_020,campaign_v2,D5,FULL,A,20,SUCCEED,SpinQuasarClient,1775036744,2026-04-01T11:45:44,2026-04-01T11:47:48,124,3,19,16,9,2,8,59.0368,165a3b9a39c3bfdfc3af0bcf201afbea08603bb7,0.19969005676,0.320751258443,0.0382056790699,0.171326977931,0.0130945779543,0.0722245140956,0.112861326534,0.0718456092127,0.213797629831,0.34023764617,0.00235714951356,0.200851287691,0.00436178888771,0.0365378453019,0.119170855838,0.0826857967664
479,gr_D5_FULL_B_016,campaign_v2,D5,FULL,B,16,SUCCEED,SpinQuasarClient,1775036870,2026-04-01T11:47:50,2026-04-01T11:49:54,124,3,19,16,9,2,8,59.0368,d370e25da6e1ff845bc4755608afd25133fae632,0.176236771889,0.240945006696,0.0530178592507,0.231915312736,0.0319541502212,0.121991025636,0.067957660552,0.0759822130186,0.213797629831,0.34023764617,0.00235714951356,0.200851287691,0.00436178888771,0.0365378453019,0.119170855838,0.0826857967664
480,gr_D5_FULL_B_018,campaign_v2,D5,FULL,B,18,SUCCEED,SpinQuasarClient,1775037123,2026-04-01T11:52:03,2026-04-01T11:54:33,150,3,19,16,9,2,8,59.0368,d370e25da6e1ff845bc4755608afd25133fae632,0.207357811581,0.251518529538,0.0338183550062,0.22101585797,0.0192496918021,0.103409614512,0.105078468209,0.0585516713811,0.213797629831,0.34023764617,0.00235714951356,0.200851287691,0.00436178888771,0.0365378453019,0.119170855838,0.0826857967664
481,gr_D5_FULL_B_019,campaign_v2,D5,FULL,B,19,SUCCEED,SpinQuasarClient,1775037276,2026-04-01T11:54:36,2026-04-01T11:56:40,124,3,19,16,9,2,8,59.0368,d370e25da6e1ff845bc4755608afd25133fae632,0.196680514865,0.265317717787,0.0324248025036,0.217123368724,0.0474229455753,0.0869406208652,0.0517911939619,0.102298835718,0.213797629831,0.34023764617,0.00235714951356,0.200851287691,0.00436178888771,0.0365378453019,0.119170855838,0.0826857967664
482,gr_D5_FULL_B_020,campaign_v2,D5,FULL,B,20,SUCCEED,SpinQuasarClient,1775037403,2026-04-01T11:56:43,2026-04-01T11:58:46,123,3,19,16,9,2,8,59.0368,d370e25da6e1ff845bc4755608afd25133fae632,0.193905325223,0.281101057991,0.0271423669183,0.220034251498,0.0540074230366,0.0691161391296,0.100099687189,0.054593749014,0.213797629831,0.34023764617,0.00235714951356,0.200851287691,0.00436178888771,0.0365378453019,0.119170855838,0.0826857967664
483,gr_D5_L0_A_021,campaign_v2,D5,L0,A,21,SUCCEED,SpinQuasarClient,1775037529,2026-04-01T11:58:49,2026-04-01T12:00:49,120,3,1,1,1,0,0,59.0368,b86c4d2cdf2b54dab4cd3177c73be5eccab32941,0.684998001027,0.0201810589512,0.0288008950515,0.0183113970587,0.212033345079,0.0101776029712,0.0136888428376,0.0118088570232,0.757243713206,0,0,0,0.242756286794,0,0,0
484,gr_D5_L0_A_022,campaign_v2,D5,L0,A,22,SUCCEED,SpinQuasarClient,1775037652,2026-04-01T12:00:52,2026-04-01T12:02:52,120,3,1,1,1,0,0,59.0368,b86c4d2cdf2b54dab4cd3177c73be5eccab32941,0.636154919483,0.00786096003791,0.023834193172,0.0402369356769,0.249934317586,0.0125343014081,0.0201946693049,0.0092497033312,0.757243713206,0,0,0,0.242756286794,0,0,0
485,gr_D5_L0_A_023,campaign_v2,D5,L0,A,23,SUCCEED,SpinQuasarClient,1775037774,2026-04-01T12:02:54,2026-04-01T12:04:55,121,3,1,1,1,0,0,59.0368,b86c4d2cdf2b54dab4cd3177c73be5eccab32941,0.656963578258,0.0174426528312,0.0313901791984,0.0404863357477,0.211415490725,0.0217941942074,0.00449964342509,0.0160079256074,0.757243713206,0,0,0,0.242756286794,0,0,0
486,gr_D5_L0_A_024,campaign_v2,D5,L0,A,24,SUCCEED,SpinQuasarClient,1775037897,2026-04-01T12:04:57,2026-04-01T12:06:57,120,3,1,1,1,0,0,59.0368,b86c4d2cdf2b54dab4cd3177c73be5eccab32941,0.619475006683,0.0330976157319,0.0372260621272,0.0372148954038,0.245717611605,0.00700410192824,0.00736607565619,0.012898630865,0.757243713206,0,0,0,0.242756286794,0,0,0
487,gr_D5_L0_A_025,campaign_v2,D5,L0,A,25,SUCCEED,SpinQuasarClient,1775038020,2026-04-01T12:07:00,2026-04-01T12:08:59,119,3,1,1,1,0,0,59.0368,b86c4d2cdf2b54dab4cd3177c73be5eccab32941,0.671621319383,0.0170817511068,0.0349252453435,0.0212347645319,0.21241532401,0.0260283557927,0.00791733037267,0.0087759094591,0.757243713206,0,0,0,0.242756286794,0,0,0
488,gr_D5_L01_A_021,campaign_v2,D5,L01,A,21,SUCCEED,SpinQuasarClient,1775038142,2026-04-01T12:09:02,2026-04-01T12:11:02,120,3,11,9,5,2,4,59.0368,73f2920b094b7ee706e36ea1f066e491cf7f1894,0.505482170807,0.0584891856338,0.0880407503523,0.0659952414083,0.0641532962298,0.0330715055329,0.163623769478,0.0211440805578,0.554035276001,0,0.203208437205,0,0.0408996341897,0,0.201856652604,0
489,gr_D5_L01_A_022,campaign_v2,D5,L01,A,22,SUCCEED,SpinQuasarClient,1775038265,2026-04-01T12:11:05,2026-04-01T12:13:08,123,3,11,9,5,2,4,59.0368,73f2920b094b7ee706e36ea1f066e491cf7f1894,0.490244290965,0.0598593677752,0.115557762671,0.0330794454499,0.0550716510116,0.0406965206982,0.172239548038,0.0332514133901,0.554035276001,0,0.203208437205,0,0.0408996341897,0,0.201856652604,0
490,gr_D5_L01_A_023,campaign_v2,D5,L01,A,23,SUCCEED,SpinQuasarClient,1775038391,2026-04-01T12:13:11,2026-04-01T12:15:26,135,3,11,9,5,2,4,59.0368,73f2920b094b7ee706e36ea1f066e491cf7f1894,0.49116688102,0.049133737177,0.102617775209,0.0505734798668,0.0718121273838,0.0467156957825,0.155029251343,0.0329510522178,0.554035276001,0,0.203208437205,0,0.0408996341897,0,0.201856652604,0
491,gr_D5_L01_A_024,campaign_v2,D5,L01,A,24,SUCCEED,SpinQuasarClient,1775038529,2026-04-01T12:15:29,2026-04-01T12:17:30,121,3,11,9,5,2,4,59.0368,73f2920b094b7ee706e36ea1f066e491cf7f1894,0.548814564197,0.0360136311921,0.11148203247,0.0330771449252,0.0644094772963,0.0247507178271,0.148105919084,0.0333465130082,0.554035276001,0,0.203208437205,0,0.0408996341897,0,0.201856652604,0
492,gr_D5_L01_A_025,campaign_v2,D5,L01,A,25,SUCCEED,SpinQuasarClient,1775038652,2026-04-01T12:17:32,2026-04-01T12:19:33,121,3,11,9,5,2,4,59.0368,73f2920b094b7ee706e36ea1f066e491cf7f1894,0.527285120432,0.043996146266,0.106026065166,0.0409808631969,0.0454580675142,0.0446896979539,0.149495007522,0.0420690319492,0.554035276001,0,0.203208437205,0,0.0408996341897,0,0.201856652604,0
493,gr_D5_FULL_A_021,campaign_v2,D5,FULL,A,21,SUCCEED,SpinQuasarClient,1775038775,2026-04-01T12:19:35,2026-04-01T12:21:39,124,3,19,16,9,2,8,59.0368,165a3b9a39c3bfdfc3af0bcf201afbea08603bb7,0.207349150935,0.323144790564,0.0525466631428,0.179825623868,0.0144282433176,0.0773405921695,0.0870484983506,0.0583164376524,0.213797629831,0.34023764617,0.00235714951356,0.200851287691,0.00436178888771,0.0365378453019,0.119170855838,0.0826857967664
494,gr_D5_FULL_A_022,campaign_v2,D5,FULL,A,22,SUCCEED,SpinQuasarClient,1775038901,2026-04-01T12:21:41,2026-04-01T12:23:45,124,3,19,16,9,2,8,59.0368,165a3b9a39c3bfdfc3af0bcf201afbea08603bb7,0.179375290597,0.255410359663,0.0352416968262,0.223436682132,0.0395984566394,0.0969589389476,0.112853054999,0.0571255201956,0.213797629831,0.34023764617,0.00235714951356,0.200851287691,0.00436178888771,0.0365378453019,0.119170855838,0.0826857967664
495,gr_D5_FULL_A_023,campaign_v2,D5,FULL,A,23,SUCCEED,SpinQuasarClient,1775039027,2026-04-01T12:23:47,2026-04-01T12:25:51,124,3,19,16,9,2,8,59.0368,165a3b9a39c3bfdfc3af0bcf201afbea08603bb7,0.146995229312,0.335386417778,0.0517027792508,0.177799651569,0.0290519378613,0.105141808463,0.0919911556662,0.0619310200999,0.213797629831,0.34023764617,0.00235714951356,0.200851287691,0.00436178888771,0.0365378453019,0.119170855838,0.0826857967664
496,gr_D5_FULL_A_024,campaign_v2,D5,FULL,A,24,SUCCEED,SpinQuasarClient,1775039154,2026-04-01T12:25:54,2026-04-01T12:27:58,124,3,19,16,9,2,8,59.0368,165a3b9a39c3bfdfc3af0bcf201afbea08603bb7,0.173658605787,0.345741773464,0.0395046963839,0.212580397495,0.0111505484037,0.0546449696166,0.104592194321,0.0581268145286,0.213797629831,0.34023764617,0.00235714951356,0.200851287691,0.00436178888771,0.0365378453019,0.119170855838,0.0826857967664
497,gr_D5_FULL_A_025,campaign_v2,D5,FULL,A,25,SUCCEED,SpinQuasarClient,1775039280,2026-04-01T12:28:00,2026-04-01T12:30:04,124,3,19,16,9,2,8,59.0368,165a3b9a39c3bfdfc3af0bcf201afbea08603bb7,0.193332621598,0.321699233137,0.0625174079038,0.174096785838,0.0262794725647,0.0482924693051,0.109743516599,0.0640384930546,0.213797629831,0.34023764617,0.00235714951356,0.200851287691,0.00436178888771,0.0365378453019,0.119170855838,0.0826857967664
498,gr_D5_FULL_B_021,campaign_v2,D5,FULL,B,21,SUCCEED,SpinQuasarClient,1775039406,2026-04-01T12:30:06,2026-04-01T12:32:13,127,3,19,16,9,2,8,59.0368,d370e25da6e1ff845bc4755608afd25133fae632,0.163083413246,0.262911900901,0.0222538547848,0.254911295575,0.0651347272488,0.0959863212239,0.109623664768,0.0260948222523,0.213797629831,0.34023764617,0.00235714951356,0.200851287691,0.00436178888771,0.0365378453019,0.119170855838,0.0826857967664
499,gr_D5_FULL_B_022,campaign_v2,D5,FULL,B,22,SUCCEED,SpinQuasarClient,1775039536,2026-04-01T12:32:16,2026-04-01T12:34:16,120,3,19,16,9,2,8,59.0368,d370e25da6e1ff845bc4755608afd25133fae632,0.213196666321,0.310230972821,0.016177125947,0.234576088007,0.019043273486,0.0771940312586,0.10115174947,0.0284300926898,0.213797629831,0.34023764617,0.00235714951356,0.200851287691,0.00436178888771,0.0365378453019,0.119170855838,0.0826857967664
500,gr_D5_FULL_B_023,campaign_v2,D5,FULL,B,23,SUCCEED,SpinQuasarClient,1775039659,2026-04-01T12:34:19,2026-04-01T12:36:22,123,3,19,16,9,2,8,59.0368,d370e25da6e1ff845bc4755608afd25133fae632,0.151279637322,0.267915106839,0.0356174166756,0.234980205646,0.048538949111,0.095058606963,0.122946004019,0.0436640734236,0.213797629831,0.34023764617,0.00235714951356,0.200851287691,0.00436178888771,0.0365378453019,0.119170855838,0.0826857967664
501,gr_D5_FULL_B_024,campaign_v2,D5,FULL,B,24,SUCCEED,SpinQuasarClient,1775039785,2026-04-01T12:36:25,2026-04-01T12:38:29,124,3,19,16,9,2,8,59.0368,d370e25da6e1ff845bc4755608afd25133fae632,0.161896280315,0.370431673767,0.0779069222209,0.179796182226,0.0324524266686,0.0477160404232,0.0732539071014,0.0565465672778,0.213797629831,0.34023764617,0.00235714951356,0.200851287691,0.00436178888771,0.0365378453019,0.119170855838,0.0826857967664
502,gr_D5_FULL_B_025,campaign_v2,D5,FULL,B,25,SUCCEED,SpinQuasarClient,1775039911,2026-04-01T12:38:31,2026-04-01T12:40:35,124,3,19,16,9,2,8,59.0368,d370e25da6e1ff845bc4755608afd25133fae632,0.181212508933,0.303943648918,0.0266684660504,0.249586496764,0.00339209771463,0.0820475324342,0.128610130779,0.024539118407,0.213797629831,0.34023764617,0.00235714951356,0.200851287691,0.00436178888771,0.0365378453019,0.119170855838,0.0826857967664
503,gr_D6_L0_A_001,campaign_v2,D6,L0,A,1,SUCCEED,SpinQuasarClient,1775045277,2026-04-01T14:07:57,2026-04-01T14:09:59,122,3,1,1,1,0,0,106.2150,72e7323a853b124bdee2f54bab64e8ac21d683fe,0.353117632893,0.0529489341767,0.0250096871705,0.0035307035579,0.502019598339,0.0489205952577,0.00968989794365,0.00476295066225,0.360378749723,0,0,0,0.639621250277,0,0,0
504,gr_D6_L0_A_002,campaign_v2,D6,L0,A,2,SUCCEED,SpinQuasarClient,1775045401,2026-04-01T14:10:01,2026-04-01T14:12:02,121,3,1,1,1,0,0,106.2150,72e7323a853b124bdee2f54bab64e8ac21d683fe,0.360520874458,0.0109604301288,0.0256281175764,0.0107297411271,0.569198882111,0.005566125133,0.00686285601455,0.0105329734507,0.360378749723,0,0,0,0.639621250277,0,0,0
505,gr_D6_L0_A_003,campaign_v2,D6,L0,A,3,SUCCEED,SpinQuasarClient,1775045524,2026-04-01T14:12:04,2026-04-01T14:14:02,118,3,1,1,1,0,0,106.2150,72e7323a853b124bdee2f54bab64e8ac21d683fe,0.365365209236,0.0300698982853,0.0201495246079,0.00750783473494,0.504075470653,0.0170092399701,0.0226142508658,0.0332085716463,0.360378749723,0,0,0,0.639621250277,0,0,0
506,gr_D6_L0_A_004,campaign_v2,D6,L0,A,4,SUCCEED,SpinQuasarClient,1775045644,2026-04-01T14:14:04,2026-04-01T14:16:02,118,3,1,1,1,0,0,106.2150,72e7323a853b124bdee2f54bab64e8ac21d683fe,0.345717849992,0.0178274708757,0.0210984043203,0.00447602696931,0.563853845553,0.00617579822701,0.00877446506793,0.0320761389944,0.360378749723,0,0,0,0.639621250277,0,0,0
507,gr_D6_L0_A_005,campaign_v2,D6,L0,A,5,SUCCEED,SpinQuasarClient,1775045764,2026-04-01T14:16:04,2026-04-01T14:18:04,120,3,1,1,1,0,0,106.2150,72e7323a853b124bdee2f54bab64e8ac21d683fe,0.341073951885,0.0170051579677,0.0160321390613,0.00760352986316,0.570311229083,0.0125779826235,0.0107565935671,0.0246394159494,0.360378749723,0,0,0,0.639621250277,0,0,0
508,gr_D6_L01_A_001,campaign_v2,D6,L01,A,1,SUCCEED,SpinQuasarClient,1775045887,2026-04-01T14:18:07,2026-04-01T14:20:09,122,3,11,9,5,2,4,106.2150,fb12debbc234d370c25263d3a0c803460442fe37,0.0492462894346,0.0171154151113,0.23110957952,0.00863879498929,0.166256046552,0.0583881227645,0.462659533359,0.00658621826928,0.0748489743749,0,0.285529775348,0,0.151496191236,0,0.488125059041,0
509,gr_D6_L01_A_002,campaign_v2,D6,L01,A,2,SUCCEED,SpinQuasarClient,1775046012,2026-04-01T14:20:12,2026-04-01T14:22:12,120,3,11,9,5,2,4,106.2150,fb12debbc234d370c25263d3a0c803460442fe37,0.0635002338112,0.0251554449317,0.252092225816,0.0520051613191,0.21023364186,0.0216755050299,0.361908212602,0.0134295746297,0.0748489743749,0,0.285529775348,0,0.151496191236,0,0.488125059041,0
510,gr_D6_L01_A_003,campaign_v2,D6,L01,A,3,SUCCEED,SpinQuasarClient,1775046135,2026-04-01T14:22:15,2026-04-01T14:24:15,120,3,11,9,5,2,4,106.2150,fb12debbc234d370c25263d3a0c803460442fe37,0.0582253069616,0.022128605478,0.23647134331,0.0353459346484,0.223259958275,0.0287670508769,0.385080744469,0.0107210559808,0.0748489743749,0,0.285529775348,0,0.151496191236,0,0.488125059041,0
511,gr_D6_L01_A_004,campaign_v2,D6,L01,A,4,SUCCEED,SpinQuasarClient,1775046258,2026-04-01T14:24:18,2026-04-01T14:26:18,120,3,11,9,5,2,4,106.2150,fb12debbc234d370c25263d3a0c803460442fe37,0.0492626321201,0.00656767433113,0.239285131039,0.0344548701267,0.220053759231,0.0128119294075,0.397886387077,0.0396776166673,0.0748489743749,0,0.285529775348,0,0.151496191236,0,0.488125059041,0
512,gr_D6_L01_A_005,campaign_v2,D6,L01,A,5,SUCCEED,SpinQuasarClient,1775046381,2026-04-01T14:26:21,2026-04-01T14:28:21,120,3,11,9,5,2,4,106.2150,fb12debbc234d370c25263d3a0c803460442fe37,0.0603693379845,0.0219581669487,0.262956427785,0.0245121045327,0.208577268568,0.0305214917105,0.372875518946,0.0182296835254,0.0748489743749,0,0.285529775348,0,0.151496191236,0,0.488125059041,0
513,gr_D6_FULL_A_001,campaign_v2,D6,FULL,A,1,SUCCEED,SpinQuasarClient,1775046504,2026-04-01T14:28:24,2026-04-01T14:30:28,124,3,19,16,9,2,8,106.2150,d8daf2aa07f05532e1bac2d0288fc95562cdc737,0.126972538006,0.050938180378,0.128250909656,0.0900610503565,0.127576310802,0.113056807789,0.319991412496,0.0431527905154,0.0515323941273,0.0233165802476,0.169759756123,0.115770019225,0.0910616433895,0.0604345478468,0.446343495079,0.0417815639613
514,gr_D6_FULL_A_002,campaign_v2,D6,FULL,A,2,SUCCEED,SpinQuasarClient,1775046630,2026-04-01T14:30:30,2026-04-01T14:32:34,124,3,19,16,9,2,8,106.2150,d8daf2aa07f05532e1bac2d0288fc95562cdc737,0.120263249274,0.0470449262591,0.118460026206,0.0900890440872,0.14703976063,0.0812092093488,0.303664465103,0.0922293190928,0.0515323941273,0.0233165802476,0.169759756123,0.115770019225,0.0910616433895,0.0604345478468,0.446343495079,0.0417815639613
515,gr_D6_FULL_A_003,campaign_v2,D6,FULL,A,3,SUCCEED,SpinQuasarClient,1775046756,2026-04-01T14:32:36,2026-04-01T14:34:40,124,3,19,16,9,2,8,106.2150,d8daf2aa07f05532e1bac2d0288fc95562cdc737,0.0836879302493,0.0535827754166,0.0990235123398,0.0911437302212,0.137509728182,0.0982777668635,0.37564626022,0.0611282965079,0.0515323941273,0.0233165802476,0.169759756123,0.115770019225,0.0910616433895,0.0604345478468,0.446343495079,0.0417815639613
516,gr_D6_FULL_A_004,campaign_v2,D6,FULL,A,4,SUCCEED,SpinQuasarClient,1775046883,2026-04-01T14:34:43,2026-04-01T14:36:46,123,3,19,16,9,2,8,106.2150,d8daf2aa07f05532e1bac2d0288fc95562cdc737,0.103311711835,0.0335952281806,0.0863246164605,0.0417029191598,0.168406217913,0.147901055232,0.337142718758,0.081615532461,0.0515323941273,0.0233165802476,0.169759756123,0.115770019225,0.0910616433895,0.0604345478468,0.446343495079,0.0417815639613
517,gr_D6_FULL_A_005,campaign_v2,D6,FULL,A,5,SUCCEED,SpinQuasarClient,1775047009,2026-04-01T14:36:49,2026-04-01T14:38:52,123,3,19,16,9,2,8,106.2150,d8daf2aa07f05532e1bac2d0288fc95562cdc737,0.125379435366,0.0388565677861,0.109965205984,0.0700136610606,0.129154519714,0.0996280777368,0.348289851323,0.0787126810295,0.0515323941273,0.0233165802476,0.169759756123,0.115770019225,0.0910616433895,0.0604345478468,0.446343495079,0.0417815639613
518,gr_D6_FULL_B_001,campaign_v2,D6,FULL,B,1,SUCCEED,SpinQuasarClient,1775047135,2026-04-01T14:38:55,2026-04-01T14:40:58,123,3,19,16,9,2,8,106.2150,df8315dbc8787be75514c4e39eec4732a8c299a1,0.0741618419998,0.0416580873868,0.0916423645646,0.10739781367,0.109662001506,0.0759169034343,0.432704598657,0.0668563887812,0.0515323941273,0.0233165802476,0.169759756123,0.115770019225,0.0910616433895,0.0604345478468,0.446343495079,0.0417815639613
519,gr_D6_FULL_B_002,campaign_v2,D6,FULL,B,2,SUCCEED,SpinQuasarClient,1775047261,2026-04-01T14:41:01,2026-04-01T14:43:05,124,3,19,16,9,2,8,106.2150,df8315dbc8787be75514c4e39eec4732a8c299a1,0.0749878540623,0.0269065379025,0.0836450832117,0.112168209186,0.116647648735,0.0861215804905,0.44103495684,0.058488129572,0.0515323941273,0.0233165802476,0.169759756123,0.115770019225,0.0910616433895,0.0604345478468,0.446343495079,0.0417815639613
520,gr_D6_FULL_B_003,campaign_v2,D6,FULL,B,3,SUCCEED,SpinQuasarClient,1775047387,2026-04-01T14:43:07,2026-04-01T14:45:11,124,3,19,16,9,2,8,106.2150,df8315dbc8787be75514c4e39eec4732a8c299a1,0.0735765977935,0.0211918919668,0.0928860366615,0.113580936425,0.140423463209,0.0732570057044,0.426249932963,0.0588341352779,0.0515323941273,0.0233165802476,0.169759756123,0.115770019225,0.0910616433895,0.0604345478468,0.446343495079,0.0417815639613
521,gr_D6_FULL_B_004,campaign_v2,D6,FULL,B,4,SUCCEED,SpinQuasarClient,1775047514,2026-04-01T14:45:14,2026-04-01T14:47:17,123,3,19,16,9,2,8,106.2150,df8315dbc8787be75514c4e39eec4732a8c299a1,0.0455547052506,0.0400900080352,0.11596519695,0.0921984211678,0.11549987734,0.0891563243142,0.418821610436,0.0827138565052,0.0515323941273,0.0233165802476,0.169759756123,0.115770019225,0.0910616433895,0.0604345478468,0.446343495079,0.0417815639613
522,gr_D6_FULL_B_005,campaign_v2,D6,FULL,B,5,SUCCEED,SpinQuasarClient,1775047640,2026-04-01T14:47:20,2026-04-01T14:49:23,123,3,19,16,9,2,8,106.2150,df8315dbc8787be75514c4e39eec4732a8c299a1,0.0606829564001,0.0350330687655,0.116100947969,0.116647876324,0.125591980245,0.0796373654773,0.411427649051,0.0548781557679,0.0515323941273,0.0233165802476,0.169759756123,0.115770019225,0.0910616433895,0.0604345478468,0.446343495079,0.0417815639613
523,gr_D6_L0_A_006,campaign_v2,D6,L0,A,6,SUCCEED,SpinQuasarClient,1775047766,2026-04-01T14:49:26,2026-04-01T14:51:26,120,3,1,1,1,0,0,106.2150,72e7323a853b124bdee2f54bab64e8ac21d683fe,0.331012261625,0.037629958964,0.0235120289053,0.00210802281636,0.513801408856,0.0223164740291,0.0626588375742,0.00696100722965,0.360378749723,0,0,0,0.639621250277,0,0,0
524,gr_D6_L0_A_007,campaign_v2,D6,L0,A,7,SUCCEED,SpinQuasarClient,1775047889,2026-04-01T14:51:29,2026-04-01T14:53:29,120,3,1,1,1,0,0,106.2150,72e7323a853b124bdee2f54bab64e8ac21d683fe,0.31910811953,0.0294682975326,0.0255370876038,0.00892646291257,0.510412614365,0.0383382531011,0.064712594535,0.00349657041953,0.360378749723,0,0,0,0.639621250277,0,0,0
525,gr_D6_L0_A_008,campaign_v2,D6,L0,A,8,SUCCEED,SpinQuasarClient,1775048012,2026-04-01T14:53:32,2026-04-01T14:55:32,120,3,1,1,1,0,0,106.2150,72e7323a853b124bdee2f54bab64e8ac21d683fe,0.35623931165,0.0264273799997,0.0193783653823,0.00170901153877,0.553008424392,0.00797711644557,0.0164564147346,0.0188039758569,0.360378749723,0,0,0,0.639621250277,0,0,0
526,gr_D6_L0_A_009,campaign_v2,D6,L0,A,9,SUCCEED,SpinQuasarClient,1775048135,2026-04-01T14:55:35,2026-04-01T14:57:33,118,3,1,1,1,0,0,106.2150,72e7323a853b124bdee2f54bab64e8ac21d683fe,0.342949499849,0.0253194367726,0.0224591448535,0.00320394223518,0.545558395781,0.016376197723,0.0261658455875,0.0179675371987,0.360378749723,0,0,0,0.639621250277,0,0,0
527,gr_D6_L0_A_010,campaign_v2,D6,L0,A,10,SUCCEED,SpinQuasarClient,1775048255,2026-04-01T14:57:35,2026-04-01T14:59:36,121,3,1,1,1,0,0,106.2150,72e7323a853b124bdee2f54bab64e8ac21d683fe,0.352552963067,0.0139909849902,0.0142702201609,0.00226446902747,0.573767071458,0.0055904845713,0.0223147127513,0.0152490939743,0.360378749723,0,0,0,0.639621250277,0,0,0
528,gr_D6_L01_A_006,campaign_v2,D6,L01,A,6,SUCCEED,SpinQuasarClient,1775048378,2026-04-01T14:59:38,2026-04-01T15:01:41,123,3,11,9,5,2,4,106.2150,fb12debbc234d370c25263d3a0c803460442fe37,0.0633639053576,0.0134935993378,0.260422431643,0.0387900175718,0.261848945717,0.0185043420146,0.32775685776,0.0158199005985,0.0748489743749,0,0.285529775348,0,0.151496191236,0,0.488125059041,0
529,gr_D6_L01_A_007,campaign_v2,D6,L01,A,7,SUCCEED,SpinQuasarClient,1775048503,2026-04-01T15:01:43,2026-04-01T15:03:45,122,3,11,9,5,2,4,106.2150,fb12debbc234d370c25263d3a0c803460442fe37,0.0666616455071,0.01195128587,0.262261533633,0.0403576208867,0.240973152765,0.0364522900173,0.32985582203,0.0114866492911,0.0748489743749,0,0.285529775348,0,0.151496191236,0,0.488125059041,0
530,gr_D6_L01_A_008,campaign_v2,D6,L01,A,8,SUCCEED,SpinQuasarClient,1775048627,2026-04-01T15:03:47,2026-04-01T15:05:51,124,3,11,9,5,2,4,106.2150,fb12debbc234d370c25263d3a0c803460442fe37,0.0688868947085,0.011890906001,0.262287847019,0.0262022144309,0.189579586612,0.0282491949812,0.37801118144,0.0348921748077,0.0748489743749,0,0.285529775348,0,0.151496191236,0,0.488125059041,0
531,gr_D6_L01_A_009,campaign_v2,D6,L01,A,9,SUCCEED,SpinQuasarClient,1775048754,2026-04-01T15:05:54,2026-04-01T15:07:55,121,3,11,9,5,2,4,106.2150,fb12debbc234d370c25263d3a0c803460442fe37,0.068041582821,0.012131098465,0.22475909328,0.0135283520404,0.210956825625,0.0336617811617,0.394704552802,0.0422167138057,0.0748489743749,0,0.285529775348,0,0.151496191236,0,0.488125059041,0
532,gr_D6_L01_A_010,campaign_v2,D6,L01,A,10,SUCCEED,SpinQuasarClient,1775048878,2026-04-01T15:07:58,2026-04-01T15:09:58,120,3,11,9,5,2,4,106.2150,fb12debbc234d370c25263d3a0c803460442fe37,0.0507847104625,0.0182104315814,0.223085595881,0.0382227215868,0.23587320598,0.0120518029561,0.38474833808,0.0370231934719,0.0748489743749,0,0.285529775348,0,0.151496191236,0,0.488125059041,0
533,gr_D6_FULL_A_006,campaign_v2,D6,FULL,A,6,SUCCEED,SpinQuasarClient,1775049000,2026-04-01T15:10:00,2026-04-01T15:12:04,124,3,19,16,9,2,8,106.2150,d8daf2aa07f05532e1bac2d0288fc95562cdc737,0.101528985821,0.046728730423,0.0907785394547,0.0926144837174,0.151937795934,0.116632083115,0.320541825076,0.0792375564591,0.0515323941273,0.0233165802476,0.169759756123,0.115770019225,0.0910616433895,0.0604345478468,0.446343495079,0.0417815639613
534,gr_D6_FULL_A_007,campaign_v2,D6,FULL,A,7,SUCCEED,SpinQuasarClient,1775049126,2026-04-01T15:12:06,2026-04-01T15:14:25,139,3,19,16,9,2,8,106.2150,d8daf2aa07f05532e1bac2d0288fc95562cdc737,0.105856889929,0.0394520106394,0.122132615208,0.101035499215,0.192983899203,0.0701822759258,0.276822296467,0.091534513413,0.0515323941273,0.0233165802476,0.169759756123,0.115770019225,0.0910616433895,0.0604345478468,0.446343495079,0.0417815639613
535,gr_D6_FULL_A_008,campaign_v2,D6,FULL,A,8,SUCCEED,SpinQuasarClient,1775049267,2026-04-01T15:14:27,2026-04-01T15:16:31,124,3,19,16,9,2,8,106.2150,d8daf2aa07f05532e1bac2d0288fc95562cdc737,0.0993486040537,0.0490621238569,0.077017694624,0.0839220481447,0.127863856053,0.124959849106,0.350065640391,0.0877601837714,0.0515323941273,0.0233165802476,0.169759756123,0.115770019225,0.0910616433895,0.0604345478468,0.446343495079,0.0417815639613
536,gr_D6_FULL_A_009,campaign_v2,D6,FULL,A,9,SUCCEED,SpinQuasarClient,1775049393,2026-04-01T15:16:33,2026-04-01T15:18:37,124,3,19,16,9,2,8,106.2150,d8daf2aa07f05532e1bac2d0288fc95562cdc737,0.103707377212,0.0286783651477,0.153615920916,0.112383362344,0.131770508866,0.0745093506311,0.323908793213,0.07142632167,0.0515323941273,0.0233165802476,0.169759756123,0.115770019225,0.0910616433895,0.0604345478468,0.446343495079,0.0417815639613
537,gr_D6_FULL_A_010,campaign_v2,D6,FULL,A,10,SUCCEED,SpinQuasarClient,1775049519,2026-04-01T15:18:39,2026-04-01T15:20:43,124,3,19,16,9,2,8,106.2150,d8daf2aa07f05532e1bac2d0288fc95562cdc737,0.111210162641,0.067461229479,0.11610718448,0.0646023741633,0.134416596143,0.095355700975,0.334053223589,0.0767935285302,0.0515323941273,0.0233165802476,0.169759756123,0.115770019225,0.0910616433895,0.0604345478468,0.446343495079,0.0417815639613
538,gr_D6_FULL_B_006,campaign_v2,D6,FULL,B,6,SUCCEED,SpinQuasarClient,1775049645,2026-04-01T15:20:45,2026-04-01T15:22:49,124,3,19,16,9,2,8,106.2150,df8315dbc8787be75514c4e39eec4732a8c299a1,0.0506336700195,0.0384941049237,0.0610913866784,0.129580840655,0.134366906532,0.0972463080049,0.416391042548,0.0721957406379,0.0515323941273,0.0233165802476,0.169759756123,0.115770019225,0.0910616433895,0.0604345478468,0.446343495079,0.0417815639613
539,gr_D6_FULL_B_007,campaign_v2,D6,FULL,B,7,SUCCEED,SpinQuasarClient,1775049772,2026-04-01T15:22:52,2026-04-01T15:24:56,124,3,19,16,9,2,8,106.2150,df8315dbc8787be75514c4e39eec4732a8c299a1,0.0544314169718,0.0279076559561,0.0747003213103,0.0996009744957,0.126580436284,0.0872211503631,0.457488086884,0.0720699577356,0.0515323941273,0.0233165802476,0.169759756123,0.115770019225,0.0910616433895,0.0604345478468,0.446343495079,0.0417815639613
540,gr_D6_FULL_B_008,campaign_v2,D6,FULL,B,8,SUCCEED,SpinQuasarClient,1775049898,2026-04-01T15:24:58,2026-04-01T15:27:00,122,3,19,16,9,2,8,106.2150,df8315dbc8787be75514c4e39eec4732a8c299a1,0.0446606055523,0.040756492952,0.088724792149,0.103091124636,0.131574536698,0.0881698449235,0.433461471715,0.0695611313743,0.0515323941273,0.0233165802476,0.169759756123,0.115770019225,0.0910616433895,0.0604345478468,0.446343495079,0.0417815639613
541,gr_D6_FULL_B_009,campaign_v2,D6,FULL,B,9,SUCCEED,SpinQuasarClient,1775050022,2026-04-01T15:27:02,2026-04-01T15:29:05,123,3,19,16,9,2,8,106.2150,df8315dbc8787be75514c4e39eec4732a8c299a1,0.0724451758937,0.0401933234508,0.0975043946053,0.0867852443587,0.11756619255,0.089124764125,0.418583840027,0.0777970649895,0.0515323941273,0.0233165802476,0.169759756123,0.115770019225,0.0910616433895,0.0604345478468,0.446343495079,0.0417815639613
542,gr_D6_FULL_B_010,campaign_v2,D6,FULL,B,10,SUCCEED,SpinQuasarClient,1775050147,2026-04-01T15:29:07,2026-04-01T15:31:11,124,3,19,16,9,2,8,106.2150,df8315dbc8787be75514c4e39eec4732a8c299a1,0.0717643599485,0.031196063384,0.101867494443,0.0982424795181,0.121346301223,0.0884542178182,0.420704592182,0.0664244914826,0.0515323941273,0.0233165802476,0.169759756123,0.115770019225,0.0910616433895,0.0604345478468,0.446343495079,0.0417815639613
543,gr_D6_L0_A_011,campaign_v2,D6,L0,A,11,SUCCEED,SpinQuasarClient,1775050273,2026-04-01T15:31:13,2026-04-01T15:33:14,121,3,1,1,1,0,0,106.2150,72e7323a853b124bdee2f54bab64e8ac21d683fe,0.325446849477,0.0415962898174,0.0310960251552,0.00655754832884,0.495792863294,0.0316503494304,0.0626007918402,0.00525928265628,0.360378749723,0,0,0,0.639621250277,0,0,0
544,gr_D6_L0_A_012,campaign_v2,D6,L0,A,12,SUCCEED,SpinQuasarClient,1775050396,2026-04-01T15:33:16,2026-04-01T15:35:16,120,3,1,1,1,0,0,106.2150,72e7323a853b124bdee2f54bab64e8ac21d683fe,0.350127058002,0.0140359336275,0.0290007553115,0.00219242584597,0.561987146089,0.0128275884175,0.0154971640195,0.0143319286874,0.360378749723,0,0,0,0.639621250277,0,0,0
545,gr_D6_L0_A_013,campaign_v2,D6,L0,A,13,SUCCEED,SpinQuasarClient,1775050518,2026-04-01T15:35:18,2026-04-01T15:37:19,121,3,1,1,1,0,0,106.2150,72e7323a853b124bdee2f54bab64e8ac21d683fe,0.333583823452,0.0407136799843,0.0219831296035,0.00355089920531,0.517937483743,0.0307112009505,0.0445450692876,0.00697471377301,0.360378749723,0,0,0,0.639621250277,0,0,0
546,gr_D6_L0_A_014,campaign_v2,D6,L0,A,14,SUCCEED,SpinQuasarClient,1775050642,2026-04-01T15:37:22,2026-04-01T15:39:21,119,3,1,1,1,0,0,106.2150,72e7323a853b124bdee2f54bab64e8ac21d683fe,0.315069078202,0.0673825758584,0.0315225651048,0.0018170230189,0.508145632966,0.0132826416962,0.0493728948724,0.013407588281,0.360378749723,0,0,0,0.639621250277,0,0,0
547,gr_D6_L0_A_015,campaign_v2,D6,L0,A,15,SUCCEED,SpinQuasarClient,1775050764,2026-04-01T15:39:24,2026-04-01T15:41:24,120,3,1,1,1,0,0,106.2150,72e7323a853b124bdee2f54bab64e8ac21d683fe,0.353195138371,0.0147358616682,0.0155908668652,0.00167318530629,0.56986652541,0.00796003755035,0.022701713786,0.0142766710432,0.360378749723,0,0,0,0.639621250277,0,0,0
548,gr_D6_L01_A_011,campaign_v2,D6,L01,A,11,SUCCEED,SpinQuasarClient,1775050886,2026-04-01T15:41:26,2026-04-01T15:43:27,121,3,11,9,5,2,4,106.2150,fb12debbc234d370c25263d3a0c803460442fe37,0.0734572614245,0.0159130678761,0.262691950686,0.030669788723,0.22416638026,0.0326639431543,0.344035918918,0.0164016889571,0.0748489743749,0,0.285529775348,0,0.151496191236,0,0.488125059041,0
549,gr_D6_L01_A_012,campaign_v2,D6,L01,A,12,SUCCEED,SpinQuasarClient,1775051009,2026-04-01T15:43:29,2026-04-01T15:45:30,121,3,11,9,5,2,4,106.2150,fb12debbc234d370c25263d3a0c803460442fe37,0.054875970005,0.00436607148697,0.235220973997,0.0261515030219,0.259618292008,0.0229648936898,0.373389977694,0.0234123180976,0.0748489743749,0,0.285529775348,0,0.151496191236,0,0.488125059041,0
550,gr_D6_L01_A_013,campaign_v2,D6,L01,A,13,SUCCEED,SpinQuasarClient,1775051133,2026-04-01T15:45:33,2026-04-01T15:47:33,120,3,11,9,5,2,4,106.2150,fb12debbc234d370c25263d3a0c803460442fe37,0.051954901777,0.0038900254012,0.28896109797,0.0438253694305,0.251695825163,0.0251790316676,0.317148956354,0.0173447922373,0.0748489743749,0,0.285529775348,0,0.151496191236,0,0.488125059041,0
551,gr_D6_L01_A_014,campaign_v2,D6,L01,A,14,SUCCEED,SpinQuasarClient,1775051256,2026-04-01T15:47:36,2026-04-01T15:49:35,119,3,11,9,5,2,4,106.2150,fb12debbc234d370c25263d3a0c803460442fe37,0.0585083550332,0.010413016728,0.234342856779,0.0257519584997,0.247563191791,0.0339152688897,0.351771829239,0.0377335230405,0.0748489743749,0,0.285529775348,0,0.151496191236,0,0.488125059041,0
552,gr_D6_L01_A_015,campaign_v2,D6,L01,A,15,SUCCEED,SpinQuasarClient,1775051378,2026-04-01T15:49:38,2026-04-01T15:51:38,120,3,11,9,5,2,4,106.2150,fb12debbc234d370c25263d3a0c803460442fe37,0.0440220135688,0.0149073708345,0.272334900756,0.0250250740022,0.264814284287,0.045403325326,0.320027463746,0.0134655674787,0.0748489743749,0,0.285529775348,0,0.151496191236,0,0.488125059041,0
553,gr_D6_FULL_A_011,campaign_v2,D6,FULL,A,11,SUCCEED,SpinQuasarClient,1775051500,2026-04-01T15:51:40,2026-04-01T15:53:43,123,3,19,16,9,2,8,106.2150,d8daf2aa07f05532e1bac2d0288fc95562cdc737,0.104892250231,0.0614342138977,0.12115142184,0.0805084087276,0.152739506224,0.0812242820667,0.334904186033,0.0631457309796,0.0515323941273,0.0233165802476,0.169759756123,0.115770019225,0.0910616433895,0.0604345478468,0.446343495079,0.0417815639613
554,gr_D6_FULL_A_012,campaign_v2,D6,FULL,A,12,SUCCEED,SpinQuasarClient,1775051625,2026-04-01T15:53:45,2026-04-01T15:55:49,124,3,19,16,9,2,8,106.2150,d8daf2aa07f05532e1bac2d0288fc95562cdc737,0.115998192605,0.0522777477886,0.0980372830984,0.0727533032857,0.0892763742375,0.102278551854,0.403242523488,0.066136023643,0.0515323941273,0.0233165802476,0.169759756123,0.115770019225,0.0910616433895,0.0604345478468,0.446343495079,0.0417815639613
555,gr_D6_FULL_A_013,campaign_v2,D6,FULL,A,13,SUCCEED,SpinQuasarClient,1775051752,2026-04-01T15:55:52,2026-04-01T15:57:55,123,3,19,16,9,2,8,106.2150,d8daf2aa07f05532e1bac2d0288fc95562cdc737,0.116324625914,0.0645130330451,0.0827954675182,0.0639341978099,0.140155026866,0.112538137261,0.350713898785,0.0690256128015,0.0515323941273,0.0233165802476,0.169759756123,0.115770019225,0.0910616433895,0.0604345478468,0.446343495079,0.0417815639613
556,gr_D6_FULL_A_014,campaign_v2,D6,FULL,A,14,SUCCEED,SpinQuasarClient,1775051878,2026-04-01T15:57:58,2026-04-01T16:00:01,123,3,19,16,9,2,8,106.2150,d8daf2aa07f05532e1bac2d0288fc95562cdc737,0.0862186988975,0.052257167532,0.118135184091,0.102552028725,0.131722394933,0.135100578547,0.347006945192,0.0270070020835,0.0515323941273,0.0233165802476,0.169759756123,0.115770019225,0.0910616433895,0.0604345478468,0.446343495079,0.0417815639613
557,gr_D6_FULL_A_015,campaign_v2,D6,FULL,A,15,SUCCEED,SpinQuasarClient,1775052004,2026-04-01T16:00:04,2026-04-01T16:02:07,123,3,19,16,9,2,8,106.2150,d8daf2aa07f05532e1bac2d0288fc95562cdc737,0.110737565293,0.0329845680192,0.106992098232,0.0691294749693,0.155899669079,0.122814496393,0.366789048793,0.0346530792214,0.0515323941273,0.0233165802476,0.169759756123,0.115770019225,0.0910616433895,0.0604345478468,0.446343495079,0.0417815639613
558,gr_D6_FULL_B_011,campaign_v2,D6,FULL,B,11,SUCCEED,SpinQuasarClient,1775052130,2026-04-01T16:02:10,2026-04-01T16:04:13,123,3,19,16,9,2,8,106.2150,df8315dbc8787be75514c4e39eec4732a8c299a1,0.0732384918652,0.0250673534225,0.101875989217,0.104552575598,0.150429712795,0.0648428770491,0.382959410855,0.0970335891973,0.0515323941273,0.0233165802476,0.169759756123,0.115770019225,0.0910616433895,0.0604345478468,0.446343495079,0.0417815639613
559,gr_D6_FULL_B_012,campaign_v2,D6,FULL,B,12,SUCCEED,SpinQuasarClient,1775052256,2026-04-01T16:04:16,2026-04-01T16:06:20,124,3,19,16,9,2,8,106.2150,df8315dbc8787be75514c4e39eec4732a8c299a1,0.0634069581353,0.0322323498545,0.105636395495,0.0991113611859,0.111555456243,0.0804852010823,0.445676524688,0.0618957533153,0.0515323941273,0.0233165802476,0.169759756123,0.115770019225,0.0910616433895,0.0604345478468,0.446343495079,0.0417815639613
560,gr_D6_FULL_B_013,campaign_v2,D6,FULL,B,13,SUCCEED,SpinQuasarClient,1775052382,2026-04-01T16:06:22,2026-04-01T16:08:41,139,3,19,16,9,2,8,106.2150,df8315dbc8787be75514c4e39eec4732a8c299a1,0.0694677831825,0.0295698529349,0.084600644211,0.10385115784,0.141212818457,0.0889474632334,0.401295212348,0.0810550677932,0.0515323941273,0.0233165802476,0.169759756123,0.115770019225,0.0910616433895,0.0604345478468,0.446343495079,0.0417815639613
561,gr_D6_FULL_B_014,campaign_v2,D6,FULL,B,14,SUCCEED,SpinQuasarClient,1775052523,2026-04-01T16:08:43,2026-04-01T16:10:47,124,3,19,16,9,2,8,106.2150,df8315dbc8787be75514c4e39eec4732a8c299a1,0.0714134498028,0.0443343138385,0.135243573874,0.12353974347,0.1062360755,0.0648991540273,0.393390388314,0.0609433011734,0.0515323941273,0.0233165802476,0.169759756123,0.115770019225,0.0910616433895,0.0604345478468,0.446343495079,0.0417815639613
562,gr_D6_FULL_B_015,campaign_v2,D6,FULL,B,15,SUCCEED,SpinQuasarClient,1775052650,2026-04-01T16:10:50,2026-04-01T16:12:53,123,3,19,16,9,2,8,106.2150,df8315dbc8787be75514c4e39eec4732a8c299a1,0.065034171774,0.0397110755163,0.107960113535,0.103249597705,0.136950154777,0.0684825543405,0.427926416571,0.050685915781,0.0515323941273,0.0233165802476,0.169759756123,0.115770019225,0.0910616433895,0.0604345478468,0.446343495079,0.0417815639613
563,gr_D6_L0_A_016,campaign_v2,D6,L0,A,16,SUCCEED,SpinQuasarClient,1775052776,2026-04-01T16:12:56,2026-04-01T16:14:58,122,3,1,1,1,0,0,106.2150,72e7323a853b124bdee2f54bab64e8ac21d683fe,0.336453074496,0.00840450915028,0.023499471632,0.00590959735983,0.572010377059,0.00280009188795,0.00990858947893,0.0410142889356,0.360378749723,0,0,0,0.639621250277,0,0,0
564,gr_D6_L0_A_017,campaign_v2,D6,L0,A,17,SUCCEED,SpinQuasarClient,1775052900,2026-04-01T16:15:00,2026-04-01T16:17:02,122,3,1,1,1,0,0,106.2150,72e7323a853b124bdee2f54bab64e8ac21d683fe,0.325065485499,0.0497556018655,0.0300807135504,0.00565187470822,0.500929620049,0.0275466672405,0.0559616339469,0.00500840314018,0.360378749723,0,0,0,0.639621250277,0,0,0
565,gr_D6_L0_A_018,campaign_v2,D6,L0,A,18,SUCCEED,SpinQuasarClient,1775053025,2026-04-01T16:17:05,2026-04-01T16:19:04,119,3,1,1,1,0,0,106.2150,72e7323a853b124bdee2f54bab64e8ac21d683fe,0.36129824429,0.0251691233095,0.0183375408043,0.00451515309946,0.55470790242,0.0042814228267,0.0215993033797,0.0100913098709,0.360378749723,0,0,0,0.639621250277,0,0,0
566,gr_D6_L0_A_019,campaign_v2,D6,L0,A,19,SUCCEED,SpinQuasarClient,1775053147,2026-04-01T16:19:07,2026-04-01T16:21:06,119,3,1,1,1,0,0,106.2150,72e7323a853b124bdee2f54bab64e8ac21d683fe,0.313545594613,0.0360174328059,0.0340268605701,0.00409665241063,0.513157133792,0.0292961157819,0.0620662634849,0.00779394654219,0.360378749723,0,0,0,0.639621250277,0,0,0
567,gr_D6_L0_A_020,campaign_v2,D6,L0,A,20,SUCCEED,SpinQuasarClient,1775053268,2026-04-01T16:21:08,2026-04-01T16:23:10,122,3,1,1,1,0,0,106.2150,72e7323a853b124bdee2f54bab64e8ac21d683fe,0.34601237208,0.0166702045154,0.0157351176412,0.00606792658452,0.572343977479,0.00630973096078,0.00933334391006,0.0275273268294,0.360378749723,0,0,0,0.639621250277,0,0,0
568,gr_D6_L01_A_016,campaign_v2,D6,L01,A,16,SUCCEED,SpinQuasarClient,1775053392,2026-04-01T16:23:12,2026-04-01T16:25:12,120,3,11,9,5,2,4,106.2150,fb12debbc234d370c25263d3a0c803460442fe37,0.0611713698151,0.0207520975921,0.234357049867,0.0371482854723,0.212934152011,0.0117974817604,0.385307526328,0.0365320371542,0.0748489743749,0,0.285529775348,0,0.151496191236,0,0.488125059041,0
569,gr_D6_L01_A_017,campaign_v2,D6,L01,A,17,SUCCEED,SpinQuasarClient,1775053515,2026-04-01T16:25:15,2026-04-01T16:27:15,120,3,11,9,5,2,4,106.2150,fb12debbc234d370c25263d3a0c803460442fe37,0.0516664556902,0.0110912546481,0.244416005837,0.0191158255841,0.23263169857,0.0218689773822,0.380410826706,0.0387989555822,0.0748489743749,0,0.285529775348,0,0.151496191236,0,0.488125059041,0
570,gr_D6_L01_A_018,campaign_v2,D6,L01,A,18,SUCCEED,SpinQuasarClient,1775053638,2026-04-01T16:27:18,2026-04-01T16:29:19,121,3,11,9,5,2,4,106.2150,fb12debbc234d370c25263d3a0c803460442fe37,0.040550586399,0.00981978739148,0.247146023847,0.035814377922,0.244556487427,0.0135709639142,0.375393654415,0.0331481186846,0.0748489743749,0,0.285529775348,0,0.151496191236,0,0.488125059041,0
571,gr_D6_L01_A_019,campaign_v2,D6,L01,A,19,SUCCEED,SpinQuasarClient,1775053762,2026-04-01T16:29:22,2026-04-01T16:31:20,118,3,11,9,5,2,4,106.2150,fb12debbc234d370c25263d3a0c803460442fe37,0.0640256078151,0.00935228533139,0.24185020031,0.0313045444499,0.246365857329,0.0279114966709,0.345345736945,0.0338442711492,0.0748489743749,0,0.285529775348,0,0.151496191236,0,0.488125059041,0
572,gr_D6_L01_A_020,campaign_v2,D6,L01,A,20,SUCCEED,SpinQuasarClient,1775053883,2026-04-01T16:31:23,2026-04-01T16:33:23,120,3,11,9,5,2,4,106.2150,fb12debbc234d370c25263d3a0c803460442fe37,0.0660341558847,0.0156459056985,0.226789366952,0.026237564088,0.258609024487,0.0178876721018,0.367408642529,0.0213876682587,0.0748489743749,0,0.285529775348,0,0.151496191236,0,0.488125059041,0
573,gr_D6_FULL_A_016,campaign_v2,D6,FULL,A,16,SUCCEED,SpinQuasarClient,1775054006,2026-04-01T16:33:26,2026-04-01T16:35:28,122,3,19,16,9,2,8,106.2150,d8daf2aa07f05532e1bac2d0288fc95562cdc737,0.0748532181086,0.0463467794831,0.139246181424,0.0880130465838,0.139252283101,0.107366676676,0.333911832225,0.0710099823995,0.0515323941273,0.0233165802476,0.169759756123,0.115770019225,0.0910616433895,0.0604345478468,0.446343495079,0.0417815639613
574,gr_D6_FULL_A_017,campaign_v2,D6,FULL,A,17,SUCCEED,SpinQuasarClient,1775054131,2026-04-01T16:35:31,2026-04-01T16:37:34,123,3,19,16,9,2,8,106.2150,d8daf2aa07f05532e1bac2d0288fc95562cdc737,0.0945041592846,0.0614313335048,0.124834013831,0.0749040378182,0.138126039482,0.110003448201,0.344403747231,0.0517932206469,0.0515323941273,0.0233165802476,0.169759756123,0.115770019225,0.0910616433895,0.0604345478468,0.446343495079,0.0417815639613
575,gr_D6_FULL_A_018,campaign_v2,D6,FULL,A,18,SUCCEED,SpinQuasarClient,1775054257,2026-04-01T16:37:37,2026-04-01T16:39:40,123,3,19,16,9,2,8,106.2150,d8daf2aa07f05532e1bac2d0288fc95562cdc737,0.109021879075,0.0423116643122,0.109130816564,0.120235305137,0.130331947553,0.0981654255616,0.336903951819,0.053899009979,0.0515323941273,0.0233165802476,0.169759756123,0.115770019225,0.0910616433895,0.0604345478468,0.446343495079,0.0417815639613
576,gr_D6_FULL_A_019,campaign_v2,D6,FULL,A,19,SUCCEED,SpinQuasarClient,1775054383,2026-04-01T16:39:43,2026-04-01T16:41:46,123,3,19,16,9,2,8,106.2150,d8daf2aa07f05532e1bac2d0288fc95562cdc737,0.109288923676,0.0484164739012,0.101858691457,0.112457865085,0.148920791,0.0700821428256,0.322442777569,0.0865323344861,0.0515323941273,0.0233165802476,0.169759756123,0.115770019225,0.0910616433895,0.0604345478468,0.446343495079,0.0417815639613
577,gr_D6_FULL_A_020,campaign_v2,D6,FULL,A,20,SUCCEED,SpinQuasarClient,1775054509,2026-04-01T16:41:49,2026-04-01T16:43:53,124,3,19,16,9,2,8,106.2150,d8daf2aa07f05532e1bac2d0288fc95562cdc737,0.104820449675,0.0467742328365,0.108114126731,0.077056667439,0.134540703896,0.054066255803,0.320990556961,0.153637006657,0.0515323941273,0.0233165802476,0.169759756123,0.115770019225,0.0910616433895,0.0604345478468,0.446343495079,0.0417815639613
578,gr_D6_FULL_B_016,campaign_v2,D6,FULL,B,16,SUCCEED,SpinQuasarClient,1775054636,2026-04-01T16:43:56,2026-04-01T16:45:59,123,3,19,16,9,2,8,106.2150,df8315dbc8787be75514c4e39eec4732a8c299a1,0.0702005045695,0.0414627913467,0.0955510979485,0.124839985742,0.132643144206,0.0961380274831,0.377103492334,0.0620609563711,0.0515323941273,0.0233165802476,0.169759756123,0.115770019225,0.0910616433895,0.0604345478468,0.446343495079,0.0417815639613
579,gr_D6_FULL_B_017,campaign_v2,D6,FULL,B,17,SUCCEED,SpinQuasarClient,1775054762,2026-04-01T16:46:02,2026-04-01T16:48:02,120,3,19,16,9,2,8,106.2150,df8315dbc8787be75514c4e39eec4732a8c299a1,0.0545298244336,0.0391232152738,0.0984208100132,0.127969691038,0.132581701491,0.0629500427418,0.426287533805,0.0581371812027,0.0515323941273,0.0233165802476,0.169759756123,0.115770019225,0.0910616433895,0.0604345478468,0.446343495079,0.0417815639613
580,gr_D6_FULL_B_018,campaign_v2,D6,FULL,B,18,SUCCEED,SpinQuasarClient,1775054885,2026-04-01T16:48:05,2026-04-01T16:50:08,123,3,19,16,9,2,8,106.2150,df8315dbc8787be75514c4e39eec4732a8c299a1,0.0704965562585,0.0341560530205,0.112161942349,0.118504551871,0.115765926881,0.0756842911797,0.41220661558,0.0610240628602,0.0515323941273,0.0233165802476,0.169759756123,0.115770019225,0.0910616433895,0.0604345478468,0.446343495079,0.0417815639613
581,gr_D6_FULL_B_019,campaign_v2,D6,FULL,B,19,SUCCEED,SpinQuasarClient,1775055011,2026-04-01T16:50:11,2026-04-01T16:52:14,123,3,19,16,9,2,8,106.2150,df8315dbc8787be75514c4e39eec4732a8c299a1,0.0684214792274,0.0529115068782,0.113248296858,0.112599494051,0.113293928443,0.0863479010404,0.398609971485,0.0545674220164,0.0515323941273,0.0233165802476,0.169759756123,0.115770019225,0.0910616433895,0.0604345478468,0.446343495079,0.0417815639613
582,gr_D6_FULL_B_020,campaign_v2,D6,FULL,B,20,SUCCEED,SpinQuasarClient,1775055137,2026-04-01T16:52:17,2026-04-01T16:54:21,124,3,19,16,9,2,8,106.2150,df8315dbc8787be75514c4e39eec4732a8c299a1,0.0721119264891,0.0622586868372,0.116481286581,0.0970071310262,0.10758606259,0.0696300376054,0.409329095028,0.0655957738435,0.0515323941273,0.0233165802476,0.169759756123,0.115770019225,0.0910616433895,0.0604345478468,0.446343495079,0.0417815639613
583,gr_D6_L0_A_021,campaign_v2,D6,L0,A,21,SUCCEED,SpinQuasarClient,1775055263,2026-04-01T16:54:23,2026-04-01T16:56:23,120,3,1,1,1,0,0,106.2150,72e7323a853b124bdee2f54bab64e8ac21d683fe,0.342706499887,0.0340754620387,0.0273412868195,0.0209149828858,0.497959083141,0.029446614993,0.039064341093,0.00849172914267,0.360378749723,0,0,0,0.639621250277,0,0,0
584,gr_D6_L0_A_022,campaign_v2,D6,L0,A,22,SUCCEED,SpinQuasarClient,1775055386,2026-04-01T16:56:26,2026-04-01T16:58:26,120,3,1,1,1,0,0,106.2150,72e7323a853b124bdee2f54bab64e8ac21d683fe,0.325264468117,0.0548255471038,0.0363435545116,0.00994007695157,0.497784110108,0.0213712649439,0.0512319718291,0.00323900643503,0.360378749723,0,0,0,0.639621250277,0,0,0
585,gr_D6_L0_A_023,campaign_v2,D6,L0,A,23,SUCCEED,SpinQuasarClient,1775055509,2026-04-01T16:58:29,2026-04-01T17:00:29,120,3,1,1,1,0,0,106.2150,72e7323a853b124bdee2f54bab64e8ac21d683fe,0.339131438187,0.0161279636157,0.0208573985291,0.00756783232931,0.572986722684,0.00504356292021,0.0115565829496,0.0267284987852,0.360378749723,0,0,0,0.639621250277,0,0,0
586,gr_D6_L0_A_024,campaign_v2,D6,L0,A,24,SUCCEED,SpinQuasarClient,1775055632,2026-04-01T17:00:32,2026-04-01T17:02:30,118,3,1,1,1,0,0,106.2150,72e7323a853b124bdee2f54bab64e8ac21d683fe,0.344867921318,0.0143306628775,0.0225669443986,0.00174604111982,0.569334529404,0.0108101495937,0.0156673484967,0.0206764027921,0.360378749723,0,0,0,0.639621250277,0,0,0
587,gr_D6_L0_A_025,campaign_v2,D6,L0,A,25,SUCCEED,SpinQuasarClient,1775055752,2026-04-01T17:02:32,2026-04-01T17:04:30,118,3,1,1,1,0,0,106.2150,72e7323a853b124bdee2f54bab64e8ac21d683fe,0.326650593177,0.0533575843151,0.0321810338857,0.00234514502952,0.513126903132,0.0119748090088,0.049380561831,0.01098336962,0.360378749723,0,0,0,0.639621250277,0,0,0
588,gr_D6_L01_A_021,campaign_v2,D6,L01,A,21,SUCCEED,SpinQuasarClient,1775055872,2026-04-01T17:04:32,2026-04-01T17:06:36,124,3,11,9,5,2,4,106.2150,fb12debbc234d370c25263d3a0c803460442fe37,0.0518905003928,0.0168932795117,0.278776022223,0.0312866476442,0.251836186009,0.0344691549423,0.327832775414,0.00701543386275,0.0748489743749,0,0.285529775348,0,0.151496191236,0,0.488125059041,0
589,gr_D6_L01_A_022,campaign_v2,D6,L01,A,22,SUCCEED,SpinQuasarClient,1775056000,2026-04-01T17:06:40,2026-04-01T17:08:41,121,3,11,9,5,2,4,106.2150,fb12debbc234d370c25263d3a0c803460442fe37,0.0620278277913,0.0131263366625,0.274849141333,0.0362429151849,0.169632064036,0.0501802218679,0.388217471817,0.0057240213073,0.0748489743749,0,0.285529775348,0,0.151496191236,0,0.488125059041,0
590,gr_D6_L01_A_023,campaign_v2,D6,L01,A,23,SUCCEED,SpinQuasarClient,1775056124,2026-04-01T17:08:44,2026-04-01T17:10:46,122,3,11,9,5,2,4,106.2150,fb12debbc234d370c25263d3a0c803460442fe37,0.0560123393445,0.0141634674157,0.251814139208,0.0438199177323,0.24733938409,0.0291976003674,0.34689781828,0.010755333562,0.0748489743749,0,0.285529775348,0,0.151496191236,0,0.488125059041,0
591,gr_D6_L01_A_024,campaign_v2,D6,L01,A,24,SUCCEED,SpinQuasarClient,1775056249,2026-04-01T17:10:49,2026-04-01T17:12:49,120,3,11,9,5,2,4,106.2150,fb12debbc234d370c25263d3a0c803460442fe37,0.0596010105601,0.00849509201579,0.286224665111,0.0328590750625,0.252128386133,0.0294618821195,0.328803818267,0.00242607073094,0.0748489743749,0,0.285529775348,0,0.151496191236,0,0.488125059041,0
592,gr_D6_L01_A_025,campaign_v2,D6,L01,A,25,SUCCEED,SpinQuasarClient,1775056371,2026-04-01T17:12:52,2026-04-01T17:14:52,120,3,11,9,5,2,4,106.2150,fb12debbc234d370c25263d3a0c803460442fe37,0.0594976609123,0.0129581249878,0.250997775182,0.0209452820541,0.22628663602,0.0117151896109,0.38603443272,0.0315648985131,0.0748489743749,0,0.285529775348,0,0.151496191236,0,0.488125059041,0
593,gr_D6_FULL_A_021,campaign_v2,D6,FULL,A,21,SUCCEED,SpinQuasarClient,1775056494,2026-04-01T17:14:54,2026-04-01T17:16:58,124,3,19,16,9,2,8,106.2150,d8daf2aa07f05532e1bac2d0288fc95562cdc737,0.124292769972,0.0469858783056,0.124887477342,0.100636116375,0.129777891839,0.0812563215232,0.337372255648,0.0547912889955,0.0515323941273,0.0233165802476,0.169759756123,0.115770019225,0.0910616433895,0.0604345478468,0.446343495079,0.0417815639613
594,gr_D6_FULL_A_022,campaign_v2,D6,FULL,A,22,SUCCEED,SpinQuasarClient,1775056621,2026-04-01T17:17:01,2026-04-01T17:19:04,123,3,19,16,9,2,8,106.2150,d8daf2aa07f05532e1bac2d0288fc95562cdc737,0.101785211764,0.0658499780617,0.103107938703,0.0696126867996,0.135611040766,0.12749035451,0.341792848643,0.0547499407519,0.0515323941273,0.0233165802476,0.169759756123,0.115770019225,0.0910616433895,0.0604345478468,0.446343495079,0.0417815639613
595,gr_D6_FULL_A_023,campaign_v2,D6,FULL,A,23,SUCCEED,SpinQuasarClient,1775056747,2026-04-01T17:19:07,2026-04-01T17:21:11,124,3,19,16,9,2,8,106.2150,d8daf2aa07f05532e1bac2d0288fc95562cdc737,0.0995678434307,0.0291182222471,0.0918991942999,0.0912351339293,0.13294096956,0.125226468706,0.37768979832,0.0523223695068,0.0515323941273,0.0233165802476,0.169759756123,0.115770019225,0.0910616433895,0.0604345478468,0.446343495079,0.0417815639613
596,gr_D6_FULL_A_024,campaign_v2,D6,FULL,A,24,SUCCEED,SpinQuasarClient,1775056873,2026-04-01T17:21:13,2026-04-01T17:23:17,124,3,19,16,9,2,8,106.2150,d8daf2aa07f05532e1bac2d0288fc95562cdc737,0.107425482131,0.0482770560878,0.0922039712567,0.0679064124004,0.170218287037,0.0639361423868,0.325161132804,0.124871515896,0.0515323941273,0.0233165802476,0.169759756123,0.115770019225,0.0910616433895,0.0604345478468,0.446343495079,0.0417815639613
597,gr_D6_FULL_A_025,campaign_v2,D6,FULL,A,25,SUCCEED,SpinQuasarClient,1775057000,2026-04-01T17:23:20,2026-04-01T17:25:20,120,3,19,16,9,2,8,106.2150,d8daf2aa07f05532e1bac2d0288fc95562cdc737,0.0692541905863,0.0310022506133,0.115418110726,0.130453476071,0.154641062615,0.0782026306538,0.368958746312,0.0520695324237,0.0515323941273,0.0233165802476,0.169759756123,0.115770019225,0.0910616433895,0.0604345478468,0.446343495079,0.0417815639613
598,gr_D6_FULL_B_021,campaign_v2,D6,FULL,B,21,SUCCEED,SpinQuasarClient,1775057123,2026-04-01T17:25:23,2026-04-01T17:27:26,123,3,19,16,9,2,8,106.2150,df8315dbc8787be75514c4e39eec4732a8c299a1,0.100768063585,0.0406225337806,0.114351703629,0.0959691340994,0.121760823028,0.0670879483844,0.395535192782,0.0639046007117,0.0515323941273,0.0233165802476,0.169759756123,0.115770019225,0.0910616433895,0.0604345478468,0.446343495079,0.0417815639613
599,gr_D6_FULL_B_022,campaign_v2,D6,FULL,B,22,SUCCEED,SpinQuasarClient,1775057249,2026-04-01T17:27:29,2026-04-01T17:29:32,123,3,19,16,9,2,8,106.2150,df8315dbc8787be75514c4e39eec4732a8c299a1,0.0650557222697,0.0361688420895,0.101453690896,0.104741025056,0.126654455745,0.0710968332977,0.443913544615,0.0509158860325,0.0515323941273,0.0233165802476,0.169759756123,0.115770019225,0.0910616433895,0.0604345478468,0.446343495079,0.0417815639613
600,gr_D6_FULL_B_023,campaign_v2,D6,FULL,B,23,SUCCEED,SpinQuasarClient,1775057375,2026-04-01T17:29:35,2026-04-01T17:31:39,124,3,19,16,9,2,8,106.2150,df8315dbc8787be75514c4e39eec4732a8c299a1,0.0677845471626,0.0327350330533,0.099284534827,0.127665370047,0.135362394269,0.0922395279021,0.414363714135,0.0305648786049,0.0515323941273,0.0233165802476,0.169759756123,0.115770019225,0.0910616433895,0.0604345478468,0.446343495079,0.0417815639613
601,gr_D6_FULL_B_024,campaign_v2,D6,FULL,B,24,SUCCEED,SpinQuasarClient,1775057501,2026-04-01T17:31:41,2026-04-01T17:33:45,124,3,19,16,9,2,8,106.2150,df8315dbc8787be75514c4e39eec4732a8c299a1,0.0561310568754,0.0508658352205,0.124786562898,0.107424442873,0.128114621159,0.0820167849145,0.40640516312,0.0442555329402,0.0515323941273,0.0233165802476,0.169759756123,0.115770019225,0.0910616433895,0.0604345478468,0.446343495079,0.0417815639613
602,gr_D6_FULL_B_025,campaign_v2,D6,FULL,B,25,SUCCEED,SpinQuasarClient,1775057628,2026-04-01T17:33:48,2026-04-01T17:35:51,123,3,19,16,9,2,8,106.2150,df8315dbc8787be75514c4e39eec4732a8c299a1,0.0828486665012,0.0441278831857,0.11953310645,0.112143563582,0.106639091321,0.0801606053231,0.411615648363,0.0429314352728,0.0515323941273,0.0233165802476,0.169759756123,0.115770019225,0.0910616433895,0.0604345478468,0.446343495079,0.0417815639613
603,gr_D4_L0_A_001,campaign_v2,D4,L0,A,1,SUCCEED,SpinQuasarClient,1775057878,2026-04-01T17:37:58,2026-04-01T17:39:45,107,3,1,1,1,0,0,90.0000,f71f31738d690690ecb02fb3b039763410832d12,0.487617671412,0.00900719232216,0.0205892779764,0.00112739573167,0.457758936366,0.00907229276042,0.00939283221986,0.00543440121137,0.500000000097,0,0,0,0.499999999903,0,0,0
604,gr_D4_L0_A_002,campaign_v2,D4,L0,A,2,SUCCEED,SpinQuasarClient,1775057987,2026-04-01T17:39:47,2026-04-01T17:41:48,121,3,1,1,1,0,0,90.0000,f71f31738d690690ecb02fb3b039763410832d12,0.488056980271,0.010931684251,0.0149337279993,0.00759268278661,0.453947661091,0.00313345931895,0.012343622306,0.00906018197617,0.500000000097,0,0,0,0.499999999903,0,0,0
605,gr_D4_L0_A_003,campaign_v2,D4,L0,A,3,SUCCEED,SpinQuasarClient,1775058110,2026-04-01T17:41:51,2026-04-01T17:43:54,123,3,1,1,1,0,0,90.0000,f71f31738d690690ecb02fb3b039763410832d12,0.449535149065,0.0192557569659,0.037999515854,0.00517305021539,0.413857135506,0.0296543380387,0.0396671358289,0.00485791852648,0.500000000097,0,0,0,0.499999999903,0,0,0
606,gr_D4_L0_A_004,campaign_v2,D4,L0,A,4,SUCCEED,SpinQuasarClient,1775058237,2026-04-01T17:43:57,2026-04-01T17:45:57,120,3,1,1,1,0,0,90.0000,f71f31738d690690ecb02fb3b039763410832d12,0.428261372085,0.0283293456097,0.054294105078,0.00648198760246,0.415265200901,0.0298589725933,0.0276653912255,0.00984362490532,0.500000000097,0,0,0,0.499999999903,0,0,0
607,gr_D4_L0_A_005,campaign_v2,D4,L0,A,5,SUCCEED,SpinQuasarClient,1775058360,2026-04-01T17:46:00,2026-04-01T17:47:58,118,3,1,1,1,0,0,90.0000,f71f31738d690690ecb02fb3b039763410832d12,0.432091133704,0.0334044873766,0.0468469415781,0.00648321376528,0.410696415719,0.0177507236329,0.0407829222551,0.0119441619692,0.500000000097,0,0,0,0.499999999903,0,0,0
608,gr_D4_L01_A_001,campaign_v2,D4,L01,A,1,SUCCEED,SpinQuasarClient,1775058481,2026-04-01T17:48:01,2026-04-01T17:50:00,119,3,11,9,5,2,4,90.0000,26e82b6ee345b78667ac6d1bd89bf599f9ff37d5,0.0520589695418,0.0274379165324,0.409606990294,0.0189914805652,0.382213691126,0.0247249867467,0.0693833194882,0.0155826457056,0.0700014548523,0,0.429998545245,0,0.429998545145,0,0.0700014547574,0
609,gr_D4_L01_A_002,campaign_v2,D4,L01,A,2,SUCCEED,SpinQuasarClient,1775058603,2026-04-01T17:50:03,2026-04-01T17:52:04,121,3,11,9,5,2,4,90.0000,26e82b6ee345b78667ac6d1bd89bf599f9ff37d5,0.062548267224,0.0271836328124,0.345687343096,0.0201048454011,0.418476821048,0.0417312167612,0.0686796720198,0.0155882016372,0.0700014548523,0,0.429998545245,0,0.429998545145,0,0.0700014547574,0
610,gr_D4_L01_A_003,campaign_v2,D4,L01,A,3,SUCCEED,SpinQuasarClient,1775058727,2026-04-01T17:52:07,2026-04-01T17:54:10,123,3,11,9,5,2,4,90.0000,26e82b6ee345b78667ac6d1bd89bf599f9ff37d5,0.0596417975486,0.00896055204618,0.376413181405,0.0168811447944,0.420200644508,0.0393055340193,0.0524590727942,0.0261380728845,0.0700014548523,0,0.429998545245,0,0.429998545145,0,0.0700014547574,0
611,gr_D4_L01_A_004,campaign_v2,D4,L01,A,4,SUCCEED,SpinQuasarClient,1775058853,2026-04-01T17:54:13,2026-04-01T17:56:12,119,3,11,9,5,2,4,90.0000,26e82b6ee345b78667ac6d1bd89bf599f9ff37d5,0.0751441152426,0.0153901953283,0.387246428516,0.0346649448205,0.368942275452,0.0337364391357,0.058593771638,0.0262818298679,0.0700014548523,0,0.429998545245,0,0.429998545145,0,0.0700014547574,0
612,gr_D4_L01_A_005,campaign_v2,D4,L01,A,5,SUCCEED,SpinQuasarClient,1775058975,2026-04-01T17:56:15,2026-04-01T17:58:17,122,3,11,9,5,2,4,90.0000,26e82b6ee345b78667ac6d1bd89bf599f9ff37d5,0.0442569344075,0.0085250670877,0.419165279991,0.0145976929915,0.436919824793,0.00888461152365,0.0542374577947,0.0134131314105,0.0700014548523,0,0.429998545245,0,0.429998545145,0,0.0700014547574,0
613,gr_D4_FULL_A_001,campaign_v2,D4,FULL,A,1,SUCCEED,SpinQuasarClient,1775059099,2026-04-01T17:58:19,2026-04-01T18:00:23,124,3,19,16,9,2,8,90.0000,f7715c42fb781f47f599c40bbbf067fb385d4bf7,0.0857501677209,0.190593195001,0.122531943188,0.179012578487,0.182659494143,0.0714969263426,0.0804036661129,0.0875520290048,0.0200004098986,0.0500010449537,0.119999562108,0.309998983138,0.309998983141,0.119999562004,0.0500010448983,0.0200004098591
614,gr_D4_FULL_A_002,campaign_v2,D4,FULL,A,2,SUCCEED,SpinQuasarClient,1775059226,2026-04-01T18:00:26,2026-04-01T18:02:29,123,3,19,16,9,2,8,90.0000,f7715c42fb781f47f599c40bbbf067fb385d4bf7,0.0535294690974,0.131744250713,0.101532629146,0.202360936887,0.245436447114,0.0951311338122,0.116573460953,0.0536916722774,0.0200004098986,0.0500010449537,0.119999562108,0.309998983138,0.309998983141,0.119999562004,0.0500010448983,0.0200004098591
615,gr_D4_FULL_A_003,campaign_v2,D4,FULL,A,3,SUCCEED,SpinQuasarClient,1775059352,2026-04-01T18:02:32,2026-04-01T18:04:35,123,3,19,16,9,2,8,90.0000,f7715c42fb781f47f599c40bbbf067fb385d4bf7,0.0972516901683,0.174815597396,0.0910995148626,0.164250686873,0.210078680747,0.11856938849,0.104730550554,0.0392038909087,0.0200004098986,0.0500010449537,0.119999562108,0.309998983138,0.309998983141,0.119999562004,0.0500010448983,0.0200004098591
616,gr_D4_FULL_A_005,campaign_v2,D4,FULL,A,5,SUCCEED,SpinQuasarClient,1775059604,2026-04-01T18:06:44,2026-04-01T18:09:15,151,3,19,16,9,2,8,90.0000,f7715c42fb781f47f599c40bbbf067fb385d4bf7,0.0673781124446,0.132680742981,0.170268631293,0.216100817026,0.174052155478,0.0737333063761,0.120884712589,0.0449015218111,0.0200004098986,0.0500010449537,0.119999562108,0.309998983138,0.309998983141,0.119999562004,0.0500010448983,0.0200004098591
617,gr_D4_FULL_B_001,campaign_v2,D4,FULL,B,1,SUCCEED,SpinQuasarClient,1775059757,2026-04-01T18:09:17,2026-04-01T18:11:21,124,3,19,16,9,2,8,90.0000,d5800bb18c934314330c2bba36c92bc03444b667,0.0709512044293,0.140150080023,0.0690683214252,0.208273479707,0.222652147051,0.109038185817,0.11206937079,0.0677972107572,0.0200004098986,0.0500010449537,0.119999562108,0.309998983138,0.309998983141,0.119999562004,0.0500010448983,0.0200004098591
618,gr_D4_FULL_B_002,campaign_v2,D4,FULL,B,2,SUCCEED,SpinQuasarClient,1775059884,2026-04-01T18:11:24,2026-04-01T18:13:27,123,3,19,16,9,2,8,90.0000,d5800bb18c934314330c2bba36c92bc03444b667,0.0567948645208,0.127459845295,0.105626934913,0.186599330133,0.173289824416,0.115102237188,0.156062808886,0.0790641546484,0.0200004098986,0.0500010449537,0.119999562108,0.309998983138,0.309998983141,0.119999562004,0.0500010448983,0.0200004098591
619,gr_D4_FULL_B_003,campaign_v2,D4,FULL,B,3,SUCCEED,SpinQuasarClient,1775060010,2026-04-01T18:13:30,2026-04-01T18:15:34,124,3,19,16,9,2,8,90.0000,d5800bb18c934314330c2bba36c92bc03444b667,0.0600489294485,0.197107678415,0.0887161674861,0.149677147855,0.175281522525,0.0954571182763,0.167344114607,0.0663673213865,0.0200004098986,0.0500010449537,0.119999562108,0.309998983138,0.309998983141,0.119999562004,0.0500010448983,0.0200004098591
620,gr_D4_FULL_B_004,campaign_v2,D4,FULL,B,4,SUCCEED,SpinQuasarClient,1775060136,2026-04-01T18:15:36,2026-04-01T18:17:39,123,3,19,16,9,2,8,90.0000,d5800bb18c934314330c2bba36c92bc03444b667,0.10887685366,0.187906383166,0.0614167770051,0.111038432271,0.215815323115,0.107891708914,0.125739737278,0.0813147845916,0.0200004098986,0.0500010449537,0.119999562108,0.309998983138,0.309998983141,0.119999562004,0.0500010448983,0.0200004098591
621,gr_D4_FULL_B_005,campaign_v2,D4,FULL,B,5,SUCCEED,SpinQuasarClient,1775060262,2026-04-01T18:17:42,2026-04-01T18:19:45,123,3,19,16,9,2,8,90.0000,d5800bb18c934314330c2bba36c92bc03444b667,0.0498770539833,0.111028665783,0.0778471455111,0.225343728508,0.196524121107,0.095233218366,0.158427810626,0.0857182561162,0.0200004098986,0.0500010449537,0.119999562108,0.309998983138,0.309998983141,0.119999562004,0.0500010448983,0.0200004098591
622,gr_D4_L0_A_006,campaign_v2,D4,L0,A,6,SUCCEED,SpinQuasarClient,1775060388,2026-04-01T18:19:48,2026-04-01T18:21:49,121,3,1,1,1,0,0,90.0000,f71f31738d690690ecb02fb3b039763410832d12,0.452888705825,0.0181508490985,0.0412112652884,0.00476365673559,0.396490283495,0.0343790429583,0.0456302930621,0.00648590353669,0.500000000097,0,0,0,0.499999999903,0,0,0
623,gr_D4_L0_A_007,campaign_v2,D4,L0,A,7,SUCCEED,SpinQuasarClient,1775060511,2026-04-01T18:21:51,2026-04-01T18:23:51,120,3,1,1,1,0,0,90.0000,f71f31738d690690ecb02fb3b039763410832d12,0.422448724166,0.0460476549856,0.0520898990393,0.00552772018454,0.403124983572,0.0309845414826,0.0324801948161,0.0072962817547,0.500000000097,0,0,0,0.499999999903,0,0,0
624,gr_D4_L0_A_008,campaign_v2,D4,L0,A,8,SUCCEED,SpinQuasarClient,1775060633,2026-04-01T18:23:53,2026-04-01T18:25:53,120,3,1,1,1,0,0,90.0000,f71f31738d690690ecb02fb3b039763410832d12,0.443101476799,0.0258116243464,0.0475587042112,0.00406050780246,0.412743126645,0.0272673385803,0.0253744003931,0.0140828212217,0.500000000097,0,0,0,0.499999999903,0,0,0
625,gr_D4_L0_A_009,campaign_v2,D4,L0,A,9,SUCCEED,SpinQuasarClient,1775060756,2026-04-01T18:25:56,2026-04-01T18:27:54,118,3,1,1,1,0,0,90.0000,f71f31738d690690ecb02fb3b039763410832d12,0.472641639107,0.0148805743418,0.0268206778335,0.0157444211291,0.432683848821,0.019782443851,0.0115102476266,0.00593614728996,0.500000000097,0,0,0,0.499999999903,0,0,0
626,gr_D4_L0_A_010,campaign_v2,D4,L0,A,10,SUCCEED,SpinQuasarClient,1775060877,2026-04-01T18:27:57,2026-04-01T18:29:55,118,3,1,1,1,0,0,90.0000,f71f31738d690690ecb02fb3b039763410832d12,0.466042645016,0.00898052370364,0.031724779865,0.000767943392198,0.44860551801,0.0108909396903,0.0264139437452,0.00657370657684,0.500000000097,0,0,0,0.499999999903,0,0,0
627,gr_D4_L01_A_006,campaign_v2,D4,L01,A,6,SUCCEED,SpinQuasarClient,1775060998,2026-04-01T18:29:58,2026-04-01T18:31:57,119,3,11,9,5,2,4,90.0000,26e82b6ee345b78667ac6d1bd89bf599f9ff37d5,0.0657546287434,0.0211785431205,0.360009144486,0.0256734408877,0.41199156074,0.0365231166527,0.0510867319974,0.0277828333721,0.0700014548523,0,0.429998545245,0,0.429998545145,0,0.0700014547574,0
628,gr_D4_L01_A_007,campaign_v2,D4,L01,A,7,SUCCEED,SpinQuasarClient,1775061119,2026-04-01T18:31:59,2026-04-01T18:33:59,120,3,11,9,5,2,4,90.0000,26e82b6ee345b78667ac6d1bd89bf599f9ff37d5,0.0587233538176,0.0238443555158,0.358827834333,0.0250051911758,0.407562907304,0.0504684190343,0.04635766378,0.0292102750392,0.0700014548523,0,0.429998545245,0,0.429998545145,0,0.0700014547574,0
629,gr_D4_L01_A_008,campaign_v2,D4,L01,A,8,SUCCEED,SpinQuasarClient,1775061241,2026-04-01T18:34:01,2026-04-01T18:36:02,121,3,11,9,5,2,4,90.0000,26e82b6ee345b78667ac6d1bd89bf599f9ff37d5,0.0486187963975,0.0133823447148,0.424102059695,0.0121428512677,0.421918986578,0.0213323986164,0.0318083230885,0.0266942396418,0.0700014548523,0,0.429998545245,0,0.429998545145,0,0.0700014547574,0
630,gr_D4_L01_A_009,campaign_v2,D4,L01,A,9,SUCCEED,SpinQuasarClient,1775061365,2026-04-01T18:36:05,2026-04-01T18:38:05,120,3,11,9,5,2,4,90.0000,26e82b6ee345b78667ac6d1bd89bf599f9ff37d5,0.0593864418013,0.0338264231397,0.353979638225,0.0438636192003,0.392709636812,0.0335578404364,0.0601729985196,0.0225034018659,0.0700014548523,0,0.429998545245,0,0.429998545145,0,0.0700014547574,0
631,gr_D4_L01_A_010,campaign_v2,D4,L01,A,10,SUCCEED,SpinQuasarClient,1775061488,2026-04-01T18:38:08,2026-04-01T18:40:08,120,3,11,9,5,2,4,90.0000,26e82b6ee345b78667ac6d1bd89bf599f9ff37d5,0.0563179100787,0.0236617733361,0.411334423296,0.0202446782386,0.367194919729,0.0288470219936,0.0627487857031,0.0296504876244,0.0700014548523,0,0.429998545245,0,0.429998545145,0,0.0700014547574,0
632,gr_D4_FULL_A_006,campaign_v2,D4,FULL,A,6,SUCCEED,SpinQuasarClient,1775061611,2026-04-01T18:40:11,2026-04-01T18:42:15,124,3,19,16,9,2,8,90.0000,f7715c42fb781f47f599c40bbbf067fb385d4bf7,0.0620203094353,0.146365987856,0.111736310851,0.17412757443,0.171859062756,0.0796678426984,0.172468077006,0.0817548349684,0.0200004098986,0.0500010449537,0.119999562108,0.309998983138,0.309998983141,0.119999562004,0.0500010448983,0.0200004098591
633,gr_D4_FULL_A_007,campaign_v2,D4,FULL,A,7,SUCCEED,SpinQuasarClient,1775061737,2026-04-01T18:42:17,2026-04-01T18:44:21,124,3,19,16,9,2,8,90.0000,f7715c42fb781f47f599c40bbbf067fb385d4bf7,0.0575790845286,0.0909615978205,0.127781126619,0.206830401441,0.215595053934,0.108297915268,0.104863803022,0.088091017367,0.0200004098986,0.0500010449537,0.119999562108,0.309998983138,0.309998983141,0.119999562004,0.0500010448983,0.0200004098591
634,gr_D4_FULL_A_008,campaign_v2,D4,FULL,A,8,SUCCEED,SpinQuasarClient,1775061863,2026-04-01T18:44:23,2026-04-01T18:46:27,124,3,19,16,9,2,8,90.0000,f7715c42fb781f47f599c40bbbf067fb385d4bf7,0.0565291098521,0.156521468778,0.119047910346,0.171690118484,0.177810258923,0.0834699915467,0.16300022146,0.0719309206093,0.0200004098986,0.0500010449537,0.119999562108,0.309998983138,0.309998983141,0.119999562004,0.0500010448983,0.0200004098591
635,gr_D4_FULL_A_009,campaign_v2,D4,FULL,A,9,SUCCEED,SpinQuasarClient,1775061989,2026-04-01T18:46:29,2026-04-01T18:48:33,124,3,19,16,9,2,8,90.0000,f7715c42fb781f47f599c40bbbf067fb385d4bf7,0.0972759633668,0.145965619814,0.0802513692187,0.184878098554,0.272618720129,0.0760257374313,0.0757410362087,0.0672434552781,0.0200004098986,0.0500010449537,0.119999562108,0.309998983138,0.309998983141,0.119999562004,0.0500010448983,0.0200004098591
636,gr_D4_FULL_A_010,campaign_v2,D4,FULL,A,10,SUCCEED,SpinQuasarClient,1775062115,2026-04-01T18:48:35,2026-04-01T18:50:39,124,3,19,16,9,2,8,90.0000,f7715c42fb781f47f599c40bbbf067fb385d4bf7,0.101996182456,0.12493677404,0.102138455614,0.138451003647,0.262944853803,0.123999086442,0.0981435832781,0.0473900607193,0.0200004098986,0.0500010449537,0.119999562108,0.309998983138,0.309998983141,0.119999562004,0.0500010448983,0.0200004098591
637,gr_D4_FULL_B_006,campaign_v2,D4,FULL,B,6,SUCCEED,SpinQuasarClient,1775062242,2026-04-01T18:50:42,2026-04-01T18:52:45,123,3,19,16,9,2,8,90.0000,d5800bb18c934314330c2bba36c92bc03444b667,0.081366263554,0.158768286731,0.0728277610187,0.126710361529,0.240719889927,0.121625527862,0.115335431394,0.0826464779837,0.0200004098986,0.0500010449537,0.119999562108,0.309998983138,0.309998983141,0.119999562004,0.0500010448983,0.0200004098591
638,gr_D4_FULL_B_007,campaign_v2,D4,FULL,B,7,SUCCEED,SpinQuasarClient,1775062368,2026-04-01T18:52:49,2026-04-01T18:54:52,123,3,19,16,9,2,8,90.0000,d5800bb18c934314330c2bba36c92bc03444b667,0.0323019692831,0.192846179631,0.0655048595682,0.142711243001,0.247550060236,0.130829895233,0.122540325967,0.0657154670812,0.0200004098986,0.0500010449537,0.119999562108,0.309998983138,0.309998983141,0.119999562004,0.0500010448983,0.0200004098591
639,gr_D4_FULL_B_008,campaign_v2,D4,FULL,B,8,SUCCEED,SpinQuasarClient,1775062494,2026-04-01T18:54:55,2026-04-01T18:56:58,123,3,19,16,9,2,8,90.0000,d5800bb18c934314330c2bba36c92bc03444b667,0.0741351065361,0.213161206845,0.0821656317433,0.135801037151,0.209255274217,0.115104053416,0.102319449378,0.0680582407139,0.0200004098986,0.0500010449537,0.119999562108,0.309998983138,0.309998983141,0.119999562004,0.0500010448983,0.0200004098591
640,gr_D4_FULL_B_009,campaign_v2,D4,FULL,B,9,SUCCEED,SpinQuasarClient,1775062621,2026-04-01T18:57:01,2026-04-01T18:59:04,123,3,19,16,9,2,8,90.0000,d5800bb18c934314330c2bba36c92bc03444b667,0.0776561237105,0.127802991445,0.0845647114333,0.235868775104,0.177627512153,0.0945839754951,0.125889386616,0.076006524043,0.0200004098986,0.0500010449537,0.119999562108,0.309998983138,0.309998983141,0.119999562004,0.0500010448983,0.0200004098591
641,gr_D4_FULL_B_010,campaign_v2,D4,FULL,B,10,SUCCEED,SpinQuasarClient,1775062747,2026-04-01T18:59:07,2026-04-01T19:01:10,123,3,19,16,9,2,8,90.0000,d5800bb18c934314330c2bba36c92bc03444b667,0.055602179043,0.141113739922,0.115685938583,0.225658365545,0.154293803555,0.0832497471364,0.141395944057,0.0830002821584,0.0200004098986,0.0500010449537,0.119999562108,0.309998983138,0.309998983141,0.119999562004,0.0500010448983,0.0200004098591
642,gr_D4_L0_A_011,campaign_v2,D4,L0,A,11,SUCCEED,SpinQuasarClient,1775062873,2026-04-01T19:01:13,2026-04-01T19:03:14,121,3,1,1,1,0,0,90.0000,f71f31738d690690ecb02fb3b039763410832d12,0.440809214059,0.0218835815284,0.048206989252,0.0106143017474,0.405742880065,0.031682693221,0.035974708931,0.00508563119605,0.500000000097,0,0,0,0.499999999903,0,0,0
643,gr_D4_L0_A_012,campaign_v2,D4,L0,A,12,SUCCEED,SpinQuasarClient,1775062997,2026-04-01T19:03:17,2026-04-01T19:05:16,119,3,1,1,1,0,0,90.0000,f71f31738d690690ecb02fb3b039763410832d12,0.452181809774,0.0154651096884,0.038897091087,0.00785198689631,0.440101833154,0.0172735354328,0.0200083791202,0.00822025484686,0.500000000097,0,0,0,0.499999999903,0,0,0
644,gr_D4_L0_A_013,campaign_v2,D4,L0,A,13,SUCCEED,SpinQuasarClient,1775063119,2026-04-01T19:05:19,2026-04-01T19:07:20,121,3,1,1,1,0,0,90.0000,f71f31738d690690ecb02fb3b039763410832d12,0.436706397973,0.0258296822562,0.0542440151147,0.0151402336454,0.388773230603,0.0418368073195,0.0312574889218,0.00621214416645,0.500000000097,0,0,0,0.499999999903,0,0,0
645,gr_D4_L0_A_014,campaign_v2,D4,L0,A,14,SUCCEED,SpinQuasarClient,1775063243,2026-04-01T19:07:23,2026-04-01T19:09:22,119,3,1,1,1,0,0,90.0000,f71f31738d690690ecb02fb3b039763410832d12,0.424367731889,0.0328409910825,0.0590493119562,0.012465707173,0.41441840628,0.0298059476018,0.0196043752158,0.00744752880229,0.500000000097,0,0,0,0.499999999903,0,0,0
646,gr_D4_L0_A_015,campaign_v2,D4,L0,A,15,SUCCEED,SpinQuasarClient,1775063365,2026-04-01T19:09:25,2026-04-01T19:11:26,121,3,1,1,1,0,0,90.0000,f71f31738d690690ecb02fb3b039763410832d12,0.426739020937,0.0271697659125,0.0476946297203,0.00588637385194,0.423772596104,0.0307851666048,0.0292918310576,0.00866061581133,0.500000000097,0,0,0,0.499999999903,0,0,0
647,gr_D4_L01_A_011,campaign_v2,D4,L01,A,11,SUCCEED,SpinQuasarClient,1775063489,2026-04-01T19:11:29,2026-04-01T19:13:29,120,3,11,9,5,2,4,90.0000,26e82b6ee345b78667ac6d1bd89bf599f9ff37d5,0.0643802667578,0.0126575602864,0.380525985249,0.0209349185027,0.401451899744,0.0389434593664,0.0534810211289,0.0276248889654,0.0700014548523,0,0.429998545245,0,0.429998545145,0,0.0700014547574,0
648,gr_D4_L01_A_012,campaign_v2,D4,L01,A,12,SUCCEED,SpinQuasarClient,1775063612,2026-04-01T19:13:32,2026-04-01T19:15:33,121,3,11,9,5,2,4,90.0000,26e82b6ee345b78667ac6d1bd89bf599f9ff37d5,0.0605939904358,0.0100561743039,0.39866317798,0.0182620354273,0.410614640803,0.0428532022694,0.0416585417612,0.0172982370192,0.0700014548523,0,0.429998545245,0,0.429998545145,0,0.0700014547574,0
649,gr_D4_L01_A_013,campaign_v2,D4,L01,A,13,SUCCEED,SpinQuasarClient,1775063736,2026-04-01T19:15:36,2026-04-01T19:17:35,119,3,11,9,5,2,4,90.0000,26e82b6ee345b78667ac6d1bd89bf599f9ff37d5,0.0786789314683,0.0267942194974,0.360625029266,0.0225845957955,0.389071464314,0.0495632761322,0.0499628183254,0.0227196652016,0.0700014548523,0,0.429998545245,0,0.429998545145,0,0.0700014547574,0
650,gr_D4_L01_A_014,campaign_v2,D4,L01,A,14,SUCCEED,SpinQuasarClient,1775063858,2026-04-01T19:17:38,2026-04-01T19:19:38,120,3,11,9,5,2,4,90.0000,26e82b6ee345b78667ac6d1bd89bf599f9ff37d5,0.0886581197645,0.0232155165067,0.349793553216,0.0204782993746,0.382956414893,0.0480709578657,0.0588100459725,0.0280170924074,0.0700014548523,0,0.429998545245,0,0.429998545145,0,0.0700014547574,0
651,gr_D4_L01_A_015,campaign_v2,D4,L01,A,15,SUCCEED,SpinQuasarClient,1775063981,2026-04-01T19:19:41,2026-04-01T19:21:41,120,3,11,9,5,2,4,90.0000,26e82b6ee345b78667ac6d1bd89bf599f9ff37d5,0.0711239548971,0.0220488641799,0.372700600585,0.0379767440165,0.369427690692,0.0437583056717,0.0502878848562,0.032675955102,0.0700014548523,0,0.429998545245,0,0.429998545145,0,0.0700014547574,0
652,gr_D4_FULL_A_011,campaign_v2,D4,FULL,A,11,SUCCEED,SpinQuasarClient,1775064104,2026-04-01T19:21:44,2026-04-01T19:23:48,124,3,19,16,9,2,8,90.0000,f7715c42fb781f47f599c40bbbf067fb385d4bf7,0.0791462652706,0.175337278971,0.141848196607,0.18028536409,0.168374867888,0.0786107037451,0.142400176876,0.0339971465534,0.0200004098986,0.0500010449537,0.119999562108,0.309998983138,0.309998983141,0.119999562004,0.0500010448983,0.0200004098591
653,gr_D4_FULL_A_012,campaign_v2,D4,FULL,A,12,SUCCEED,SpinQuasarClient,1775064230,2026-04-01T19:23:50,2026-04-01T19:25:54,124,3,19,16,9,2,8,90.0000,f7715c42fb781f47f599c40bbbf067fb385d4bf7,0.0493684707766,0.140801569167,0.132829988232,0.149969036878,0.203605197782,0.079572745631,0.175199838384,0.0686531531501,0.0200004098986,0.0500010449537,0.119999562108,0.309998983138,0.309998983141,0.119999562004,0.0500010448983,0.0200004098591
654,gr_D4_FULL_A_013,campaign_v2,D4,FULL,A,13,SUCCEED,SpinQuasarClient,1775064356,2026-04-01T19:25:56,2026-04-01T19:28:00,124,3,19,16,9,2,8,90.0000,f7715c42fb781f47f599c40bbbf067fb385d4bf7,0.0733981621756,0.117713733828,0.150849056774,0.207030862907,0.155818728157,0.0865005655551,0.130961886814,0.0777270037888,0.0200004098986,0.0500010449537,0.119999562108,0.309998983138,0.309998983141,0.119999562004,0.0500010448983,0.0200004098591
655,gr_D4_FULL_A_014,campaign_v2,D4,FULL,A,14,SUCCEED,SpinQuasarClient,1775064483,2026-04-01T19:28:03,2026-04-01T19:30:06,123,3,19,16,9,2,8,90.0000,f7715c42fb781f47f599c40bbbf067fb385d4bf7,0.105248614238,0.118461543043,0.11841009026,0.169824525816,0.164867886726,0.0876550369167,0.158902407155,0.0766298958466,0.0200004098986,0.0500010449537,0.119999562108,0.309998983138,0.309998983141,0.119999562004,0.0500010448983,0.0200004098591
656,gr_D4_FULL_A_015,campaign_v2,D4,FULL,A,15,SUCCEED,SpinQuasarClient,1775064609,2026-04-01T19:30:09,2026-04-01T19:32:12,123,3,19,16,9,2,8,90.0000,f7715c42fb781f47f599c40bbbf067fb385d4bf7,0.0478816239607,0.13203461816,0.137117340502,0.187874974716,0.182944336964,0.102665764076,0.130895162043,0.0785861795781,0.0200004098986,0.0500010449537,0.119999562108,0.309998983138,0.309998983141,0.119999562004,0.0500010448983,0.0200004098591
657,gr_D4_FULL_B_011,campaign_v2,D4,FULL,B,11,SUCCEED,SpinQuasarClient,1775064735,2026-04-01T19:32:15,2026-04-01T19:34:19,124,3,19,16,9,2,8,90.0000,d5800bb18c934314330c2bba36c92bc03444b667,0.0766959511228,0.125865484262,0.0831797966848,0.243830774853,0.163793038734,0.0910900062524,0.146254429445,0.0692905186463,0.0200004098986,0.0500010449537,0.119999562108,0.309998983138,0.309998983141,0.119999562004,0.0500010448983,0.0200004098591
658,gr_D4_FULL_B_012,campaign_v2,D4,FULL,B,12,SUCCEED,SpinQuasarClient,1775064861,2026-04-01T19:34:21,2026-04-01T19:36:25,124,3,19,16,9,2,8,90.0000,d5800bb18c934314330c2bba36c92bc03444b667,0.0472307603914,0.146090681961,0.119130124684,0.208426189686,0.207217895901,0.0809333112076,0.110930662421,0.0800403737483,0.0200004098986,0.0500010449537,0.119999562108,0.309998983138,0.309998983141,0.119999562004,0.0500010448983,0.0200004098591
659,gr_D4_FULL_B_013,campaign_v2,D4,FULL,B,13,SUCCEED,SpinQuasarClient,1775064987,2026-04-01T19:36:27,2026-04-01T19:38:31,124,3,19,16,9,2,8,90.0000,d5800bb18c934314330c2bba36c92bc03444b667,0.0630252478839,0.125135569049,0.0817523641278,0.212454156126,0.176721868506,0.108150037921,0.145449760379,0.0873109960073,0.0200004098986,0.0500010449537,0.119999562108,0.309998983138,0.309998983141,0.119999562004,0.0500010448983,0.0200004098591
660,gr_D4_FULL_B_014,campaign_v2,D4,FULL,B,14,SUCCEED,SpinQuasarClient,1775065113,2026-04-01T19:38:33,2026-04-01T19:40:37,124,3,19,16,9,2,8,90.0000,d5800bb18c934314330c2bba36c92bc03444b667,0.0622603387841,0.117572409673,0.0960720447369,0.230762264118,0.196548079128,0.0881212291126,0.122577103179,0.0860865312685,0.0200004098986,0.0500010449537,0.119999562108,0.309998983138,0.309998983141,0.119999562004,0.0500010448983,0.0200004098591
661,gr_D4_FULL_B_015,campaign_v2,D4,FULL,B,15,SUCCEED,SpinQuasarClient,1775065239,2026-04-01T19:40:39,2026-04-01T19:42:43,124,3,19,16,9,2,8,90.0000,d5800bb18c934314330c2bba36c92bc03444b667,0.0728558213501,0.13062219896,0.104375901331,0.241809400978,0.168392847625,0.0899588452887,0.113792878997,0.0781921054703,0.0200004098986,0.0500010449537,0.119999562108,0.309998983138,0.309998983141,0.119999562004,0.0500010448983,0.0200004098591
662,gr_D4_L0_A_016,campaign_v2,D4,L0,A,16,SUCCEED,SpinQuasarClient,1775065366,2026-04-01T19:42:46,2026-04-01T19:44:43,117,3,1,1,1,0,0,90.0000,f71f31738d690690ecb02fb3b039763410832d12,0.410995786668,0.0380651959049,0.0381309216844,0.0158152253869,0.429310858946,0.0229185589494,0.0301692436618,0.0145942087991,0.500000000097,0,0,0,0.499999999903,0,0,0
663,gr_D4_L0_A_017,campaign_v2,D4,L0,A,17,SUCCEED,SpinQuasarClient,1775065486,2026-04-01T19:44:46,2026-04-01T19:46:43,117,3,1,1,1,0,0,90.0000,f71f31738d690690ecb02fb3b039763410832d12,0.466775777981,0.00155560488949,0.0231881524381,0.0107824515573,0.464107883263,0.00534843071853,0.00974780730991,0.0184938918431,0.500000000097,0,0,0,0.499999999903,0,0,0
664,gr_D4_L0_A_018,campaign_v2,D4,L0,A,18,SUCCEED,SpinQuasarClient,1775065606,2026-04-01T19:46:46,2026-04-01T19:48:46,120,3,1,1,1,0,0,90.0000,f71f31738d690690ecb02fb3b039763410832d12,0.428749397721,0.0217050779431,0.0463537828793,0.0069104683557,0.403136095639,0.0518528557162,0.034785886288,0.00650643545797,0.500000000097,0,0,0,0.499999999903,0,0,0
665,gr_D4_L0_A_019,campaign_v2,D4,L0,A,19,SUCCEED,SpinQuasarClient,1775065729,2026-04-01T19:48:49,2026-04-01T19:50:48,119,3,1,1,1,0,0,90.0000,f71f31738d690690ecb02fb3b039763410832d12,0.433008677181,0.0233542514299,0.0520998963943,0.00764105263633,0.414823352064,0.0262776292075,0.0364208531132,0.00637428797356,0.500000000097,0,0,0,0.499999999903,0,0,0
666,gr_D4_L0_A_020,campaign_v2,D4,L0,A,20,SUCCEED,SpinQuasarClient,1775065850,2026-04-01T19:50:50,2026-04-01T19:52:50,120,3,1,1,1,0,0,90.0000,f71f31738d690690ecb02fb3b039763410832d12,0.471334002766,0.0052870710981,0.0262981509059,0.0117541435476,0.445477940938,0.00512979039498,0.0111501873254,0.0235687130244,0.500000000097,0,0,0,0.499999999903,0,0,0
667,gr_D4_L01_A_016,campaign_v2,D4,L01,A,16,SUCCEED,SpinQuasarClient,1775065972,2026-04-01T19:52:52,2026-04-01T19:55:05,133,3,11,9,5,2,4,90.0000,26e82b6ee345b78667ac6d1bd89bf599f9ff37d5,0.07469278679,0.0294340645969,0.360174267526,0.0338422788976,0.392678423847,0.0367235544249,0.0549610897113,0.0174935342064,0.0700014548523,0,0.429998545245,0,0.429998545145,0,0.0700014547574,0
668,gr_D4_L01_A_017,campaign_v2,D4,L01,A,17,SUCCEED,SpinQuasarClient,1775066107,2026-04-01T19:55:07,2026-04-01T19:57:08,121,3,11,9,5,2,4,90.0000,26e82b6ee345b78667ac6d1bd89bf599f9ff37d5,0.0698573136065,0.0291491242032,0.355652795095,0.0224364942584,0.407502519482,0.0432475775895,0.0488358326331,0.0233183431326,0.0700014548523,0,0.429998545245,0,0.429998545145,0,0.0700014547574,0
669,gr_D4_L01_A_018,campaign_v2,D4,L01,A,18,SUCCEED,SpinQuasarClient,1775066230,2026-04-01T19:57:10,2026-04-01T19:59:11,121,3,11,9,5,2,4,90.0000,26e82b6ee345b78667ac6d1bd89bf599f9ff37d5,0.0792357766381,0.021989710507,0.360084636175,0.0299574271494,0.403955609556,0.0174203063787,0.060236752021,0.0271197815745,0.0700014548523,0,0.429998545245,0,0.429998545145,0,0.0700014547574,0
670,gr_D4_L01_A_019,campaign_v2,D4,L01,A,19,SUCCEED,SpinQuasarClient,1775066353,2026-04-01T19:59:13,2026-04-01T20:01:14,121,3,11,9,5,2,4,90.0000,26e82b6ee345b78667ac6d1bd89bf599f9ff37d5,0.0520020821614,0.0145299983753,0.37025936903,0.0160320116608,0.443129780568,0.0444658486421,0.0378467216629,0.0217341878989,0.0700014548523,0,0.429998545245,0,0.429998545145,0,0.0700014547574,0
671,gr_D4_L01_A_020,campaign_v2,D4,L01,A,20,SUCCEED,SpinQuasarClient,1775066477,2026-04-01T20:01:17,2026-04-01T20:03:18,121,3,11,9,5,2,4,90.0000,26e82b6ee345b78667ac6d1bd89bf599f9ff37d5,0.0613459876524,0.029024441687,0.398762766625,0.0337009966281,0.370002739904,0.0183706412303,0.0636485257978,0.0251439004759,0.0700014548523,0,0.429998545245,0,0.429998545145,0,0.0700014547574,0
672,gr_D4_FULL_A_016,campaign_v2,D4,FULL,A,16,SUCCEED,SpinQuasarClient,1775066600,2026-04-01T20:03:20,2026-04-01T20:05:24,124,3,19,16,9,2,8,90.0000,f7715c42fb781f47f599c40bbbf067fb385d4bf7,0.0947719723012,0.135516858243,0.0921318714757,0.123066085999,0.20422274408,0.171832366098,0.116185311704,0.0622727900989,0.0200004098986,0.0500010449537,0.119999562108,0.309998983138,0.309998983141,0.119999562004,0.0500010448983,0.0200004098591
673,gr_D4_FULL_A_017,campaign_v2,D4,FULL,A,17,SUCCEED,SpinQuasarClient,1775066726,2026-04-01T20:05:26,2026-04-01T20:07:30,124,3,19,16,9,2,8,90.0000,f7715c42fb781f47f599c40bbbf067fb385d4bf7,0.0786137466833,0.144123016271,0.126154287247,0.0694863307047,0.115937588003,0.0552796291581,0.252029350336,0.158376051597,0.0200004098986,0.0500010449537,0.119999562108,0.309998983138,0.309998983141,0.119999562004,0.0500010448983,0.0200004098591
674,gr_D4_FULL_A_018,campaign_v2,D4,FULL,A,18,SUCCEED,SpinQuasarClient,1775066852,2026-04-01T20:07:32,2026-04-01T20:09:36,124,3,19,16,9,2,8,90.0000,f7715c42fb781f47f599c40bbbf067fb385d4bf7,0.101167006612,0.16689509815,0.0975692577566,0.119010031825,0.23521336631,0.145008738497,0.079511760862,0.0556247399877,0.0200004098986,0.0500010449537,0.119999562108,0.309998983138,0.309998983141,0.119999562004,0.0500010448983,0.0200004098591
675,gr_D4_FULL_A_019,campaign_v2,D4,FULL,A,19,SUCCEED,SpinQuasarClient,1775066978,2026-04-01T20:09:38,2026-04-01T20:11:43,125,3,19,16,9,2,8,90.0000,f7715c42fb781f47f599c40bbbf067fb385d4bf7,0.076756015798,0.120078884246,0.124860976408,0.158641608067,0.201584780604,0.0791111529996,0.118268722449,0.120697859428,0.0200004098986,0.0500010449537,0.119999562108,0.309998983138,0.309998983141,0.119999562004,0.0500010448983,0.0200004098591
676,gr_D4_FULL_A_020,campaign_v2,D4,FULL,A,20,SUCCEED,SpinQuasarClient,1775067106,2026-04-01T20:11:46,2026-04-01T20:13:49,123,3,19,16,9,2,8,90.0000,f7715c42fb781f47f599c40bbbf067fb385d4bf7,0.0712876680098,0.108336177547,0.145154843388,0.171056124692,0.210168817346,0.0843702896372,0.104726206155,0.104899873224,0.0200004098986,0.0500010449537,0.119999562108,0.309998983138,0.309998983141,0.119999562004,0.0500010448983,0.0200004098591
677,gr_D4_FULL_B_016,campaign_v2,D4,FULL,B,16,SUCCEED,SpinQuasarClient,1775067231,2026-04-01T20:13:51,2026-04-01T20:15:55,124,3,19,16,9,2,8,90.0000,d5800bb18c934314330c2bba36c92bc03444b667,0.027750786082,0.1586011437,0.0973589232397,0.163419257023,0.170439972829,0.099881847756,0.220395858235,0.0621522111351,0.0200004098986,0.0500010449537,0.119999562108,0.309998983138,0.309998983141,0.119999562004,0.0500010448983,0.0200004098591
678,gr_D4_FULL_B_017,campaign_v2,D4,FULL,B,17,SUCCEED,SpinQuasarClient,1775067357,2026-04-01T20:15:57,2026-04-01T20:18:01,124,3,19,16,9,2,8,90.0000,d5800bb18c934314330c2bba36c92bc03444b667,0.0559431414834,0.190803551367,0.100009376029,0.101022373926,0.212651102699,0.160960498869,0.115193564867,0.0634163907597,0.0200004098986,0.0500010449537,0.119999562108,0.309998983138,0.309998983141,0.119999562004,0.0500010448983,0.0200004098591
679,gr_D4_FULL_B_018,campaign_v2,D4,FULL,B,18,SUCCEED,SpinQuasarClient,1775067483,2026-04-01T20:18:03,2026-04-01T20:20:06,123,3,19,16,9,2,8,90.0000,d5800bb18c934314330c2bba36c92bc03444b667,0.0435046007393,0.0996091025152,0.0614758004546,0.211010122243,0.181885421966,0.133462838664,0.184297222132,0.0847548912859,0.0200004098986,0.0500010449537,0.119999562108,0.309998983138,0.309998983141,0.119999562004,0.0500010448983,0.0200004098591
680,gr_D4_FULL_B_019,campaign_v2,D4,FULL,B,19,SUCCEED,SpinQuasarClient,1775067608,2026-04-01T20:20:08,2026-04-01T20:22:11,123,3,19,16,9,2,8,90.0000,d5800bb18c934314330c2bba36c92bc03444b667,0.0446783514186,0.131323494933,0.099637880468,0.172875457538,0.233316457061,0.112182211875,0.130926980901,0.0750591658052,0.0200004098986,0.0500010449537,0.119999562108,0.309998983138,0.309998983141,0.119999562004,0.0500010448983,0.0200004098591
681,gr_D4_FULL_B_020,campaign_v2,D4,FULL,B,20,SUCCEED,SpinQuasarClient,1775067733,2026-04-01T20:22:14,2026-04-01T20:24:17,123,3,19,16,9,2,8,90.0000,d5800bb18c934314330c2bba36c92bc03444b667,0.115315705538,0.174425858233,0.0572331620526,0.156591337309,0.186886637978,0.128385371514,0.106477042734,0.0746848846412,0.0200004098986,0.0500010449537,0.119999562108,0.309998983138,0.309998983141,0.119999562004,0.0500010448983,0.0200004098591
682,gr_D4_L0_A_021,campaign_v2,D4,L0,A,21,SUCCEED,SpinQuasarClient,1775067860,2026-04-01T20:24:20,2026-04-01T20:26:20,120,3,1,1,1,0,0,90.0000,f71f31738d690690ecb02fb3b039763410832d12,0.460713478701,0.0161747816061,0.0268244046936,0.00547947252542,0.462944766579,0.00493739296378,0.0191733518116,0.00375235111966,0.500000000097,0,0,0,0.499999999903,0,0,0
683,gr_D4_L0_A_022,campaign_v2,D4,L0,A,22,SUCCEED,SpinQuasarClient,1775067982,2026-04-01T20:26:22,2026-04-01T20:28:23,121,3,1,1,1,0,0,90.0000,f71f31738d690690ecb02fb3b039763410832d12,0.451234333811,0.0201323632402,0.0591410432052,0.00746189394675,0.385814120467,0.0256447729157,0.0460822707305,0.00448920168325,0.500000000097,0,0,0,0.499999999903,0,0,0
684,gr_D4_L0_A_023,campaign_v2,D4,L0,A,23,SUCCEED,SpinQuasarClient,1775068106,2026-04-01T20:28:26,2026-04-01T20:30:24,118,3,1,1,1,0,0,90.0000,f71f31738d690690ecb02fb3b039763410832d12,0.463297418336,0.0154886623159,0.0456560084703,0.00827670588154,0.395232020947,0.0309598466067,0.0306223352562,0.0104670021867,0.500000000097,0,0,0,0.499999999903,0,0,0
685,gr_D4_L0_A_024,campaign_v2,D4,L0,A,24,SUCCEED,SpinQuasarClient,1775068227,2026-04-01T20:30:27,2026-04-01T20:32:26,119,3,1,1,1,0,0,90.0000,f71f31738d690690ecb02fb3b039763410832d12,0.457072835905,0.0231320690995,0.0234085031348,0.00734962401606,0.451483965916,0.00937744890849,0.0225431689699,0.0056323840504,0.500000000097,0,0,0,0.499999999903,0,0,0
686,gr_D4_L0_A_025,campaign_v2,D4,L0,A,25,SUCCEED,SpinQuasarClient,1775068348,2026-04-01T20:32:29,2026-04-01T20:34:29,120,3,1,1,1,0,0,90.0000,f71f31738d690690ecb02fb3b039763410832d12,0.445385312249,0.0288636203054,0.0416054354116,0.0108757819107,0.392707619685,0.0398512811425,0.0338353754303,0.00687557386487,0.500000000097,0,0,0,0.499999999903,0,0,0
687,gr_D4_L01_A_021,campaign_v2,D4,L01,A,21,SUCCEED,SpinQuasarClient,1775068471,2026-04-01T20:34:31,2026-04-01T20:36:31,120,3,11,9,5,2,4,90.0000,26e82b6ee345b78667ac6d1bd89bf599f9ff37d5,0.0622089365081,0.028627183453,0.359861930044,0.020341615081,0.40324110533,0.0486854405625,0.0678723385293,0.00916145049201,0.0700014548523,0,0.429998545245,0,0.429998545145,0,0.0700014547574,0
688,gr_D4_L01_A_022,campaign_v2,D4,L01,A,22,SUCCEED,SpinQuasarClient,1775068594,2026-04-01T20:36:34,2026-04-01T20:38:36,122,3,11,9,5,2,4,90.0000,26e82b6ee345b78667ac6d1bd89bf599f9ff37d5,0.0644737789792,0.0274332425556,0.345101806397,0.0242926099069,0.406559970107,0.0625961894725,0.0476057127384,0.0219366898438,0.0700014548523,0,0.429998545245,0,0.429998545145,0,0.0700014547574,0
689,gr_D4_L01_A_023,campaign_v2,D4,L01,A,23,SUCCEED,SpinQuasarClient,1775068718,2026-04-01T20:38:38,2026-04-01T20:40:39,121,3,11,9,5,2,4,90.0000,26e82b6ee345b78667ac6d1bd89bf599f9ff37d5,0.0753220113802,0.0216931601839,0.360522068963,0.02859980909,0.386209258822,0.0424712236838,0.0522726231716,0.0329098447063,0.0700014548523,0,0.429998545245,0,0.429998545145,0,0.0700014547574,0
690,gr_D4_L01_A_024,campaign_v2,D4,L01,A,24,SUCCEED,SpinQuasarClient,1775068841,2026-04-01T20:40:41,2026-04-01T20:42:42,121,3,11,9,5,2,4,90.0000,26e82b6ee345b78667ac6d1bd89bf599f9ff37d5,0.0727232604856,0.0202084114185,0.355506827728,0.0283938010526,0.365151925961,0.0422033429409,0.0613625077888,0.0544499226247,0.0700014548523,0,0.429998545245,0,0.429998545145,0,0.0700014547574,0
691,gr_D4_L01_A_025,campaign_v2,D4,L01,A,25,SUCCEED,SpinQuasarClient,1775068964,2026-04-01T20:42:44,2026-04-01T20:44:42,118,3,11,9,5,2,4,90.0000,26e82b6ee345b78667ac6d1bd89bf599f9ff37d5,0.0614716185876,0.0416240309424,0.361019587464,0.0348228788375,0.382636244832,0.0404854703809,0.0591190256864,0.0188211432691,0.0700014548523,0,0.429998545245,0,0.429998545145,0,0.0700014547574,0
692,gr_D4_FULL_A_021,campaign_v2,D4,FULL,A,21,SUCCEED,SpinQuasarClient,1775069085,2026-04-01T20:44:45,2026-04-01T20:46:49,124,3,19,16,9,2,8,90.0000,f7715c42fb781f47f599c40bbbf067fb385d4bf7,0.0547452861548,0.161333696996,0.152622371115,0.155974234771,0.213471080031,0.0867384123153,0.0938852366949,0.0812296819217,0.0200004098986,0.0500010449537,0.119999562108,0.309998983138,0.309998983141,0.119999562004,0.0500010448983,0.0200004098591
693,gr_D4_FULL_A_022,campaign_v2,D4,FULL,A,22,SUCCEED,SpinQuasarClient,1775069212,2026-04-01T20:46:52,2026-04-01T20:49:07,135,3,19,16,9,2,8,90.0000,f7715c42fb781f47f599c40bbbf067fb385d4bf7,0.109584722108,0.146412401364,0.0990582519967,0.125640407801,0.245129013004,0.129175576742,0.082860122661,0.0621395043239,0.0200004098986,0.0500010449537,0.119999562108,0.309998983138,0.309998983141,0.119999562004,0.0500010448983,0.0200004098591
694,gr_D4_FULL_A_023,campaign_v2,D4,FULL,A,23,SUCCEED,SpinQuasarClient,1775069350,2026-04-01T20:49:10,2026-04-01T20:51:13,123,3,19,16,9,2,8,90.0000,f7715c42fb781f47f599c40bbbf067fb385d4bf7,0.0666613523942,0.119237173527,0.159341812101,0.184097844183,0.194132822413,0.0700131561862,0.119891264079,0.0866245751166,0.0200004098986,0.0500010449537,0.119999562108,0.309998983138,0.309998983141,0.119999562004,0.0500010448983,0.0200004098591
695,gr_D4_FULL_A_024,campaign_v2,D4,FULL,A,24,SUCCEED,SpinQuasarClient,1775069476,2026-04-01T20:51:16,2026-04-01T20:53:19,123,3,19,16,9,2,8,90.0000,f7715c42fb781f47f599c40bbbf067fb385d4bf7,0.129960746604,0.189988477506,0.0994173421967,0.116855264473,0.187961045157,0.136577742719,0.0822200231724,0.0570193581711,0.0200004098986,0.0500010449537,0.119999562108,0.309998983138,0.309998983141,0.119999562004,0.0500010448983,0.0200004098591
696,gr_D4_FULL_A_025,campaign_v2,D4,FULL,A,25,SUCCEED,SpinQuasarClient,1775069602,2026-04-01T20:53:22,2026-04-01T20:55:25,123,3,19,16,9,2,8,90.0000,f7715c42fb781f47f599c40bbbf067fb385d4bf7,0.115537409266,0.111491160003,0.161665723692,0.185415284517,0.172978062382,0.0983160803013,0.0837846492049,0.0708116306334,0.0200004098986,0.0500010449537,0.119999562108,0.309998983138,0.309998983141,0.119999562004,0.0500010448983,0.0200004098591
697,gr_D4_FULL_B_021,campaign_v2,D4,FULL,B,21,SUCCEED,SpinQuasarClient,1775069728,2026-04-01T20:55:28,2026-04-01T20:57:31,123,3,19,16,9,2,8,90.0000,d5800bb18c934314330c2bba36c92bc03444b667,0.0611400182927,0.165798769976,0.100235522851,0.181364409696,0.155261719807,0.0769072805693,0.186150887546,0.0731413912631,0.0200004098986,0.0500010449537,0.119999562108,0.309998983138,0.309998983141,0.119999562004,0.0500010448983,0.0200004098591
698,gr_D4_FULL_B_022,campaign_v2,D4,FULL,B,22,SUCCEED,SpinQuasarClient,1775069854,2026-04-01T20:57:34,2026-04-01T20:59:37,123,3,19,16,9,2,8,90.0000,d5800bb18c934314330c2bba36c92bc03444b667,0.0526364213422,0.120023595693,0.139723806066,0.221403718371,0.17298761054,0.0909032800771,0.138858121305,0.0634634466051,0.0200004098986,0.0500010449537,0.119999562108,0.309998983138,0.309998983141,0.119999562004,0.0500010448983,0.0200004098591
699,gr_D4_FULL_B_023,campaign_v2,D4,FULL,B,23,SUCCEED,SpinQuasarClient,1775069980,2026-04-01T20:59:40,2026-04-01T21:01:43,123,3,19,16,9,2,8,90.0000,d5800bb18c934314330c2bba36c92bc03444b667,0.0544230857725,0.193806822148,0.0807444987834,0.0971726286287,0.177361881371,0.163143213652,0.177194344365,0.0561535252792,0.0200004098986,0.0500010449537,0.119999562108,0.309998983138,0.309998983141,0.119999562004,0.0500010448983,0.0200004098591
700,gr_D4_FULL_B_024,campaign_v2,D4,FULL,B,24,SUCCEED,SpinQuasarClient,1775070105,2026-04-01T21:01:45,2026-04-01T21:03:47,122,3,19,16,9,2,8,90.0000,d5800bb18c934314330c2bba36c92bc03444b667,0.0995922138407,0.134949812802,0.0615903639682,0.166416883846,0.234676625316,0.149125702381,0.103016494136,0.0506319037103,0.0200004098986,0.0500010449537,0.119999562108,0.309998983138,0.309998983141,0.119999562004,0.0500010448983,0.0200004098591
701,gr_D4_FULL_B_025,campaign_v2,D4,FULL,B,25,SUCCEED,SpinQuasarClient,1775070229,2026-04-01T21:03:49,2026-04-01T21:05:53,124,3,19,16,9,2,8,90.0000,d5800bb18c934314330c2bba36c92bc03444b667,0.0772681139032,0.113520544877,0.0947383752315,0.202962296736,0.17645265435,0.124546358081,0.126476751576,0.084034905245,0.0200004098986,0.0500010449537,0.119999562108,0.309998983138,0.309998983141,0.119999562004,0.0500010448983,0.0200004098591
702,gr_D1_L0_A_001,campaign_v2,D1,L0,A,1,SUCCEED,SpinQuasarClient,1775075425,2026-04-01T22:30:25,2026-04-01T22:32:21,116,3,1,1,1,0,0,90.0000,f71f31738d690690ecb02fb3b039763410832d12,0.466358399882,0.0212669277158,0.0210836425173,0.00397549146514,0.447584981804,0.0217586387658,0.01009079028,0.00788112757071,0.500000000097,0,0,0,0.499999999903,0,0,0
703,gr_D1_L0_A_002,campaign_v2,D1,L0,A,2,SUCCEED,SpinQuasarClient,1775075543,2026-04-01T22:32:23,2026-04-01T22:34:24,121,3,1,1,1,0,0,90.0000,f71f31738d690690ecb02fb3b039763410832d12,0.485263332222,0.00118247973803,0.0231932147559,0.00745301285391,0.45336127309,0.00503606539743,0.00837197998699,0.0161386419555,0.500000000097,0,0,0,0.499999999903,0,0,0
704,gr_D1_L0_A_003,campaign_v2,D1,L0,A,3,SUCCEED,SpinQuasarClient,1775075667,2026-04-01T22:34:27,2026-04-01T22:36:26,119,3,1,1,1,0,0,90.0000,f71f31738d690690ecb02fb3b039763410832d12,0.479982398614,0.00633979721856,0.0236653390189,0.00862207916735,0.445093035028,0.0079286442214,0.0115835556431,0.016785151089,0.500000000097,0,0,0,0.499999999903,0,0,0
705,gr_D1_L0_A_004,campaign_v2,D1,L0,A,4,SUCCEED,SpinQuasarClient,1775075789,2026-04-01T22:36:29,2026-04-01T22:38:28,119,3,1,1,1,0,0,90.0000,f71f31738d690690ecb02fb3b039763410832d12,0.453031933687,0.0133097740396,0.047754747825,0.00837939309589,0.429374132146,0.0125620492965,0.0184502385733,0.0171377313365,0.500000000097,0,0,0,0.499999999903,0,0,0
706,gr_D1_L0_A_005,campaign_v2,D1,L0,A,5,SUCCEED,SpinQuasarClient,1775075911,2026-04-01T22:38:31,2026-04-01T22:40:32,121,3,1,1,1,0,0,90.0000,f71f31738d690690ecb02fb3b039763410832d12,0.492662137744,0.0025013930728,0.0209180152164,0.00570591012921,0.439344948551,0.00726936067185,0.0097685179719,0.0218297166433,0.500000000097,0,0,0,0.499999999903,0,0,0
707,gr_D1_L01_A_001,campaign_v2,D1,L01,A,1,SUCCEED,SpinQuasarClient,1775076034,2026-04-01T22:40:34,2026-04-01T22:42:34,120,3,11,9,5,2,4,90.0000,a079b3dfa65c3905730a2be0cd41ade6a172f6dc,0.149633402889,0.0165146902444,0.27920830717,0.0127882869455,0.2911724615,0.0216279266511,0.156000556758,0.0730543678411,0.15000071383,0,0.349999286268,0,0.349999286221,0,0.150000713682,0
708,gr_D1_L01_A_002,campaign_v2,D1,L01,A,2,SUCCEED,SpinQuasarClient,1775076157,2026-04-01T22:42:37,2026-04-01T22:44:47,130,3,11,9,5,2,4,90.0000,a079b3dfa65c3905730a2be0cd41ade6a172f6dc,0.162471928159,0.0289555600639,0.248784657495,0.0130234540531,0.31923702606,0.0256490285439,0.136659861045,0.0652184845803,0.15000071383,0,0.349999286268,0,0.349999286221,0,0.150000713682,0
709,gr_D1_L01_A_003,campaign_v2,D1,L01,A,3,SUCCEED,SpinQuasarClient,1775076290,2026-04-01T22:44:50,2026-04-01T22:46:49,119,3,11,9,5,2,4,90.0000,a079b3dfa65c3905730a2be0cd41ade6a172f6dc,0.130463098138,0.0306498916437,0.254584116218,0.0156627464604,0.338701979835,0.0432925394187,0.127925846903,0.0587197813834,0.15000071383,0,0.349999286268,0,0.349999286221,0,0.150000713682,0
710,gr_D1_L01_A_004,campaign_v2,D1,L01,A,4,SUCCEED,SpinQuasarClient,1775076412,2026-04-01T22:46:52,2026-04-01T22:48:53,121,3,11,9,5,2,4,90.0000,a079b3dfa65c3905730a2be0cd41ade6a172f6dc,0.145026166384,0.0191062662216,0.271373897559,0.0179340691126,0.309747339615,0.0153645326587,0.150943641068,0.070504087382,0.15000071383,0,0.349999286268,0,0.349999286221,0,0.150000713682,0
711,gr_D1_L01_A_005,campaign_v2,D1,L01,A,5,SUCCEED,SpinQuasarClient,1775076536,2026-04-01T22:48:56,2026-04-01T22:51:09,133,3,11,9,5,2,4,90.0000,a079b3dfa65c3905730a2be0cd41ade6a172f6dc,0.192836821432,0.00897580152194,0.187242602573,0.0315078895789,0.32952331596,0.00997541589804,0.135193411457,0.104744741579,0.15000071383,0,0.349999286268,0,0.349999286221,0,0.150000713682,0
712,gr_D1_FULL_A_001,campaign_v2,D1,FULL,A,1,SUCCEED,SpinQuasarClient,1775076671,2026-04-01T22:51:11,2026-04-01T22:53:29,138,3,19,16,9,2,8,90.0000,295e213bb4ee45adc85a3a709cd2b2684d73f755,0.121949498664,0.13418865002,0.107328680677,0.0851546084306,0.154222811406,0.0795141951564,0.164065885025,0.153575670621,0.0500002634258,0.100000450404,0.149999726503,0.199999559765,0.199999559806,0.149999726415,0.100000450333,0.050000263349
713,gr_D1_FULL_A_002,campaign_v2,D1,FULL,A,2,SUCCEED,SpinQuasarClient,1775076811,2026-04-01T22:53:31,2026-04-01T22:55:45,134,3,19,16,9,2,8,90.0000,295e213bb4ee45adc85a3a709cd2b2684d73f755,0.103247230563,0.144276560693,0.124667130887,0.0999993608714,0.138612613967,0.0479263980457,0.199349067872,0.141921637102,0.0500002634258,0.100000450404,0.149999726503,0.199999559765,0.199999559806,0.149999726415,0.100000450333,0.050000263349
714,gr_D1_FULL_A_003,campaign_v2,D1,FULL,A,3,SUCCEED,SpinQuasarClient,1775076947,2026-04-01T22:55:47,2026-04-01T22:57:51,124,3,19,16,9,2,8,90.0000,295e213bb4ee45adc85a3a709cd2b2684d73f755,0.148200090414,0.180079209574,0.119018925401,0.0874419811548,0.13143835267,0.0554512030124,0.141519748321,0.136850489453,0.0500002634258,0.100000450404,0.149999726503,0.199999559765,0.199999559806,0.149999726415,0.100000450333,0.050000263349
715,gr_D1_FULL_A_004,campaign_v2,D1,FULL,A,4,SUCCEED,SpinQuasarClient,1775077073,2026-04-01T22:57:53,2026-04-01T22:59:57,124,3,19,16,9,2,8,90.0000,295e213bb4ee45adc85a3a709cd2b2684d73f755,0.127312145344,0.183481943499,0.115839501203,0.0621700814581,0.110200512942,0.0832135445722,0.201847056095,0.115935214888,0.0500002634258,0.100000450404,0.149999726503,0.199999559765,0.199999559806,0.149999726415,0.100000450333,0.050000263349
716,gr_D1_FULL_A_005,campaign_v2,D1,FULL,A,5,SUCCEED,SpinQuasarClient,1775077199,2026-04-01T23:00:00,2026-04-01T23:02:04,124,3,19,16,9,2,8,90.0000,295e213bb4ee45adc85a3a709cd2b2684d73f755,0.123760317715,0.190479514323,0.106244309413,0.0525940368138,0.145682331837,0.11529666353,0.153499465936,0.112443360432,0.0500002634258,0.100000450404,0.149999726503,0.199999559765,0.199999559806,0.149999726415,0.100000450333,0.050000263349
717,gr_D1_FULL_B_001,campaign_v2,D1,FULL,B,1,SUCCEED,SpinQuasarClient,1775077326,2026-04-01T23:02:06,2026-04-01T23:04:13,127,3,19,16,9,2,8,90.0000,ad337cf6a4f0f4c5bf3d2dffaa332f4440c4749b,0.0784426681173,0.156460357684,0.0939897066516,0.0972834856581,0.169193062294,0.102710454273,0.190294634063,0.111625631259,0.0500002634258,0.100000450404,0.149999726503,0.199999559765,0.199999559806,0.149999726415,0.100000450333,0.050000263349
718,gr_D1_FULL_B_002,campaign_v2,D1,FULL,B,2,SUCCEED,SpinQuasarClient,1775077457,2026-04-01T23:04:17,2026-04-01T23:06:19,122,3,19,16,9,2,8,90.0000,ad337cf6a4f0f4c5bf3d2dffaa332f4440c4749b,0.117343237647,0.199878433199,0.0910163679674,0.110592517012,0.1020468538,0.0759888962068,0.197434329994,0.105699364175,0.0500002634258,0.100000450404,0.149999726503,0.199999559765,0.199999559806,0.149999726415,0.100000450333,0.050000263349
719,gr_D1_FULL_B_003,campaign_v2,D1,FULL,B,3,SUCCEED,SpinQuasarClient,1775077582,2026-04-01T23:06:22,2026-04-01T23:08:25,123,3,19,16,9,2,8,90.0000,ad337cf6a4f0f4c5bf3d2dffaa332f4440c4749b,0.0691547200366,0.140732720679,0.104036125793,0.0961370908034,0.152751823989,0.101839210301,0.196845430431,0.138502877966,0.0500002634258,0.100000450404,0.149999726503,0.199999559765,0.199999559806,0.149999726415,0.100000450333,0.050000263349
720,gr_D1_FULL_B_004,campaign_v2,D1,FULL,B,4,SUCCEED,SpinQuasarClient,1775077708,2026-04-01T23:08:28,2026-04-01T23:10:31,123,3,19,16,9,2,8,90.0000,ad337cf6a4f0f4c5bf3d2dffaa332f4440c4749b,0.0809374597004,0.155735380376,0.100424566194,0.0866694525799,0.155473053232,0.0788210252361,0.186385648626,0.155553414056,0.0500002634258,0.100000450404,0.149999726503,0.199999559765,0.199999559806,0.149999726415,0.100000450333,0.050000263349
721,gr_D1_FULL_B_005,campaign_v2,D1,FULL,B,5,SUCCEED,SpinQuasarClient,1775077834,2026-04-01T23:10:34,2026-04-01T23:12:37,123,3,19,16,9,2,8,90.0000,ad337cf6a4f0f4c5bf3d2dffaa332f4440c4749b,0.0879792619394,0.12580679911,0.118134939807,0.085574963354,0.128263730152,0.0934041586325,0.192393214068,0.168442932937,0.0500002634258,0.100000450404,0.149999726503,0.199999559765,0.199999559806,0.149999726415,0.100000450333,0.050000263349
722,gr_D1_L0_A_006,campaign_v2,D1,L0,A,6,SUCCEED,SpinQuasarClient,1775077960,2026-04-01T23:12:40,2026-04-01T23:14:39,119,3,1,1,1,0,0,90.0000,f71f31738d690690ecb02fb3b039763410832d12,0.475392039505,0.0101723903247,0.0370617759005,0.00388459414719,0.428468820358,0.0159471056385,0.0234219845641,0.00565128956133,0.500000000097,0,0,0,0.499999999903,0,0,0
723,gr_D1_L0_A_007,campaign_v2,D1,L0,A,7,SUCCEED,SpinQuasarClient,1775078082,2026-04-01T23:14:42,2026-04-01T23:16:41,119,3,1,1,1,0,0,90.0000,f71f31738d690690ecb02fb3b039763410832d12,0.433752133919,0.0211312174469,0.0518912992644,0.00579779456081,0.429950082406,0.024198827728,0.0270174253952,0.00626121927973,0.500000000097,0,0,0,0.499999999903,0,0,0
724,gr_D1_L0_A_008,campaign_v2,D1,L0,A,8,SUCCEED,SpinQuasarClient,1775078204,2026-04-01T23:16:44,2026-04-01T23:18:43,119,3,1,1,1,0,0,90.0000,f71f31738d690690ecb02fb3b039763410832d12,0.472368201772,0.00468515752421,0.0307350043582,0.00415922885936,0.45651972868,0.0100791776381,0.013113736426,0.00833976474232,0.500000000097,0,0,0,0.499999999903,0,0,0
725,gr_D1_L0_A_009,campaign_v2,D1,L0,A,9,SUCCEED,SpinQuasarClient,1775078326,2026-04-01T23:18:46,2026-04-01T23:20:47,121,3,1,1,1,0,0,90.0000,f71f31738d690690ecb02fb3b039763410832d12,0.439371356021,0.0221985141138,0.0512953445933,0.00572914262437,0.42149052096,0.0229064238946,0.0287810647196,0.00822763307334,0.500000000097,0,0,0,0.499999999903,0,0,0
726,gr_D1_L0_A_010,campaign_v2,D1,L0,A,10,SUCCEED,SpinQuasarClient,1775078450,2026-04-01T23:20:50,2026-04-01T23:23:02,132,3,1,1,1,0,0,90.0000,f71f31738d690690ecb02fb3b039763410832d12,0.509286078693,0.0042808760449,0.0225277730877,0.0017265117915,0.448104929378,0.00488419681187,0.00584782434382,0.00334180984925,0.500000000097,0,0,0,0.499999999903,0,0,0
727,gr_D1_L01_A_006,campaign_v2,D1,L01,A,6,SUCCEED,SpinQuasarClient,1775078585,2026-04-01T23:23:05,2026-04-01T23:25:08,123,3,11,9,5,2,4,90.0000,a079b3dfa65c3905730a2be0cd41ade6a172f6dc,0.13628967928,0.035068176852,0.252530555644,0.0228868838268,0.32919154913,0.026672810494,0.131793013202,0.065567331572,0.15000071383,0,0.349999286268,0,0.349999286221,0,0.150000713682,0
728,gr_D1_L01_A_007,campaign_v2,D1,L01,A,7,SUCCEED,SpinQuasarClient,1775078711,2026-04-01T23:25:11,2026-04-01T23:27:10,119,3,11,9,5,2,4,90.0000,a079b3dfa65c3905730a2be0cd41ade6a172f6dc,0.121387610536,0.0259520299095,0.259230326332,0.0103892819805,0.344759499236,0.0308979341597,0.131494050484,0.0758892673625,0.15000071383,0,0.349999286268,0,0.349999286221,0,0.150000713682,0
729,gr_D1_L01_A_008,campaign_v2,D1,L01,A,8,SUCCEED,SpinQuasarClient,1775078833,2026-04-01T23:27:13,2026-04-01T23:29:21,128,3,11,9,5,2,4,90.0000,a079b3dfa65c3905730a2be0cd41ade6a172f6dc,0.148389191468,0.0220209847808,0.263043501637,0.0181640902669,0.300652801322,0.0254859039593,0.140101406418,0.0821421201483,0.15000071383,0,0.349999286268,0,0.349999286221,0,0.150000713682,0
730,gr_D1_L01_A_009,campaign_v2,D1,L01,A,9,SUCCEED,SpinQuasarClient,1775078964,2026-04-01T23:29:24,2026-04-01T23:31:22,118,3,11,9,5,2,4,90.0000,a079b3dfa65c3905730a2be0cd41ade6a172f6dc,0.192035858227,0.0115700026318,0.176377880056,0.0291336874712,0.370637709823,0.020614953299,0.105200654644,0.0944292538487,0.15000071383,0,0.349999286268,0,0.349999286221,0,0.150000713682,0
731,gr_D1_L01_A_010,campaign_v2,D1,L01,A,10,SUCCEED,SpinQuasarClient,1775079085,2026-04-01T23:31:25,2026-04-01T23:33:25,120,3,11,9,5,2,4,90.0000,a079b3dfa65c3905730a2be0cd41ade6a172f6dc,0.200284315712,0.0207275498062,0.1550757603,0.0324173732754,0.35775486782,0.0166976974101,0.0967652126711,0.120277223005,0.15000071383,0,0.349999286268,0,0.349999286221,0,0.150000713682,0
732,gr_D1_FULL_A_006,campaign_v2,D1,FULL,A,6,SUCCEED,SpinQuasarClient,1775079208,2026-04-01T23:33:28,2026-04-01T23:35:32,124,3,19,16,9,2,8,90.0000,295e213bb4ee45adc85a3a709cd2b2684d73f755,0.0955535815175,0.164628017949,0.121365594193,0.052892836264,0.148460742993,0.0953603912448,0.192474196322,0.129264639517,0.0500002634258,0.100000450404,0.149999726503,0.199999559765,0.199999559806,0.149999726415,0.100000450333,0.050000263349
733,gr_D1_FULL_A_007,campaign_v2,D1,FULL,A,7,SUCCEED,SpinQuasarClient,1775079335,2026-04-01T23:35:35,2026-04-01T23:37:38,123,3,19,16,9,2,8,90.0000,295e213bb4ee45adc85a3a709cd2b2684d73f755,0.0842583652918,0.168830489006,0.127130262758,0.10011407482,0.136514109009,0.0779163156675,0.19060381365,0.114632569798,0.0500002634258,0.100000450404,0.149999726503,0.199999559765,0.199999559806,0.149999726415,0.100000450333,0.050000263349
734,gr_D1_FULL_A_008,campaign_v2,D1,FULL,A,8,SUCCEED,SpinQuasarClient,1775079461,2026-04-01T23:37:41,2026-04-01T23:39:44,123,3,19,16,9,2,8,90.0000,295e213bb4ee45adc85a3a709cd2b2684d73f755,0.115551034545,0.164855105391,0.125553059323,0.0644637051063,0.13836910404,0.0744676810321,0.18819669101,0.128543619553,0.0500002634258,0.100000450404,0.149999726503,0.199999559765,0.199999559806,0.149999726415,0.100000450333,0.050000263349
735,gr_D1_FULL_A_009,campaign_v2,D1,FULL,A,9,SUCCEED,SpinQuasarClient,1775079587,2026-04-01T23:39:47,2026-04-01T23:41:50,123,3,19,16,9,2,8,90.0000,295e213bb4ee45adc85a3a709cd2b2684d73f755,0.0906508261871,0.152100271393,0.136682918605,0.0704135972626,0.130996679208,0.0960309531688,0.198955784501,0.124168969675,0.0500002634258,0.100000450404,0.149999726503,0.199999559765,0.199999559806,0.149999726415,0.100000450333,0.050000263349
736,gr_D1_FULL_A_010,campaign_v2,D1,FULL,A,10,SUCCEED,SpinQuasarClient,1775079713,2026-04-01T23:41:53,2026-04-01T23:43:56,123,3,19,16,9,2,8,90.0000,295e213bb4ee45adc85a3a709cd2b2684d73f755,0.098741559008,0.167950259113,0.139396195353,0.0804365204789,0.144327393239,0.0974459397257,0.174898459099,0.0968036739842,0.0500002634258,0.100000450404,0.149999726503,0.199999559765,0.199999559806,0.149999726415,0.100000450333,0.050000263349
737,gr_D1_FULL_B_006,campaign_v2,D1,FULL,B,6,SUCCEED,SpinQuasarClient,1775079839,2026-04-01T23:43:59,2026-04-01T23:45:59,120,3,19,16,9,2,8,90.0000,ad337cf6a4f0f4c5bf3d2dffaa332f4440c4749b,0.166490442224,0.166115113798,0.0819151346484,0.0445337648307,0.157869733703,0.122118638952,0.117148595466,0.143808576378,0.0500002634258,0.100000450404,0.149999726503,0.199999559765,0.199999559806,0.149999726415,0.100000450333,0.050000263349
738,gr_D1_FULL_B_007,campaign_v2,D1,FULL,B,7,SUCCEED,SpinQuasarClient,1775079962,2026-04-01T23:46:02,2026-04-01T23:48:05,123,3,19,16,9,2,8,90.0000,ad337cf6a4f0f4c5bf3d2dffaa332f4440c4749b,0.0970829000428,0.157296722477,0.0768975617199,0.0971376044332,0.164516265504,0.0613936809252,0.194396682396,0.151278582502,0.0500002634258,0.100000450404,0.149999726503,0.199999559765,0.199999559806,0.149999726415,0.100000450333,0.050000263349
739,gr_D1_FULL_B_008,campaign_v2,D1,FULL,B,8,SUCCEED,SpinQuasarClient,1775080088,2026-04-01T23:48:08,2026-04-01T23:50:12,124,3,19,16,9,2,8,90.0000,ad337cf6a4f0f4c5bf3d2dffaa332f4440c4749b,0.0720055269813,0.131714652525,0.104821952037,0.0957901980659,0.127071874762,0.0918637122114,0.248423650027,0.12830843339,0.0500002634258,0.100000450404,0.149999726503,0.199999559765,0.199999559806,0.149999726415,0.100000450333,0.050000263349
740,gr_D1_FULL_B_009,campaign_v2,D1,FULL,B,9,SUCCEED,SpinQuasarClient,1775080215,2026-04-01T23:50:15,2026-04-01T23:52:18,123,3,19,16,9,2,8,90.0000,ad337cf6a4f0f4c5bf3d2dffaa332f4440c4749b,0.0833310106314,0.144838715612,0.102849733023,0.0844962910229,0.155567372796,0.05372243429,0.19038135996,0.184813082664,0.0500002634258,0.100000450404,0.149999726503,0.199999559765,0.199999559806,0.149999726415,0.100000450333,0.050000263349
741,gr_D1_FULL_B_010,campaign_v2,D1,FULL,B,10,SUCCEED,SpinQuasarClient,1775080341,2026-04-01T23:52:21,2026-04-01T23:54:24,123,3,19,16,9,2,8,90.0000,ad337cf6a4f0f4c5bf3d2dffaa332f4440c4749b,0.0965218075214,0.139918902842,0.118088404144,0.100900602442,0.113065811743,0.0782926349545,0.167516444331,0.185695392024,0.0500002634258,0.100000450404,0.149999726503,0.199999559765,0.199999559806,0.149999726415,0.100000450333,0.050000263349
742,gr_D1_L0_A_011,campaign_v2,D1,L0,A,11,SUCCEED,SpinQuasarClient,1775080467,2026-04-01T23:54:27,2026-04-01T23:56:24,117,3,1,1,1,0,0,90.0000,f71f31738d690690ecb02fb3b039763410832d12,0.486337813938,0.0114057241491,0.0194875662631,0.00468188580636,0.447848301028,0.00658760273717,0.01549876584,0.00815234023813,0.500000000097,0,0,0,0.499999999903,0,0,0
743,gr_D1_L0_A_012,campaign_v2,D1,L0,A,12,SUCCEED,SpinQuasarClient,1775080587,2026-04-01T23:56:27,2026-04-01T23:58:28,121,3,1,1,1,0,0,90.0000,f71f31738d690690ecb02fb3b039763410832d12,0.493507635047,0.00542959823324,0.0248633743803,0.00962828909425,0.432164053314,0.0166754655704,0.0090092246023,0.00872235975888,0.500000000097,0,0,0,0.499999999903,0,0,0
744,gr_D1_L0_A_013,campaign_v2,D1,L0,A,13,SUCCEED,SpinQuasarClient,1775080711,2026-04-01T23:58:31,2026-04-02T00:00:31,120,3,1,1,1,0,0,90.0000,f71f31738d690690ecb02fb3b039763410832d12,0.432381625431,0.0141924723272,0.0624776784053,0.00343946814143,0.439344648556,0.0225313744072,0.0201124218997,0.00552031083287,0.500000000097,0,0,0,0.499999999903,0,0,0
745,gr_D1_L0_A_014,campaign_v2,D1,L0,A,14,SUCCEED,SpinQuasarClient,1775080834,2026-04-02T00:00:34,2026-04-02T00:02:33,119,3,1,1,1,0,0,90.0000,f71f31738d690690ecb02fb3b039763410832d12,0.482628411549,0.00656652983922,0.0228665465937,0.00156653469424,0.455715734241,0.0050323061163,0.0154556581748,0.0101682787924,0.500000000097,0,0,0,0.499999999903,0,0,0
746,gr_D1_L0_A_015,campaign_v2,D1,L0,A,15,SUCCEED,SpinQuasarClient,1775080956,2026-04-02T00:02:36,2026-04-02T00:04:35,119,3,1,1,1,0,0,90.0000,f71f31738d690690ecb02fb3b039763410832d12,0.471860605127,0.00520204245792,0.0229851816801,0.00545983462637,0.45816853767,0.00816641265149,0.0116939472021,0.0164634385848,0.500000000097,0,0,0,0.499999999903,0,0,0
747,gr_D1_L01_A_011,campaign_v2,D1,L01,A,11,SUCCEED,SpinQuasarClient,1775081077,2026-04-02T00:04:37,2026-04-02T00:06:40,123,3,11,9,5,2,4,90.0000,a079b3dfa65c3905730a2be0cd41ade6a172f6dc,0.15333714809,0.0242934927901,0.249202088284,0.0248144822689,0.315626637555,0.0358552547027,0.134741398855,0.0621294974538,0.15000071383,0,0.349999286268,0,0.349999286221,0,0.150000713682,0
748,gr_D1_L01_A_012,campaign_v2,D1,L01,A,12,SUCCEED,SpinQuasarClient,1775081202,2026-04-02T00:06:42,2026-04-02T00:08:43,121,3,11,9,5,2,4,90.0000,a079b3dfa65c3905730a2be0cd41ade6a172f6dc,0.114944719956,0.0163665016638,0.276688070291,0.028362834866,0.294960103478,0.0271234430667,0.165511993549,0.0760423331295,0.15000071383,0,0.349999286268,0,0.349999286221,0,0.150000713682,0
749,gr_D1_L01_A_013,campaign_v2,D1,L01,A,13,SUCCEED,SpinQuasarClient,1775081326,2026-04-02T00:08:46,2026-04-02T00:10:48,122,3,11,9,5,2,4,90.0000,a079b3dfa65c3905730a2be0cd41ade6a172f6dc,0.132600622111,0.0217682889096,0.26426597856,0.0189777207141,0.333378013626,0.0243907409431,0.150445637978,0.0541729971579,0.15000071383,0,0.349999286268,0,0.349999286221,0,0.150000713682,0
750,gr_D1_L01_A_014,campaign_v2,D1,L01,A,14,SUCCEED,SpinQuasarClient,1775081451,2026-04-02T00:10:51,2026-04-02T00:12:51,120,3,11,9,5,2,4,90.0000,a079b3dfa65c3905730a2be0cd41ade6a172f6dc,0.140505988789,0.0211269013697,0.24576517792,0.0233562922369,0.320945015665,0.0377711672995,0.135625384378,0.0749040723417,0.15000071383,0,0.349999286268,0,0.349999286221,0,0.150000713682,0
751,gr_D1_L01_A_015,campaign_v2,D1,L01,A,15,SUCCEED,SpinQuasarClient,1775081574,2026-04-02T00:12:54,2026-04-02T00:14:52,118,3,11,9,5,2,4,90.0000,a079b3dfa65c3905730a2be0cd41ade6a172f6dc,0.146357993883,0.0195511975355,0.252270179386,0.0285872815671,0.321733405911,0.0389357792591,0.164140256004,0.0284239064551,0.15000071383,0,0.349999286268,0,0.349999286221,0,0.150000713682,0
752,gr_D1_FULL_A_011,campaign_v2,D1,FULL,A,11,SUCCEED,SpinQuasarClient,1775081695,2026-04-02T00:14:55,2026-04-02T00:16:59,124,3,19,16,9,2,8,90.0000,295e213bb4ee45adc85a3a709cd2b2684d73f755,0.0995533105767,0.170482604765,0.095067974421,0.117409882796,0.19894926618,0.0853209182564,0.146891093549,0.0863249494569,0.0500002634258,0.100000450404,0.149999726503,0.199999559765,0.199999559806,0.149999726415,0.100000450333,0.050000263349
753,gr_D1_FULL_A_012,campaign_v2,D1,FULL,A,12,SUCCEED,SpinQuasarClient,1775081821,2026-04-02T00:17:01,2026-04-02T00:19:02,121,3,19,16,9,2,8,90.0000,295e213bb4ee45adc85a3a709cd2b2684d73f755,0.119964668572,0.158551499935,0.126660290115,0.0871818194299,0.172857774639,0.0862600503605,0.114448058815,0.134075838134,0.0500002634258,0.100000450404,0.149999726503,0.199999559765,0.199999559806,0.149999726415,0.100000450333,0.050000263349
754,gr_D1_FULL_A_013,campaign_v2,D1,FULL,A,13,SUCCEED,SpinQuasarClient,1775081945,2026-04-02T00:19:05,2026-04-02T00:21:20,135,3,19,16,9,2,8,90.0000,295e213bb4ee45adc85a3a709cd2b2684d73f755,0.0902233267896,0.181589517449,0.120005417313,0.0598906502368,0.160858763598,0.100161706396,0.145861605657,0.141409012561,0.0500002634258,0.100000450404,0.149999726503,0.199999559765,0.199999559806,0.149999726415,0.100000450333,0.050000263349
755,gr_D1_FULL_A_014,campaign_v2,D1,FULL,A,14,SUCCEED,SpinQuasarClient,1775082083,2026-04-02T00:21:23,2026-04-02T00:23:26,123,3,19,16,9,2,8,90.0000,295e213bb4ee45adc85a3a709cd2b2684d73f755,0.042449343278,0.172344129782,0.105541441093,0.0939471945294,0.257272627092,0.0707671454017,0.166663033321,0.0910150855021,0.0500002634258,0.100000450404,0.149999726503,0.199999559765,0.199999559806,0.149999726415,0.100000450333,0.050000263349
756,gr_D1_FULL_A_015,campaign_v2,D1,FULL,A,15,SUCCEED,SpinQuasarClient,1775082209,2026-04-02T00:23:29,2026-04-02T00:25:32,123,3,19,16,9,2,8,90.0000,295e213bb4ee45adc85a3a709cd2b2684d73f755,0.0916398135421,0.16254291759,0.112067347578,0.106223873273,0.144460396406,0.0604077801948,0.21154927221,0.111108599206,0.0500002634258,0.100000450404,0.149999726503,0.199999559765,0.199999559806,0.149999726415,0.100000450333,0.050000263349
757,gr_D1_FULL_B_011,campaign_v2,D1,FULL,B,11,SUCCEED,SpinQuasarClient,1775082335,2026-04-02T00:25:35,2026-04-02T00:27:39,124,3,19,16,9,2,8,90.0000,ad337cf6a4f0f4c5bf3d2dffaa332f4440c4749b,0.0700840851494,0.149363663613,0.0929801475707,0.102033483051,0.143413526605,0.0888717587103,0.20482353928,0.148429796021,0.0500002634258,0.100000450404,0.149999726503,0.199999559765,0.199999559806,0.149999726415,0.100000450333,0.050000263349
758,gr_D1_FULL_B_012,campaign_v2,D1,FULL,B,12,SUCCEED,SpinQuasarClient,1775082461,2026-04-02T00:27:41,2026-04-02T00:29:45,124,3,19,16,9,2,8,90.0000,ad337cf6a4f0f4c5bf3d2dffaa332f4440c4749b,0.1012074062,0.140568646129,0.110955495781,0.0945850063562,0.148783820301,0.0790184249114,0.169882923572,0.15499827675,0.0500002634258,0.100000450404,0.149999726503,0.199999559765,0.199999559806,0.149999726415,0.100000450333,0.050000263349
759,gr_D1_FULL_B_013,campaign_v2,D1,FULL,B,13,SUCCEED,SpinQuasarClient,1775082587,2026-04-02T00:29:47,2026-04-02T00:31:51,124,3,19,16,9,2,8,90.0000,ad337cf6a4f0f4c5bf3d2dffaa332f4440c4749b,0.0662803379176,0.171962286521,0.118674733055,0.0926526452352,0.157078610615,0.0968595816516,0.180346633406,0.116145171599,0.0500002634258,0.100000450404,0.149999726503,0.199999559765,0.199999559806,0.149999726415,0.100000450333,0.050000263349
760,gr_D1_FULL_B_014,campaign_v2,D1,FULL,B,14,SUCCEED,SpinQuasarClient,1775082713,2026-04-02T00:31:53,2026-04-02T00:33:57,124,3,19,16,9,2,8,90.0000,ad337cf6a4f0f4c5bf3d2dffaa332f4440c4749b,0.127854773057,0.119845461723,0.094558158282,0.088833047719,0.154015616043,0.0905344422798,0.169451268872,0.154907232025,0.0500002634258,0.100000450404,0.149999726503,0.199999559765,0.199999559806,0.149999726415,0.100000450333,0.050000263349
761,gr_D1_FULL_B_015,campaign_v2,D1,FULL,B,15,SUCCEED,SpinQuasarClient,1775082840,2026-04-02T00:34:00,2026-04-02T00:36:03,123,3,19,16,9,2,8,90.0000,ad337cf6a4f0f4c5bf3d2dffaa332f4440c4749b,0.0800502357083,0.177030139344,0.0964967597037,0.0734094800011,0.193340166182,0.101215370041,0.172098681185,0.106359167834,0.0500002634258,0.100000450404,0.149999726503,0.199999559765,0.199999559806,0.149999726415,0.100000450333,0.050000263349
762,gr_D1_L0_A_016,campaign_v2,D1,L0,A,16,SUCCEED,SpinQuasarClient,1775082966,2026-04-02T00:36:06,2026-04-02T00:38:04,118,3,1,1,1,0,0,90.0000,f71f31738d690690ecb02fb3b039763410832d12,0.445959301454,0.0309792541575,0.0413601497361,0.00573439369827,0.396296443723,0.040796034015,0.03496071657,0.00391370664649,0.500000000097,0,0,0,0.499999999903,0,0,0
763,gr_D1_L0_A_017,campaign_v2,D1,L0,A,17,SUCCEED,SpinQuasarClient,1775083087,2026-04-02T00:38:07,2026-04-02T00:40:06,119,3,1,1,1,0,0,90.0000,f71f31738d690690ecb02fb3b039763410832d12,0.490892520769,0.00230800451804,0.0229636757055,0.00800326131085,0.444587080066,0.00426994412557,0.00991692717277,0.0170585863321,0.500000000097,0,0,0,0.499999999903,0,0,0
764,gr_D1_L0_A_018,campaign_v2,D1,L0,A,18,SUCCEED,SpinQuasarClient,1775083209,2026-04-02T00:40:09,2026-04-02T00:42:09,120,3,1,1,1,0,0,90.0000,f71f31738d690690ecb02fb3b039763410832d12,0.450402011064,0.0211931436742,0.0396355963394,0.0148598725593,0.410117110159,0.0233656734762,0.0295703525383,0.0108562401899,0.500000000097,0,0,0,0.499999999903,0,0,0
765,gr_D1_L0_A_019,campaign_v2,D1,L0,A,19,SUCCEED,SpinQuasarClient,1775083332,2026-04-02T00:42:12,2026-04-02T00:44:10,118,3,1,1,1,0,0,90.0000,f71f31738d690690ecb02fb3b039763410832d12,0.418956257475,0.0316555486472,0.0533094086408,0.00519723449311,0.416388602958,0.0289452004297,0.0356651224019,0.00988262495412,0.500000000097,0,0,0,0.499999999903,0,0,0
766,gr_D1_L0_A_020,campaign_v2,D1,L0,A,20,SUCCEED,SpinQuasarClient,1775083453,2026-04-02T00:44:13,2026-04-02T00:46:13,120,3,1,1,1,0,0,90.0000,f71f31738d690690ecb02fb3b039763410832d12,0.430156129943,0.0303807232737,0.0542216338741,0.00801057817398,0.411343235401,0.0284885390023,0.0301164917137,0.00728266861825,0.500000000097,0,0,0,0.499999999903,0,0,0
767,gr_D1_L01_A_016,campaign_v2,D1,L01,A,16,SUCCEED,SpinQuasarClient,1775083575,2026-04-02T00:46:15,2026-04-02T00:48:16,121,3,11,9,5,2,4,90.0000,a079b3dfa65c3905730a2be0cd41ade6a172f6dc,0.159718899205,0.0208657638623,0.24452015826,0.0118099551706,0.320200071148,0.0286259105345,0.122190636624,0.0920686051966,0.15000071383,0,0.349999286268,0,0.349999286221,0,0.150000713682,0
768,gr_D1_L01_A_017,campaign_v2,D1,L01,A,17,SUCCEED,SpinQuasarClient,1775083699,2026-04-02T00:48:19,2026-04-02T00:50:31,132,3,11,9,5,2,4,90.0000,a079b3dfa65c3905730a2be0cd41ade6a172f6dc,0.216511836579,0.00388662130815,0.180231833082,0.0146221865998,0.384524480161,0.00967873509538,0.106599152484,0.0839451546904,0.15000071383,0,0.349999286268,0,0.349999286221,0,0.150000713682,0
769,gr_D1_L01_A_018,campaign_v2,D1,L01,A,18,SUCCEED,SpinQuasarClient,1775083834,2026-04-02T00:50:34,2026-04-02T00:52:34,120,3,11,9,5,2,4,90.0000,a079b3dfa65c3905730a2be0cd41ade6a172f6dc,0.15270885089,0.0203591568659,0.248681121844,0.0134924212301,0.347920400333,0.0291521581936,0.124546478836,0.0631394118068,0.15000071383,0,0.349999286268,0,0.349999286221,0,0.150000713682,0
770,gr_D1_L01_A_019,campaign_v2,D1,L01,A,19,SUCCEED,SpinQuasarClient,1775083957,2026-04-02T00:52:37,2026-04-02T00:54:36,119,3,11,9,5,2,4,90.0000,a079b3dfa65c3905730a2be0cd41ade6a172f6dc,0.125140841972,0.0147628080765,0.297190333086,0.013448723968,0.359471388221,0.0231754491847,0.12137282184,0.0454376336517,0.15000071383,0,0.349999286268,0,0.349999286221,0,0.150000713682,0
771,gr_D1_L01_A_020,campaign_v2,D1,L01,A,20,SUCCEED,SpinQuasarClient,1775084078,2026-04-02T00:54:38,2026-04-02T00:56:39,121,3,11,9,5,2,4,90.0000,a079b3dfa65c3905730a2be0cd41ade6a172f6dc,0.102096395388,0.00673806955178,0.292139129176,0.0144607752456,0.352974510109,0.0341088046818,0.136088460639,0.0613938552097,0.15000071383,0,0.349999286268,0,0.349999286221,0,0.150000713682,0
772,gr_D1_FULL_A_016,campaign_v2,D1,FULL,A,16,SUCCEED,SpinQuasarClient,1775084201,2026-04-02T00:56:41,2026-04-02T00:58:44,123,3,19,16,9,2,8,90.0000,295e213bb4ee45adc85a3a709cd2b2684d73f755,0.138777609946,0.198056594684,0.110752439755,0.051350583047,0.155475852241,0.0611312018715,0.152657155337,0.131798563119,0.0500002634258,0.100000450404,0.149999726503,0.199999559765,0.199999559806,0.149999726415,0.100000450333,0.050000263349
773,gr_D1_FULL_A_017,campaign_v2,D1,FULL,A,17,SUCCEED,SpinQuasarClient,1775084326,2026-04-02T00:58:46,2026-04-02T01:00:50,124,3,19,16,9,2,8,90.0000,295e213bb4ee45adc85a3a709cd2b2684d73f755,0.0939063574641,0.165979971033,0.1144725648,0.0899703751507,0.169293630774,0.0850428454858,0.149062240608,0.132272014684,0.0500002634258,0.100000450404,0.149999726503,0.199999559765,0.199999559806,0.149999726415,0.100000450333,0.050000263349
774,gr_D1_FULL_A_018,campaign_v2,D1,FULL,A,18,SUCCEED,SpinQuasarClient,1775084453,2026-04-02T01:00:53,2026-04-02T01:02:56,123,3,19,16,9,2,8,90.0000,295e213bb4ee45adc85a3a709cd2b2684d73f755,0.110132022026,0.1864505254,0.144259027028,0.0928973743583,0.106978949937,0.06947578023,0.182774889528,0.107031431493,0.0500002634258,0.100000450404,0.149999726503,0.199999559765,0.199999559806,0.149999726415,0.100000450333,0.050000263349
775,gr_D1_FULL_A_019,campaign_v2,D1,FULL,A,19,SUCCEED,SpinQuasarClient,1775084579,2026-04-02T01:02:59,2026-04-02T01:05:03,124,3,19,16,9,2,8,90.0000,295e213bb4ee45adc85a3a709cd2b2684d73f755,0.13536980197,0.181353705082,0.170839065385,0.131782641089,0.122884926932,0.0413000675906,0.115254470882,0.101215321069,0.0500002634258,0.100000450404,0.149999726503,0.199999559765,0.199999559806,0.149999726415,0.100000450333,0.050000263349
776,gr_D1_FULL_A_020,campaign_v2,D1,FULL,A,20,SUCCEED,SpinQuasarClient,1775084705,2026-04-02T01:05:05,2026-04-02T01:07:09,124,3,19,16,9,2,8,90.0000,295e213bb4ee45adc85a3a709cd2b2684d73f755,0.0949919378065,0.163195143318,0.134073432699,0.0628143283645,0.140573570209,0.0993696316912,0.188708049842,0.116273906071,0.0500002634258,0.100000450404,0.149999726503,0.199999559765,0.199999559806,0.149999726415,0.100000450333,0.050000263349
777,gr_D1_FULL_B_016,campaign_v2,D1,FULL,B,16,SUCCEED,SpinQuasarClient,1775084832,2026-04-02T01:07:12,2026-04-02T01:09:15,123,3,19,16,9,2,8,90.0000,ad337cf6a4f0f4c5bf3d2dffaa332f4440c4749b,0.0785160480155,0.185294920757,0.120725960316,0.0922077569799,0.134323157126,0.0898488186676,0.175966817109,0.123116521029,0.0500002634258,0.100000450404,0.149999726503,0.199999559765,0.199999559806,0.149999726415,0.100000450333,0.050000263349
778,gr_D1_FULL_B_017,campaign_v2,D1,FULL,B,17,SUCCEED,SpinQuasarClient,1775084958,2026-04-02T01:09:18,2026-04-02T01:11:21,123,3,19,16,9,2,8,90.0000,ad337cf6a4f0f4c5bf3d2dffaa332f4440c4749b,0.0568475958183,0.150282672406,0.114987652985,0.0615214678272,0.153562441511,0.106328004836,0.216844853052,0.139625311564,0.0500002634258,0.100000450404,0.149999726503,0.199999559765,0.199999559806,0.149999726415,0.100000450333,0.050000263349
779,gr_D1_FULL_B_018,campaign_v2,D1,FULL,B,18,SUCCEED,SpinQuasarClient,1775085084,2026-04-02T01:11:24,2026-04-02T01:13:27,123,3,19,16,9,2,8,90.0000,ad337cf6a4f0f4c5bf3d2dffaa332f4440c4749b,0.0833063411691,0.131475387894,0.110814570431,0.0565110346367,0.181639920565,0.0796951582072,0.192573262073,0.163984325023,0.0500002634258,0.100000450404,0.149999726503,0.199999559765,0.199999559806,0.149999726415,0.100000450333,0.050000263349
780,gr_D1_FULL_B_019,campaign_v2,D1,FULL,B,19,SUCCEED,SpinQuasarClient,1775085210,2026-04-02T01:13:30,2026-04-02T01:15:44,134,3,19,16,9,2,8,90.0000,ad337cf6a4f0f4c5bf3d2dffaa332f4440c4749b,0.0700923429885,0.126879934186,0.114762913376,0.0887031128974,0.140176341081,0.122156226104,0.17715350021,0.160075629158,0.0500002634258,0.100000450404,0.149999726503,0.199999559765,0.199999559806,0.149999726415,0.100000450333,0.050000263349
781,gr_D1_FULL_B_020,campaign_v2,D1,FULL,B,20,SUCCEED,SpinQuasarClient,1775085347,2026-04-02T01:15:47,2026-04-02T01:17:48,121,3,19,16,9,2,8,90.0000,ad337cf6a4f0f4c5bf3d2dffaa332f4440c4749b,0.118578872397,0.118243855361,0.11595132836,0.0911000163534,0.14955364014,0.104799186786,0.139069053407,0.162704047197,0.0500002634258,0.100000450404,0.149999726503,0.199999559765,0.199999559806,0.149999726415,0.100000450333,0.050000263349
782,gr_D1_L0_A_021,campaign_v2,D1,L0,A,21,SUCCEED,SpinQuasarClient,1775085472,2026-04-02T01:17:52,2026-04-02T01:19:52,120,3,1,1,1,0,0,90.0000,f71f31738d690690ecb02fb3b039763410832d12,0.490291278476,0.00706862518463,0.0257510050589,0.00749668943508,0.435459860369,0.00843538145217,0.0125207793652,0.0129763806592,0.500000000097,0,0,0,0.499999999903,0,0,0
783,gr_D1_L0_A_022,campaign_v2,D1,L0,A,22,SUCCEED,SpinQuasarClient,1775085595,2026-04-02T01:19:55,2026-04-02T01:21:55,120,3,1,1,1,0,0,90.0000,f71f31738d690690ecb02fb3b039763410832d12,0.453584639035,0.0238454517257,0.0439697077289,0.00307268684353,0.414384015766,0.0243627800652,0.0315686641847,0.00521205465079,0.500000000097,0,0,0,0.499999999903,0,0,0
784,gr_D1_L0_A_023,campaign_v2,D1,L0,A,23,SUCCEED,SpinQuasarClient,1775085718,2026-04-02T01:21:58,2026-04-02T01:23:55,117,3,1,1,1,0,0,90.0000,f71f31738d690690ecb02fb3b039763410832d12,0.46873467906,0.0110958602139,0.0252390806847,0.00840233875581,0.463563091406,0.00833403191792,0.00971775002707,0.00491316793448,0.500000000097,0,0,0,0.499999999903,0,0,0
785,gr_D1_L0_A_024,campaign_v2,D1,L0,A,24,SUCCEED,SpinQuasarClient,1775085838,2026-04-02T01:23:58,2026-04-02T01:25:57,119,3,1,1,1,0,0,90.0000,f71f31738d690690ecb02fb3b039763410832d12,0.444246830329,0.0298378497086,0.0352846429753,0.00550348514129,0.397137388723,0.0331641262319,0.0468602487712,0.00796542811947,0.500000000097,0,0,0,0.499999999903,0,0,0
786,gr_D1_L0_A_025,campaign_v2,D1,L0,A,25,SUCCEED,SpinQuasarClient,1775085960,2026-04-02T01:26:00,2026-04-02T01:27:58,118,3,1,1,1,0,0,90.0000,f71f31738d690690ecb02fb3b039763410832d12,0.47985503716,0.000784212221656,0.0212794726455,0.00893044091578,0.46207943113,0.00293789630126,0.00921377009096,0.0149197395343,0.500000000097,0,0,0,0.499999999903,0,0,0
787,gr_D1_L01_A_021,campaign_v2,D1,L01,A,21,SUCCEED,SpinQuasarClient,1775086081,2026-04-02T01:28:01,2026-04-02T01:30:01,120,3,11,9,5,2,4,90.0000,a079b3dfa65c3905730a2be0cd41ade6a172f6dc,0.124914662328,0.0162733213876,0.277453433313,0.0197649875497,0.320439101753,0.0235882431553,0.161637468496,0.0559287820173,0.15000071383,0,0.349999286268,0,0.349999286221,0,0.150000713682,0
788,gr_D1_L01_A_022,campaign_v2,D1,L01,A,22,SUCCEED,SpinQuasarClient,1775086204,2026-04-02T01:30:04,2026-04-02T01:32:02,118,3,11,9,5,2,4,90.0000,a079b3dfa65c3905730a2be0cd41ade6a172f6dc,0.119137310642,0.040270081034,0.257214655989,0.0219924895139,0.316595649135,0.0433239685554,0.141699098077,0.0597667470536,0.15000071383,0,0.349999286268,0,0.349999286221,0,0.150000713682,0
789,gr_D1_L01_A_023,campaign_v2,D1,L01,A,23,SUCCEED,SpinQuasarClient,1775086324,2026-04-02T01:32:04,2026-04-02T01:34:04,120,3,11,9,5,2,4,90.0000,a079b3dfa65c3905730a2be0cd41ade6a172f6dc,0.129743528189,0.0172929497165,0.293421478866,0.0249202684112,0.287667095423,0.0205422084601,0.154482124735,0.0719303461993,0.15000071383,0,0.349999286268,0,0.349999286221,0,0.150000713682,0
790,gr_D1_L01_A_024,campaign_v2,D1,L01,A,24,SUCCEED,SpinQuasarClient,1775086447,2026-04-02T01:34:07,2026-04-02T01:36:08,121,3,11,9,5,2,4,90.0000,a079b3dfa65c3905730a2be0cd41ade6a172f6dc,0.102987614027,0.0150216784496,0.325082763089,0.017005557932,0.320621651887,0.0235497923925,0.158546795471,0.0371841467526,0.15000071383,0,0.349999286268,0,0.349999286221,0,0.150000713682,0
791,gr_D1_L01_A_025,campaign_v2,D1,L01,A,25,SUCCEED,SpinQuasarClient,1775086570,2026-04-02T01:36:10,2026-04-02T01:38:09,119,3,11,9,5,2,4,90.0000,a079b3dfa65c3905730a2be0cd41ade6a172f6dc,0.128767307703,0.0306539801745,0.269093743879,0.0204029492072,0.337350994245,0.0206126544706,0.145971770901,0.0471465994196,0.15000071383,0,0.349999286268,0,0.349999286221,0,0.150000713682,0
792,gr_D1_FULL_A_021,campaign_v2,D1,FULL,A,21,SUCCEED,SpinQuasarClient,1775086692,2026-04-02T01:38:12,2026-04-02T01:40:14,122,3,19,16,9,2,8,90.0000,295e213bb4ee45adc85a3a709cd2b2684d73f755,0.082444437362,0.185050694402,0.0918046329193,0.0460567147196,0.192102603687,0.0897360504777,0.214264122307,0.0985407441251,0.0500002634258,0.100000450404,0.149999726503,0.199999559765,0.199999559806,0.149999726415,0.100000450333,0.050000263349
793,gr_D1_FULL_A_022,campaign_v2,D1,FULL,A,22,SUCCEED,SpinQuasarClient,1775086817,2026-04-02T01:40:17,2026-04-02T01:42:20,123,3,19,16,9,2,8,90.0000,295e213bb4ee45adc85a3a709cd2b2684d73f755,0.0920329245393,0.162719793642,0.103654427774,0.116470263031,0.180876056732,0.0486545481148,0.156556326287,0.139035659879,0.0500002634258,0.100000450404,0.149999726503,0.199999559765,0.199999559806,0.149999726415,0.100000450333,0.050000263349
794,gr_D1_FULL_A_023,campaign_v2,D1,FULL,A,23,SUCCEED,SpinQuasarClient,1775086943,2026-04-02T01:42:23,2026-04-02T01:44:23,120,3,19,16,9,2,8,90.0000,295e213bb4ee45adc85a3a709cd2b2684d73f755,0.0988039409997,0.205671157089,0.111383851062,0.0861171214082,0.15314987034,0.0499382663717,0.212826588255,0.0821092044752,0.0500002634258,0.100000450404,0.149999726503,0.199999559765,0.199999559806,0.149999726415,0.100000450333,0.050000263349
795,gr_D1_FULL_A_024,campaign_v2,D1,FULL,A,24,SUCCEED,SpinQuasarClient,1775087066,2026-04-02T01:44:26,2026-04-02T01:46:30,124,3,19,16,9,2,8,90.0000,295e213bb4ee45adc85a3a709cd2b2684d73f755,0.117017034422,0.130011901582,0.108037771282,0.0893866802536,0.139986124013,0.121119764509,0.176828660821,0.117612063118,0.0500002634258,0.100000450404,0.149999726503,0.199999559765,0.199999559806,0.149999726415,0.100000450333,0.050000263349
796,gr_D1_FULL_A_025,campaign_v2,D1,FULL,A,25,SUCCEED,SpinQuasarClient,1775087193,2026-04-02T01:46:33,2026-04-02T01:48:36,123,3,19,16,9,2,8,90.0000,295e213bb4ee45adc85a3a709cd2b2684d73f755,0.0808858410515,0.184573426282,0.122685589789,0.0524882772384,0.185736577614,0.110335143422,0.153883425602,0.109411719,0.0500002634258,0.100000450404,0.149999726503,0.199999559765,0.199999559806,0.149999726415,0.100000450333,0.050000263349
797,gr_D1_FULL_B_021,campaign_v2,D1,FULL,B,21,SUCCEED,SpinQuasarClient,1775087319,2026-04-02T01:48:39,2026-04-02T01:50:53,134,3,19,16,9,2,8,90.0000,ad337cf6a4f0f4c5bf3d2dffaa332f4440c4749b,0.167187691332,0.150682248745,0.0633054571176,0.0753776519337,0.197824433812,0.0986355521307,0.108345754366,0.138641210562,0.0500002634258,0.100000450404,0.149999726503,0.199999559765,0.199999559806,0.149999726415,0.100000450333,0.050000263349
798,gr_D1_FULL_B_022,campaign_v2,D1,FULL,B,22,SUCCEED,SpinQuasarClient,1775087455,2026-04-02T01:50:55,2026-04-02T01:52:57,122,3,19,16,9,2,8,90.0000,ad337cf6a4f0f4c5bf3d2dffaa332f4440c4749b,0.0799982311191,0.158471704978,0.094655262465,0.118905288939,0.140558624694,0.0925150332451,0.179196162662,0.135699691899,0.0500002634258,0.100000450404,0.149999726503,0.199999559765,0.199999559806,0.149999726415,0.100000450333,0.050000263349
799,gr_D1_FULL_B_023,campaign_v2,D1,FULL,B,23,SUCCEED,SpinQuasarClient,1775087580,2026-04-02T01:53:00,2026-04-02T01:55:03,123,3,19,16,9,2,8,90.0000,ad337cf6a4f0f4c5bf3d2dffaa332f4440c4749b,0.100269104655,0.135675625262,0.119538700476,0.111890055032,0.134437330555,0.0825943430933,0.168339151881,0.147255689046,0.0500002634258,0.100000450404,0.149999726503,0.199999559765,0.199999559806,0.149999726415,0.100000450333,0.050000263349
800,gr_D1_FULL_B_024,campaign_v2,D1,FULL,B,24,SUCCEED,SpinQuasarClient,1775087706,2026-04-02T01:55:06,2026-04-02T01:57:09,123,3,19,16,9,2,8,90.0000,ad337cf6a4f0f4c5bf3d2dffaa332f4440c4749b,0.0859058024852,0.144781052794,0.0827245748935,0.0792434665919,0.178994726282,0.0968376330925,0.156396846295,0.175115897566,0.0500002634258,0.100000450404,0.149999726503,0.199999559765,0.199999559806,0.149999726415,0.100000450333,0.050000263349
801,gr_D1_FULL_B_025,campaign_v2,D1,FULL,B,25,SUCCEED,SpinQuasarClient,1775087832,2026-04-02T01:57:12,2026-04-02T01:59:16,124,3,19,16,9,2,8,90.0000,ad337cf6a4f0f4c5bf3d2dffaa332f4440c4749b,0.0899131895088,0.164939034158,0.0974192952555,0.0898309119556,0.148946443322,0.0892721237235,0.165866286417,0.153812715659,0.0500002634258,0.100000450404,0.149999726503,0.199999559765,0.199999559806,0.149999726415,0.100000450333,0.050000263349
802,gr_D0_L0_A_001,campaign_v2,D0,L0,A,1,SUCCEED,SpinQuasarClient,1775114221,2026-04-02T09:17:01,2026-04-02T09:18:55,114,3,1,1,1,0,0,90.0000,f71f31738d690690ecb02fb3b039763410832d12,0.46867751181,0.018310469668,0.0280063748713,0.00124236714195,0.432475066537,0.0260274041284,0.0215645668061,0.00369623903635,0.500000000097,0,0,0,0.499999999903,0,0,0
803,gr_D0_L0_A_002,campaign_v2,D0,L0,A,2,SUCCEED,SpinQuasarClient,1775114338,2026-04-02T09:18:58,2026-04-02T09:20:55,117,3,1,1,1,0,0,90.0000,f71f31738d690690ecb02fb3b039763410832d12,0.446875964977,0.0331779118666,0.0403431161848,0.00956165194752,0.387137738084,0.0395057825337,0.0373737238417,0.00602411056484,0.500000000097,0,0,0,0.499999999903,0,0,0
804,gr_D0_L0_A_003,campaign_v2,D0,L0,A,3,SUCCEED,SpinQuasarClient,1775114458,2026-04-02T09:20:58,2026-04-02T09:22:57,119,3,1,1,1,0,0,90.0000,f71f31738d690690ecb02fb3b039763410832d12,0.460069651617,0.040159253941,0.0277475163906,0.00532504135067,0.394596064708,0.0252707854364,0.0445983084157,0.00223337814079,0.500000000097,0,0,0,0.499999999903,0,0,0
805,gr_D0_L0_A_004,campaign_v2,D0,L0,A,4,SUCCEED,SpinQuasarClient,1775114579,2026-04-02T09:22:59,2026-04-02T09:24:56,117,3,1,1,1,0,0,90.0000,f71f31738d690690ecb02fb3b039763410832d12,0.442561620529,0.0310077817797,0.0397113710455,0.0130308774168,0.4155464963,0.0244732919651,0.0166694041725,0.0169991567907,0.500000000097,0,0,0,0.499999999903,0,0,0
806,gr_D0_L0_A_005,campaign_v2,D0,L0,A,5,SUCCEED,SpinQuasarClient,1775114699,2026-04-02T09:24:59,2026-04-02T09:26:56,117,3,1,1,1,0,0,90.0000,f71f31738d690690ecb02fb3b039763410832d12,0.491658488606,0.00267269600722,0.0165270535806,0.00988839798277,0.45519015925,0.00288188059684,0.0075508440487,0.0136304799277,0.500000000097,0,0,0,0.499999999903,0,0,0
807,gr_D0_L01_A_001,campaign_v2,D0,L01,A,1,SUCCEED,SpinQuasarClient,1775114819,2026-04-02T09:26:59,2026-04-02T09:29:02,123,3,11,9,5,2,4,90.0000,37d8c6b659458b47183544d13accad3141bef815,0.222250568302,0.0318274136484,0.14850377422,0.0254770437617,0.219677306871,0.0446289746251,0.263899575475,0.0437353430961,0.250000000097,0,0.25,0,0.25,0,0.249999999903,0
808,gr_D0_L01_A_002,campaign_v2,D0,L01,A,2,SUCCEED,SpinQuasarClient,1775114945,2026-04-02T09:29:05,2026-04-02T09:31:04,119,3,11,9,5,2,4,90.0000,37d8c6b659458b47183544d13accad3141bef815,0.204522456007,0.0180972778471,0.172964937046,0.0346609733913,0.265385558203,0.0401478116965,0.226336855937,0.0378841298723,0.250000000097,0,0.25,0,0.25,0,0.249999999903,0
809,gr_D0_L01_A_003,campaign_v2,D0,L01,A,3,SUCCEED,SpinQuasarClient,1775115067,2026-04-02T09:31:07,2026-04-02T09:33:08,121,3,11,9,5,2,4,90.0000,37d8c6b659458b47183544d13accad3141bef815,0.179143496813,0.0432012305222,0.1683658734,0.0150921380255,0.255593489102,0.0403286960061,0.233165853236,0.0651092228947,0.250000000097,0,0.25,0,0.25,0,0.249999999903,0
810,gr_D0_L01_A_004,campaign_v2,D0,L01,A,4,SUCCEED,SpinQuasarClient,1775115191,2026-04-02T09:33:11,2026-04-02T09:35:09,118,3,11,9,5,2,4,90.0000,37d8c6b659458b47183544d13accad3141bef815,0.167396873773,0.00539994516482,0.184372791834,0.0185715325168,0.301520188426,0.0306503968291,0.274243378531,0.017844892926,0.250000000097,0,0.25,0,0.25,0,0.249999999903,0
811,gr_D0_L01_A_005,campaign_v2,D0,L01,A,5,SUCCEED,SpinQuasarClient,1775115311,2026-04-02T09:35:11,2026-04-02T09:37:11,120,3,11,9,5,2,4,90.0000,37d8c6b659458b47183544d13accad3141bef815,0.181471626478,0.0286488518733,0.199904619684,0.0295384198115,0.268763971809,0.0378497848546,0.210963755544,0.0428589699467,0.250000000097,0,0.25,0,0.25,0,0.249999999903,0
812,gr_D0_FULL_A_001,campaign_v2,D0,FULL,A,1,SUCCEED,SpinQuasarClient,1775115433,2026-04-02T09:37:13,2026-04-02T09:39:15,122,3,19,16,9,2,8,90.0000,6bb8260cc2058abb6774077958a2c61e44ad747b,0.228598691948,0.209824516297,0.111355422979,0.0791279580553,0.0860854631907,0.0728278820091,0.114322341499,0.0978577240216,0.125000000073,0.125000000024,0.125000000024,0.124999999976,0.125000000024,0.124999999976,0.124999999976,0.124999999927
813,gr_D0_FULL_A_002,campaign_v2,D0,FULL,A,2,SUCCEED,SpinQuasarClient,1775115558,2026-04-02T09:39:18,2026-04-02T09:41:21,123,3,19,16,9,2,8,90.0000,6bb8260cc2058abb6774077958a2c61e44ad747b,0.221122997028,0.204083010617,0.135951525169,0.106434024391,0.086884403803,0.0413934889662,0.137762182422,0.0663683676037,0.125000000073,0.125000000024,0.125000000024,0.124999999976,0.125000000024,0.124999999976,0.124999999976,0.124999999927
814,gr_D0_FULL_A_003,campaign_v2,D0,FULL,A,3,SUCCEED,SpinQuasarClient,1775115684,2026-04-02T09:41:24,2026-04-02T09:43:28,124,3,19,16,9,2,8,90.0000,6bb8260cc2058abb6774077958a2c61e44ad747b,0.167279001033,0.144153536008,0.0852564908743,0.0760354798631,0.142051642803,0.107859626729,0.154740710872,0.122623511819,0.125000000073,0.125000000024,0.125000000024,0.124999999976,0.125000000024,0.124999999976,0.124999999976,0.124999999927
815,gr_D0_FULL_A_004,campaign_v2,D0,FULL,A,4,SUCCEED,SpinQuasarClient,1775115810,2026-04-02T09:43:30,2026-04-02T09:45:34,124,3,19,16,9,2,8,90.0000,6bb8260cc2058abb6774077958a2c61e44ad747b,0.19033719224,0.209615617155,0.128450517353,0.0833055051933,0.120328000345,0.0589431903574,0.105977898041,0.103042079315,0.125000000073,0.125000000024,0.125000000024,0.124999999976,0.125000000024,0.124999999976,0.124999999976,0.124999999927
816,gr_D0_FULL_A_005,campaign_v2,D0,FULL,A,5,SUCCEED,SpinQuasarClient,1775115937,2026-04-02T09:45:37,2026-04-02T09:47:40,123,3,19,16,9,2,8,90.0000,6bb8260cc2058abb6774077958a2c61e44ad747b,0.210131087345,0.193080007319,0.106775362468,0.109449461706,0.11217926079,0.0533935177941,0.122894872601,0.0920964299775,0.125000000073,0.125000000024,0.125000000024,0.124999999976,0.125000000024,0.124999999976,0.124999999976,0.124999999927
817,gr_D0_FULL_B_001,campaign_v2,D0,FULL,B,1,SUCCEED,SpinQuasarClient,1775116063,2026-04-02T09:47:43,2026-04-02T09:49:43,120,3,19,16,9,2,8,90.0000,f1bf13f2b79dbf0df457dc9cf11ecd09a53b6e91,0.126866600268,0.106543395807,0.0743848356187,0.107356234469,0.124953523344,0.100735890518,0.161868620284,0.19729089969,0.125000000073,0.125000000024,0.125000000024,0.124999999976,0.125000000024,0.124999999976,0.124999999976,0.124999999927
818,gr_D0_FULL_B_002,campaign_v2,D0,FULL,B,2,SUCCEED,SpinQuasarClient,1775116185,2026-04-02T09:49:46,2026-04-02T09:51:49,123,3,19,16,9,2,8,90.0000,f1bf13f2b79dbf0df457dc9cf11ecd09a53b6e91,0.0996954161636,0.0767921140055,0.0649900376086,0.0444063876069,0.165744666387,0.140282805914,0.159168269442,0.248920302873,0.125000000073,0.125000000024,0.125000000024,0.124999999976,0.125000000024,0.124999999976,0.124999999976,0.124999999927
819,gr_D0_FULL_B_003,campaign_v2,D0,FULL,B,3,SUCCEED,SpinQuasarClient,1775116312,2026-04-02T09:51:52,2026-04-02T09:53:56,124,3,19,16,9,2,8,90.0000,f1bf13f2b79dbf0df457dc9cf11ecd09a53b6e91,0.0897763544764,0.11104750579,0.0796758837886,0.105426862475,0.131902778532,0.103896494305,0.20772025629,0.170553864343,0.125000000073,0.125000000024,0.125000000024,0.124999999976,0.125000000024,0.124999999976,0.124999999976,0.124999999927
820,gr_D0_FULL_B_004,campaign_v2,D0,FULL,B,4,SUCCEED,SpinQuasarClient,1775116438,2026-04-02T09:53:58,2026-04-02T09:56:02,124,3,19,16,9,2,8,90.0000,f1bf13f2b79dbf0df457dc9cf11ecd09a53b6e91,0.0926004653052,0.089929680788,0.073457842373,0.0556798923425,0.138625667336,0.142481203567,0.174660100557,0.232565147731,0.125000000073,0.125000000024,0.125000000024,0.124999999976,0.125000000024,0.124999999976,0.124999999976,0.124999999927
821,gr_D0_FULL_B_005,campaign_v2,D0,FULL,B,5,SUCCEED,SpinQuasarClient,1775116564,2026-04-02T09:56:04,2026-04-02T09:58:08,124,3,19,16,9,2,8,90.0000,f1bf13f2b79dbf0df457dc9cf11ecd09a53b6e91,0.14131711599,0.120068012094,0.072634232249,0.0726319637441,0.130672840859,0.0971031017963,0.148139925195,0.217432808073,0.125000000073,0.125000000024,0.125000000024,0.124999999976,0.125000000024,0.124999999976,0.124999999976,0.124999999927
822,gr_D0_L0_A_006,campaign_v2,D0,L0,A,6,SUCCEED,SpinQuasarClient,1775116691,2026-04-02T09:58:11,2026-04-02T10:00:10,119,3,1,1,1,0,0,90.0000,f71f31738d690690ecb02fb3b039763410832d12,0.459979665144,0.0231863713692,0.0164850017379,0.0134077485443,0.444426840091,0.00562628946777,0.0238999276182,0.0129881560284,0.500000000097,0,0,0,0.499999999903,0,0,0
823,gr_D0_L0_A_007,campaign_v2,D0,L0,A,7,SUCCEED,SpinQuasarClient,1775116813,2026-04-02T10:00:13,2026-04-02T10:02:14,121,3,1,1,1,0,0,90.0000,f71f31738d690690ecb02fb3b039763410832d12,0.487921911037,0.00223299820494,0.0227111535541,0.00855687949424,0.452371026996,0.00266107304728,0.00848522852785,0.0150597291382,0.500000000097,0,0,0,0.499999999903,0,0,0
824,gr_D0_L0_A_008,campaign_v2,D0,L0,A,8,SUCCEED,SpinQuasarClient,1775116936,2026-04-02T10:02:17,2026-04-02T10:04:14,117,3,1,1,1,0,0,90.0000,f71f31738d690690ecb02fb3b039763410832d12,0.49116261194,0.000120878499124,0.0239623555855,0.00860452918663,0.448292891218,0.00509106398073,0.0111616299648,0.0116040396245,0.500000000097,0,0,0,0.499999999903,0,0,0
825,gr_D0_L0_A_009,campaign_v2,D0,L0,A,9,SUCCEED,SpinQuasarClient,1775117056,2026-04-02T10:04:16,2026-04-02T10:06:15,119,3,1,1,1,0,0,90.0000,f71f31738d690690ecb02fb3b039763410832d12,0.468723113424,0.0093723496754,0.0238600699334,0.015214661716,0.443009801836,0.00487330110756,0.0131502182297,0.0217964840781,0.500000000097,0,0,0,0.499999999903,0,0,0
826,gr_D0_L0_A_010,campaign_v2,D0,L0,A,10,SUCCEED,SpinQuasarClient,1775117178,2026-04-02T10:06:18,2026-04-02T10:08:17,119,3,1,1,1,0,0,90.0000,f71f31738d690690ecb02fb3b039763410832d12,0.47650084307,0.00365633909299,0.0217059199071,0.00754431646938,0.448987867344,0.00363134287137,0.0151061075903,0.0228672636547,0.500000000097,0,0,0,0.499999999903,0,0,0
827,gr_D0_L01_A_006,campaign_v2,D0,L01,A,6,SUCCEED,SpinQuasarClient,1775117300,2026-04-02T10:08:20,2026-04-02T10:10:27,127,3,11,9,5,2,4,90.0000,37d8c6b659458b47183544d13accad3141bef815,0.217684562481,0.0156840607276,0.161242930926,0.0448538125803,0.234557790406,0.0224688017546,0.238658643472,0.0648493976532,0.250000000097,0,0.25,0,0.25,0,0.249999999903,0
828,gr_D0_L01_A_007,campaign_v2,D0,L01,A,7,SUCCEED,SpinQuasarClient,1775117430,2026-04-02T10:10:30,2026-04-02T10:12:33,123,3,11,9,5,2,4,90.0000,37d8c6b659458b47183544d13accad3141bef815,0.194060407985,0.0216863657719,0.206997024831,0.0174241652859,0.240176717931,0.0365024647754,0.227570164621,0.0555826887998,0.250000000097,0,0.25,0,0.25,0,0.249999999903,0
829,gr_D0_L01_A_008,campaign_v2,D0,L01,A,8,SUCCEED,SpinQuasarClient,1775117556,2026-04-02T10:12:36,2026-04-02T10:14:37,121,3,11,9,5,2,4,90.0000,37d8c6b659458b47183544d13accad3141bef815,0.212510310684,0.0245339403083,0.142374195227,0.054026317398,0.260546706109,0.0241477437238,0.212175444045,0.0696853425055,0.250000000097,0,0.25,0,0.25,0,0.249999999903,0
830,gr_D0_L01_A_009,campaign_v2,D0,L01,A,9,SUCCEED,SpinQuasarClient,1775117679,2026-04-02T10:14:39,2026-04-02T10:16:40,121,3,11,9,5,2,4,90.0000,37d8c6b659458b47183544d13accad3141bef815,0.256746890256,0.0159732538816,0.141868749724,0.0626609651017,0.25590651688,0.0140031443256,0.194710113334,0.0581303664966,0.250000000097,0,0.25,0,0.25,0,0.249999999903,0
831,gr_D0_L01_A_010,campaign_v2,D0,L01,A,10,SUCCEED,SpinQuasarClient,1775117803,2026-04-02T10:16:43,2026-04-02T10:19:36,173,3,11,9,5,2,4,90.0000,37d8c6b659458b47183544d13accad3141bef815,0.195020118966,0.00871898871275,0.166126864253,0.0150990015321,0.231432226666,0.041530764388,0.28722690453,0.0548451309528,0.250000000097,0,0.25,0,0.25,0,0.249999999903,0
832,gr_D0_FULL_A_006,campaign_v2,D0,FULL,A,6,SUCCEED,SpinQuasarClient,1775117979,2026-04-02T10:19:39,2026-04-02T10:21:40,121,3,19,16,9,2,8,90.0000,6bb8260cc2058abb6774077958a2c61e44ad747b,0.215824069629,0.155896349479,0.12254310168,0.0991302368176,0.111086212806,0.0421067227837,0.122782852093,0.130630454711,0.125000000073,0.125000000024,0.125000000024,0.124999999976,0.125000000024,0.124999999976,0.124999999976,0.124999999927
833,gr_D0_FULL_A_007,campaign_v2,D0,FULL,A,7,SUCCEED,SpinQuasarClient,1775118102,2026-04-02T10:21:43,2026-04-02T10:23:46,123,3,19,16,9,2,8,90.0000,6bb8260cc2058abb6774077958a2c61e44ad747b,0.106067469332,0.110808061293,0.0751388248483,0.0383431765114,0.165330679767,0.107694733184,0.187914334782,0.208702720281,0.125000000073,0.125000000024,0.125000000024,0.124999999976,0.125000000024,0.124999999976,0.124999999976,0.124999999927
834,gr_D0_FULL_A_008,campaign_v2,D0,FULL,A,8,SUCCEED,SpinQuasarClient,1775118229,2026-04-02T10:23:49,2026-04-02T10:25:53,124,3,19,16,9,2,8,90.0000,6bb8260cc2058abb6774077958a2c61e44ad747b,0.160646062469,0.249379727463,0.138358233814,0.0753345254138,0.0961947699608,0.0552134180088,0.114763490162,0.110109772709,0.125000000073,0.125000000024,0.125000000024,0.124999999976,0.125000000024,0.124999999976,0.124999999976,0.124999999927
835,gr_D0_FULL_A_009,campaign_v2,D0,FULL,A,9,SUCCEED,SpinQuasarClient,1775118355,2026-04-02T10:25:55,2026-04-02T10:27:59,124,3,19,16,9,2,8,90.0000,6bb8260cc2058abb6774077958a2c61e44ad747b,0.111683519117,0.103184464594,0.0660072243495,0.0213456129,0.158461406952,0.128197927166,0.164032485228,0.247087359693,0.125000000073,0.125000000024,0.125000000024,0.124999999976,0.125000000024,0.124999999976,0.124999999976,0.124999999927
836,gr_D0_FULL_A_010,campaign_v2,D0,FULL,A,10,SUCCEED,SpinQuasarClient,1775118481,2026-04-02T10:28:01,2026-04-02T10:30:05,124,3,19,16,9,2,8,90.0000,6bb8260cc2058abb6774077958a2c61e44ad747b,0.17228416534,0.235300834298,0.123522653571,0.0668434890357,0.121052647299,0.0455390377133,0.0899726462183,0.145484526525,0.125000000073,0.125000000024,0.125000000024,0.124999999976,0.125000000024,0.124999999976,0.124999999976,0.124999999927
837,gr_D0_FULL_B_006,campaign_v2,D0,FULL,B,6,SUCCEED,SpinQuasarClient,1775118608,2026-04-02T10:30:08,2026-04-02T10:32:11,123,3,19,16,9,2,8,90.0000,f1bf13f2b79dbf0df457dc9cf11ecd09a53b6e91,0.122605946674,0.130107813079,0.0796212473014,0.105752434389,0.139762597557,0.0961546379923,0.168740208796,0.157255114212,0.125000000073,0.125000000024,0.125000000024,0.124999999976,0.125000000024,0.124999999976,0.124999999976,0.124999999927
838,gr_D0_FULL_B_007,campaign_v2,D0,FULL,B,7,SUCCEED,SpinQuasarClient,1775118734,2026-04-02T10:32:14,2026-04-02T10:34:17,123,3,19,16,9,2,8,90.0000,f1bf13f2b79dbf0df457dc9cf11ecd09a53b6e91,0.128695936294,0.118051466592,0.0697228472177,0.0733789335213,0.141023436667,0.116873133899,0.151647167162,0.200607078647,0.125000000073,0.125000000024,0.125000000024,0.124999999976,0.125000000024,0.124999999976,0.124999999976,0.124999999927
839,gr_D0_FULL_B_008,campaign_v2,D0,FULL,B,8,SUCCEED,SpinQuasarClient,1775118860,2026-04-02T10:34:20,2026-04-02T10:36:23,123,3,19,16,9,2,8,90.0000,f1bf13f2b79dbf0df457dc9cf11ecd09a53b6e91,0.113022514528,0.126913372564,0.0832610815343,0.0957555054938,0.137987137071,0.0906810357697,0.141018532451,0.211360820589,0.125000000073,0.125000000024,0.125000000024,0.124999999976,0.125000000024,0.124999999976,0.124999999976,0.124999999927
840,gr_D0_FULL_B_009,campaign_v2,D0,FULL,B,9,SUCCEED,SpinQuasarClient,1775118986,2026-04-02T10:36:26,2026-04-02T10:38:29,123,3,19,16,9,2,8,90.0000,f1bf13f2b79dbf0df457dc9cf11ecd09a53b6e91,0.121255528929,0.123083223378,0.0743721568762,0.103235193681,0.145538395253,0.103082208545,0.14964449928,0.179788794057,0.125000000073,0.125000000024,0.125000000024,0.124999999976,0.125000000024,0.124999999976,0.124999999976,0.124999999927
841,gr_D0_FULL_B_010,campaign_v2,D0,FULL,B,10,SUCCEED,SpinQuasarClient,1775119112,2026-04-02T10:38:32,2026-04-02T10:40:33,121,3,19,16,9,2,8,90.0000,f1bf13f2b79dbf0df457dc9cf11ecd09a53b6e91,0.133446414272,0.124711628895,0.0980564290945,0.0734021110932,0.146682420751,0.0900379519674,0.126248652741,0.207414391186,0.125000000073,0.125000000024,0.125000000024,0.124999999976,0.125000000024,0.124999999976,0.124999999976,0.124999999927
842,gr_D0_L0_A_011,campaign_v2,D0,L0,A,11,SUCCEED,SpinQuasarClient,1775119235,2026-04-02T10:40:35,2026-04-02T10:42:36,121,3,1,1,1,0,0,90.0000,f71f31738d690690ecb02fb3b039763410832d12,0.453106442167,0.0192472337615,0.0300271032381,0.00929479567046,0.414462340108,0.0370975786447,0.0296411546392,0.00712335177027,0.500000000097,0,0,0,0.499999999903,0,0,0
843,gr_D0_L0_A_012,campaign_v2,D0,L0,A,12,SUCCEED,SpinQuasarClient,1775119358,2026-04-02T10:42:38,2026-04-02T10:44:40,122,3,1,1,1,0,0,90.0000,f71f31738d690690ecb02fb3b039763410832d12,0.47618423156,0.00245694833051,0.0257034885296,0.00743517907621,0.44968811975,0.0092199531151,0.00865244993919,0.0206596296987,0.500000000097,0,0,0,0.499999999903,0,0,0
844,gr_D0_L0_A_013,campaign_v2,D0,L0,A,13,SUCCEED,SpinQuasarClient,1775119482,2026-04-02T10:44:42,2026-04-02T10:46:41,119,3,1,1,1,0,0,90.0000,f71f31738d690690ecb02fb3b039763410832d12,0.469229786288,0.00176994850624,0.0288934140933,0.00914901834222,0.451909768521,0.006474391155,0.0100067554525,0.0225669176418,0.500000000097,0,0,0,0.499999999903,0,0,0
845,gr_D0_L0_A_014,campaign_v2,D0,L0,A,14,SUCCEED,SpinQuasarClient,1775119603,2026-04-02T10:46:44,2026-04-02T10:48:42,118,3,1,1,1,0,0,90.0000,f71f31738d690690ecb02fb3b039763410832d12,0.44361166557,0.0461531645653,0.0315442150577,0.00996301728051,0.395708077642,0.0240051809464,0.0435071760144,0.005507502924,0.500000000097,0,0,0,0.499999999903,0,0,0
846,gr_D0_L0_A_015,campaign_v2,D0,L0,A,15,SUCCEED,SpinQuasarClient,1775119724,2026-04-02T10:48:44,2026-04-02T10:50:45,121,3,1,1,1,0,0,90.0000,f71f31738d690690ecb02fb3b039763410832d12,0.451171334346,0.0284046175189,0.0324042523648,0.0135983042883,0.412218868542,0.0309017606095,0.0215980054525,0.00970285687862,0.500000000097,0,0,0,0.499999999903,0,0,0
847,gr_D0_L01_A_011,campaign_v2,D0,L01,A,11,SUCCEED,SpinQuasarClient,1775119848,2026-04-02T10:50:48,2026-04-02T10:52:48,120,3,11,9,5,2,4,90.0000,37d8c6b659458b47183544d13accad3141bef815,0.167977958963,0.0283289796078,0.184131121037,0.0218709756667,0.303613183472,0.0199102078038,0.215350499767,0.0588170736829,0.250000000097,0,0.25,0,0.25,0,0.249999999903,0
848,gr_D0_L01_A_012,campaign_v2,D0,L01,A,12,SUCCEED,SpinQuasarClient,1775119971,2026-04-02T10:52:51,2026-04-02T10:54:52,121,3,11,9,5,2,4,90.0000,37d8c6b659458b47183544d13accad3141bef815,0.177133603444,0.0258287537657,0.171463795216,0.0341457013914,0.257809350849,0.0475462500683,0.233102815795,0.0529697294709,0.250000000097,0,0.25,0,0.25,0,0.249999999903,0
849,gr_D0_L01_A_013,campaign_v2,D0,L01,A,13,SUCCEED,SpinQuasarClient,1775120094,2026-04-02T10:54:54,2026-04-02T10:56:55,121,3,11,9,5,2,4,90.0000,37d8c6b659458b47183544d13accad3141bef815,0.18722432444,0.0255320001994,0.174410369822,0.0413511351482,0.269905417284,0.0388175642234,0.214369380346,0.0483898085366,0.250000000097,0,0.25,0,0.25,0,0.249999999903,0
850,gr_D0_L01_A_014,campaign_v2,D0,L01,A,14,SUCCEED,SpinQuasarClient,1775120218,2026-04-02T10:56:58,2026-04-02T10:59:01,123,3,11,9,5,2,4,90.0000,37d8c6b659458b47183544d13accad3141bef815,0.212935130749,0.0138754205987,0.144485444204,0.041059387873,0.266585612083,0.024986332105,0.245736707711,0.0503359646766,0.250000000097,0,0.25,0,0.25,0,0.249999999903,0
851,gr_D0_L01_A_015,campaign_v2,D0,L01,A,15,SUCCEED,SpinQuasarClient,1775120344,2026-04-02T10:59:04,2026-04-02T11:01:04,120,3,11,9,5,2,4,90.0000,37d8c6b659458b47183544d13accad3141bef815,0.185351335425,0.028856831779,0.177093183882,0.0297009335351,0.277551463214,0.0386718382717,0.216444247434,0.0463301664591,0.250000000097,0,0.25,0,0.25,0,0.249999999903,0
852,gr_D0_FULL_A_011,campaign_v2,D0,FULL,A,11,SUCCEED,SpinQuasarClient,1775120466,2026-04-02T11:01:06,2026-04-02T11:03:11,125,3,19,16,9,2,8,90.0000,6bb8260cc2058abb6774077958a2c61e44ad747b,0.203721087163,0.204416040681,0.101608635614,0.107765445299,0.105383851821,0.0352832519588,0.151549787914,0.0902718995493,0.125000000073,0.125000000024,0.125000000024,0.124999999976,0.125000000024,0.124999999976,0.124999999976,0.124999999927
853,gr_D0_FULL_A_012,campaign_v2,D0,FULL,A,12,SUCCEED,SpinQuasarClient,1775120593,2026-04-02T11:03:13,2026-04-02T11:05:17,124,3,19,16,9,2,8,90.0000,6bb8260cc2058abb6774077958a2c61e44ad747b,0.0930950350255,0.0867940054162,0.0813189140476,0.0491373643214,0.142372128962,0.0789962673013,0.239382543896,0.22890374103,0.125000000073,0.125000000024,0.125000000024,0.124999999976,0.125000000024,0.124999999976,0.124999999976,0.124999999927
854,gr_D0_FULL_A_013,campaign_v2,D0,FULL,A,13,SUCCEED,SpinQuasarClient,1775120719,2026-04-02T11:05:19,2026-04-02T11:07:23,124,3,19,16,9,2,8,90.0000,6bb8260cc2058abb6774077958a2c61e44ad747b,0.159125712065,0.140078736822,0.0936463400385,0.0521688327792,0.15373396706,0.103394229808,0.1675082007,0.130343980728,0.125000000073,0.125000000024,0.125000000024,0.124999999976,0.125000000024,0.124999999976,0.124999999976,0.124999999927
855,gr_D0_FULL_A_014,campaign_v2,D0,FULL,A,14,SUCCEED,SpinQuasarClient,1775120846,2026-04-02T11:07:26,2026-04-02T11:09:29,123,3,19,16,9,2,8,90.0000,6bb8260cc2058abb6774077958a2c61e44ad747b,0.209865580867,0.160728119701,0.135014234062,0.110418460087,0.10380197763,0.0407180757807,0.128444321773,0.111009230098,0.125000000073,0.125000000024,0.125000000024,0.124999999976,0.125000000024,0.124999999976,0.124999999976,0.124999999927
856,gr_D0_FULL_A_015,campaign_v2,D0,FULL,A,15,SUCCEED,SpinQuasarClient,1775120972,2026-04-02T11:09:32,2026-04-02T11:11:35,123,3,19,16,9,2,8,90.0000,6bb8260cc2058abb6774077958a2c61e44ad747b,0.127785052523,0.101738011119,0.100929303726,0.0348226726206,0.138683341338,0.0922184208195,0.193849235839,0.209973962015,0.125000000073,0.125000000024,0.125000000024,0.124999999976,0.125000000024,0.124999999976,0.124999999976,0.124999999927
857,gr_D0_FULL_B_011,campaign_v2,D0,FULL,B,11,SUCCEED,SpinQuasarClient,1775121097,2026-04-02T11:11:37,2026-04-02T11:13:41,124,3,19,16,9,2,8,90.0000,f1bf13f2b79dbf0df457dc9cf11ecd09a53b6e91,0.205170551779,0.152647240305,0.0508846571224,0.0424729705341,0.183165589785,0.137000383939,0.0993175286809,0.129341077855,0.125000000073,0.125000000024,0.125000000024,0.124999999976,0.125000000024,0.124999999976,0.124999999976,0.124999999927
858,gr_D0_FULL_B_012,campaign_v2,D0,FULL,B,12,SUCCEED,SpinQuasarClient,1775121224,2026-04-02T11:13:44,2026-04-02T11:15:48,124,3,19,16,9,2,8,90.0000,f1bf13f2b79dbf0df457dc9cf11ecd09a53b6e91,0.174524141968,0.140330591531,0.110381563019,0.148260817964,0.105523112797,0.0510719013839,0.0903298307313,0.179578040606,0.125000000073,0.125000000024,0.125000000024,0.124999999976,0.125000000024,0.124999999976,0.124999999976,0.124999999927
859,gr_D0_FULL_B_013,campaign_v2,D0,FULL,B,13,SUCCEED,SpinQuasarClient,1775121350,2026-04-02T11:15:50,2026-04-02T11:17:54,124,3,19,16,9,2,8,90.0000,f1bf13f2b79dbf0df457dc9cf11ecd09a53b6e91,0.123145701602,0.0980325091891,0.0854613886789,0.0832890452424,0.125982802405,0.0931393799287,0.183132759993,0.20781641296,0.125000000073,0.125000000024,0.125000000024,0.124999999976,0.125000000024,0.124999999976,0.124999999976,0.124999999927
860,gr_D0_FULL_B_014,campaign_v2,D0,FULL,B,14,SUCCEED,SpinQuasarClient,1775121476,2026-04-02T11:17:56,2026-04-02T11:20:00,124,3,19,16,9,2,8,90.0000,f1bf13f2b79dbf0df457dc9cf11ecd09a53b6e91,0.12184095837,0.117274224963,0.0825437204427,0.0966220131126,0.152995204334,0.080733733348,0.155495883721,0.192494261709,0.125000000073,0.125000000024,0.125000000024,0.124999999976,0.125000000024,0.124999999976,0.124999999976,0.124999999927
861,gr_D0_FULL_B_015,campaign_v2,D0,FULL,B,15,SUCCEED,SpinQuasarClient,1775121603,2026-04-02T11:20:03,2026-04-02T11:22:06,123,3,19,16,9,2,8,90.0000,f1bf13f2b79dbf0df457dc9cf11ecd09a53b6e91,0.11572094154,0.122571016582,0.0979372131866,0.0943427080068,0.127926809872,0.1039906052,0.143326939161,0.19418376645,0.125000000073,0.125000000024,0.125000000024,0.124999999976,0.125000000024,0.124999999976,0.124999999976,0.124999999927
862,gr_D0_L0_A_016,campaign_v2,D0,L0,A,16,SUCCEED,SpinQuasarClient,1775121728,2026-04-02T11:22:08,2026-04-02T11:24:09,121,3,1,1,1,0,0,90.0000,f71f31738d690690ecb02fb3b039763410832d12,0.486472987015,0.00837955975578,0.0326763329765,0.0107939084931,0.427632654738,0.0151172370257,0.0141861308199,0.00474118917618,0.500000000097,0,0,0,0.499999999903,0,0,0
863,gr_D0_L0_A_017,campaign_v2,D0,L0,A,17,SUCCEED,SpinQuasarClient,1775121851,2026-04-02T11:24:11,2026-04-02T11:26:13,122,3,1,1,1,0,0,90.0000,f71f31738d690690ecb02fb3b039763410832d12,0.422121443856,0.0341305947755,0.054967933109,0.00628626770335,0.412674931482,0.0260057138373,0.0339451415496,0.00986797368796,0.500000000097,0,0,0,0.499999999903,0,0,0
864,gr_D0_L0_A_018,campaign_v2,D0,L0,A,18,SUCCEED,SpinQuasarClient,1775121975,2026-04-02T11:26:15,2026-04-02T11:28:14,119,3,1,1,1,0,0,90.0000,f71f31738d690690ecb02fb3b039763410832d12,0.481695588601,0.0161665785384,0.0264396242141,0.00623452311799,0.430792115275,0.00729206935912,0.0203418192219,0.0110376816727,0.500000000097,0,0,0,0.499999999903,0,0,0
865,gr_D0_L0_A_019,campaign_v2,D0,L0,A,19,SUCCEED,SpinQuasarClient,1775122097,2026-04-02T11:28:17,2026-04-02T11:30:14,117,3,1,1,1,0,0,90.0000,f71f31738d690690ecb02fb3b039763410832d12,0.489410372481,0.00747439637651,0.0173959391975,0.00938493700647,0.444394485256,0.0129454237256,0.0102164211361,0.00877802482101,0.500000000097,0,0,0,0.499999999903,0,0,0
866,gr_D0_L0_A_020,campaign_v2,D0,L0,A,20,SUCCEED,SpinQuasarClient,1775122217,2026-04-02T11:30:17,2026-04-02T11:32:19,122,3,1,1,1,0,0,90.0000,f71f31738d690690ecb02fb3b039763410832d12,0.474818968328,0.00582110393471,0.0254337475929,0.00451320538118,0.451226075722,0.0124052706496,0.0129075808388,0.0128740475529,0.500000000097,0,0,0,0.499999999903,0,0,0
867,gr_D0_L01_A_016,campaign_v2,D0,L01,A,16,SUCCEED,SpinQuasarClient,1775122342,2026-04-02T11:32:22,2026-04-02T11:34:22,120,3,11,9,5,2,4,90.0000,37d8c6b659458b47183544d13accad3141bef815,0.182499579697,0.026789093972,0.184778870776,0.0335829122892,0.27100462476,0.0344875440395,0.215567503467,0.0512898709995,0.250000000097,0,0.25,0,0.25,0,0.249999999903,0
868,gr_D0_L01_A_017,campaign_v2,D0,L01,A,17,SUCCEED,SpinQuasarClient,1775122464,2026-04-02T11:34:24,2026-04-02T11:36:28,124,3,11,9,5,2,4,90.0000,37d8c6b659458b47183544d13accad3141bef815,0.187003237345,0.0263754142066,0.170272908346,0.039405283152,0.279325098961,0.0490788331715,0.218738142112,0.0298010827065,0.250000000097,0,0.25,0,0.25,0,0.249999999903,0
869,gr_D0_L01_A_018,campaign_v2,D0,L01,A,18,SUCCEED,SpinQuasarClient,1775122590,2026-04-02T11:36:30,2026-04-02T11:38:31,121,3,11,9,5,2,4,90.0000,37d8c6b659458b47183544d13accad3141bef815,0.216796797343,0.039277836977,0.142829444171,0.028899618962,0.24669954938,0.0252137482723,0.24737644106,0.0529065638346,0.250000000097,0,0.25,0,0.25,0,0.249999999903,0
870,gr_D0_L01_A_019,campaign_v2,D0,L01,A,19,SUCCEED,SpinQuasarClient,1775122714,2026-04-02T11:38:34,2026-04-02T11:40:33,119,3,11,9,5,2,4,90.0000,37d8c6b659458b47183544d13accad3141bef815,0.204022688631,0.00520001271468,0.14857737851,0.00765918622508,0.347653403454,0.0182242034094,0.206153366472,0.0625097605828,0.250000000097,0,0.25,0,0.25,0,0.249999999903,0
871,gr_D0_L01_A_020,campaign_v2,D0,L01,A,20,SUCCEED,SpinQuasarClient,1775122836,2026-04-02T11:40:36,2026-04-02T11:42:37,121,3,11,9,5,2,4,90.0000,37d8c6b659458b47183544d13accad3141bef815,0.211987768895,0.0168864553525,0.160450505717,0.0369796493957,0.270050481349,0.023772407746,0.226128414543,0.0537443170026,0.250000000097,0,0.25,0,0.25,0,0.249999999903,0
872,gr_D0_FULL_A_016,campaign_v2,D0,FULL,A,16,SUCCEED,SpinQuasarClient,1775122960,2026-04-02T11:42:40,2026-04-02T11:44:44,124,3,19,16,9,2,8,90.0000,6bb8260cc2058abb6774077958a2c61e44ad747b,0.196714597908,0.191258887989,0.107743858532,0.116455007289,0.11926049375,0.0549167579505,0.123850136226,0.0898002603562,0.125000000073,0.125000000024,0.125000000024,0.124999999976,0.125000000024,0.124999999976,0.124999999976,0.124999999927
873,gr_D0_FULL_A_017,campaign_v2,D0,FULL,A,17,SUCCEED,SpinQuasarClient,1775123087,2026-04-02T11:44:47,2026-04-02T11:46:50,123,3,19,16,9,2,8,90.0000,6bb8260cc2058abb6774077958a2c61e44ad747b,0.173265219988,0.143998693266,0.118293987843,0.106493700953,0.11436213972,0.0301448053973,0.184683777776,0.128757675056,0.125000000073,0.125000000024,0.125000000024,0.124999999976,0.125000000024,0.124999999976,0.124999999976,0.124999999927
874,gr_D0_FULL_A_018,campaign_v2,D0,FULL,A,18,SUCCEED,SpinQuasarClient,1775123212,2026-04-02T11:46:52,2026-04-02T11:48:56,124,3,19,16,9,2,8,90.0000,6bb8260cc2058abb6774077958a2c61e44ad747b,0.215304609956,0.175293138717,0.110921807708,0.101848651505,0.104966450508,0.0333927084765,0.14451949952,0.11375313361,0.125000000073,0.125000000024,0.125000000024,0.124999999976,0.125000000024,0.124999999976,0.124999999976,0.124999999927
875,gr_D0_FULL_A_019,campaign_v2,D0,FULL,A,19,SUCCEED,SpinQuasarClient,1775123338,2026-04-02T11:48:58,2026-04-02T11:51:02,124,3,19,16,9,2,8,90.0000,6bb8260cc2058abb6774077958a2c61e44ad747b,0.146500621583,0.177626897145,0.116407156951,0.0310338307303,0.132416091195,0.0869962642289,0.123306041034,0.185713097132,0.125000000073,0.125000000024,0.125000000024,0.124999999976,0.125000000024,0.124999999976,0.124999999976,0.124999999927
876,gr_D0_FULL_A_020,campaign_v2,D0,FULL,A,20,SUCCEED,SpinQuasarClient,1775123465,2026-04-02T11:51:05,2026-04-02T11:53:08,123,3,19,16,9,2,8,90.0000,6bb8260cc2058abb6774077958a2c61e44ad747b,0.213870736036,0.201296580705,0.118328902991,0.0976453125123,0.0835390434347,0.0335732017752,0.153255218111,0.0984910044352,0.125000000073,0.125000000024,0.125000000024,0.124999999976,0.125000000024,0.124999999976,0.124999999976,0.124999999927
877,gr_D0_FULL_B_016,campaign_v2,D0,FULL,B,16,SUCCEED,SpinQuasarClient,1775123591,2026-04-02T11:53:11,2026-04-02T11:55:12,121,3,19,16,9,2,8,90.0000,f1bf13f2b79dbf0df457dc9cf11ecd09a53b6e91,0.139170155804,0.104284731505,0.0773608444698,0.0820766006287,0.134724027814,0.107035413644,0.147027216141,0.208321009994,0.125000000073,0.125000000024,0.125000000024,0.124999999976,0.125000000024,0.124999999976,0.124999999976,0.124999999927
878,gr_D0_FULL_B_017,campaign_v2,D0,FULL,B,17,SUCCEED,SpinQuasarClient,1775123714,2026-04-02T11:55:14,2026-04-02T11:57:18,124,3,19,16,9,2,8,90.0000,f1bf13f2b79dbf0df457dc9cf11ecd09a53b6e91,0.179489475863,0.153748414513,0.129924371149,0.133629838417,0.0944046511967,0.0472572908917,0.120897676426,0.140648281543,0.125000000073,0.125000000024,0.125000000024,0.124999999976,0.125000000024,0.124999999976,0.124999999976,0.124999999927
879,gr_D0_FULL_B_018,campaign_v2,D0,FULL,B,18,SUCCEED,SpinQuasarClient,1775123840,2026-04-02T11:57:20,2026-04-02T11:59:24,124,3,19,16,9,2,8,90.0000,f1bf13f2b79dbf0df457dc9cf11ecd09a53b6e91,0.156420225974,0.100759848611,0.0864407671824,0.0833671909428,0.146038285671,0.0766699107845,0.132802213353,0.217501557482,0.125000000073,0.125000000024,0.125000000024,0.124999999976,0.125000000024,0.124999999976,0.124999999976,0.124999999927
880,gr_D0_FULL_B_019,campaign_v2,D0,FULL,B,19,SUCCEED,SpinQuasarClient,1775123967,2026-04-02T11:59:27,2026-04-02T12:01:27,120,3,19,16,9,2,8,90.0000,f1bf13f2b79dbf0df457dc9cf11ecd09a53b6e91,0.0969012355045,0.10018613486,0.0732608069715,0.0679316120115,0.155205884788,0.126166107453,0.167781061913,0.212567156499,0.125000000073,0.125000000024,0.125000000024,0.124999999976,0.125000000024,0.124999999976,0.124999999976,0.124999999927
881,gr_D0_FULL_B_020,campaign_v2,D0,FULL,B,20,SUCCEED,SpinQuasarClient,1775124089,2026-04-02T12:01:29,2026-04-02T12:03:33,124,3,19,16,9,2,8,90.0000,f1bf13f2b79dbf0df457dc9cf11ecd09a53b6e91,0.132593342865,0.125895728965,0.0792145692778,0.0962022318482,0.103821594397,0.122196083937,0.148967952862,0.191108495849,0.125000000073,0.125000000024,0.125000000024,0.124999999976,0.125000000024,0.124999999976,0.124999999976,0.124999999927
882,gr_D0_L0_A_021,campaign_v2,D0,L0,A,21,SUCCEED,SpinQuasarClient,1775124215,2026-04-02T12:03:35,2026-04-02T12:05:37,122,3,1,1,1,0,0,90.0000,f71f31738d690690ecb02fb3b039763410832d12,0.493701402601,0.0163235714733,0.0227279721638,0.00615361740503,0.423813031925,0.00427701621661,0.0191689971452,0.0138343910705,0.500000000097,0,0,0,0.499999999903,0,0,0
883,gr_D0_L0_A_022,campaign_v2,D0,L0,A,22,SUCCEED,SpinQuasarClient,1775124339,2026-04-02T12:05:39,2026-04-02T12:07:38,119,3,1,1,1,0,0,90.0000,f71f31738d690690ecb02fb3b039763410832d12,0.439142054255,0.0531193736212,0.0320097743262,0.00846732943674,0.401713174672,0.0251833700443,0.0284938443989,0.0118710792457,0.500000000097,0,0,0,0.499999999903,0,0,0
884,gr_D0_L0_A_023,campaign_v2,D0,L0,A,23,SUCCEED,SpinQuasarClient,1775124461,2026-04-02T12:07:41,2026-04-02T12:09:40,119,3,1,1,1,0,0,90.0000,f71f31738d690690ecb02fb3b039763410832d12,0.482229714656,0.00716472545514,0.0315236766655,0.0117232229221,0.432249117815,0.00505103004159,0.0120512201714,0.0180072922735,0.500000000097,0,0,0,0.499999999903,0,0,0
885,gr_D0_L0_A_024,campaign_v2,D0,L0,A,24,SUCCEED,SpinQuasarClient,1775124582,2026-04-02T12:09:42,2026-04-02T12:11:43,121,3,1,1,1,0,0,90.0000,f71f31738d690690ecb02fb3b039763410832d12,0.483812055295,0.0229735780833,0.0253276957334,0.00857283684063,0.421507908948,0.00756392546939,0.0202825249172,0.00995947471259,0.500000000097,0,0,0,0.499999999903,0,0,0
886,gr_D0_L0_A_025,campaign_v2,D0,L0,A,25,SUCCEED,SpinQuasarClient,1775124705,2026-04-02T12:11:45,2026-04-02T12:13:46,121,3,1,1,1,0,0,90.0000,f71f31738d690690ecb02fb3b039763410832d12,0.491804841342,0.00577531777862,0.024740886883,0.00902016058039,0.439056151303,0.000948685437306,0.0122728900521,0.0163810666236,0.500000000097,0,0,0,0.499999999903,0,0,0
887,gr_D0_L01_A_021,campaign_v2,D0,L01,A,21,SUCCEED,SpinQuasarClient,1775124829,2026-04-02T12:13:49,2026-04-02T12:15:49,120,3,11,9,5,2,4,90.0000,37d8c6b659458b47183544d13accad3141bef815,0.182667720363,0.0363460729233,0.159106305242,0.0308849682476,0.278947073698,0.0356660648906,0.240506352737,0.0358754418991,0.250000000097,0,0.25,0,0.25,0,0.249999999903,0
888,gr_D0_L01_A_022,campaign_v2,D0,L01,A,22,SUCCEED,SpinQuasarClient,1775124952,2026-04-02T12:15:52,2026-04-02T12:18:07,135,3,11,9,5,2,4,90.0000,37d8c6b659458b47183544d13accad3141bef815,0.199042859653,0.0145420025274,0.185310185161,0.0174558385678,0.272826437672,0.0207746167742,0.261093223447,0.0289548361981,0.250000000097,0,0.25,0,0.25,0,0.249999999903,0
889,gr_D0_L01_A_023,campaign_v2,D0,L01,A,23,SUCCEED,SpinQuasarClient,1775125090,2026-04-02T12:18:10,2026-04-02T12:20:10,120,3,11,9,5,2,4,90.0000,37d8c6b659458b47183544d13accad3141bef815,0.203694590569,0.0213807397385,0.19524240643,0.0305949531835,0.251200460064,0.0285571076749,0.230959532142,0.0383702101971,0.250000000097,0,0.25,0,0.25,0,0.249999999903,0
890,gr_D0_L01_A_024,campaign_v2,D0,L01,A,24,SUCCEED,SpinQuasarClient,1775125212,2026-04-02T12:20:13,2026-04-02T12:22:12,119,3,11,9,5,2,4,90.0000,37d8c6b659458b47183544d13accad3141bef815,0.171356354838,0.0267659146089,0.165180069823,0.0425229276963,0.285423536201,0.0371305899599,0.227366148432,0.0442544584427,0.250000000097,0,0.25,0,0.25,0,0.249999999903,0
891,gr_D0_L01_A_025,campaign_v2,D0,L01,A,25,SUCCEED,SpinQuasarClient,1775125334,2026-04-02T12:22:14,2026-04-02T12:24:14,120,3,11,9,5,2,4,90.0000,37d8c6b659458b47183544d13accad3141bef815,0.173320936898,0.0220749214079,0.175925558726,0.0331732991223,0.268690312721,0.0365096648447,0.212523198716,0.0777821075633,0.250000000097,0,0.25,0,0.25,0,0.249999999903,0
892,gr_D0_FULL_A_021,campaign_v2,D0,FULL,A,21,SUCCEED,SpinQuasarClient,1775125456,2026-04-02T12:24:16,2026-04-02T12:26:20,124,3,19,16,9,2,8,90.0000,6bb8260cc2058abb6774077958a2c61e44ad747b,0.187549492628,0.206386365614,0.100318171684,0.105747894251,0.126827766006,0.0517243321892,0.122702002211,0.0987439754168,0.125000000073,0.125000000024,0.125000000024,0.124999999976,0.125000000024,0.124999999976,0.124999999976,0.124999999927
893,gr_D0_FULL_A_022,campaign_v2,D0,FULL,A,22,SUCCEED,SpinQuasarClient,1775125583,2026-04-02T12:26:23,2026-04-02T12:28:26,123,3,19,16,9,2,8,90.0000,6bb8260cc2058abb6774077958a2c61e44ad747b,0.214996441701,0.187293237309,0.0967458221605,0.103056128424,0.122508737102,0.0515948841991,0.12817145674,0.0956332923636,0.125000000073,0.125000000024,0.125000000024,0.124999999976,0.125000000024,0.124999999976,0.124999999976,0.124999999927
894,gr_D0_FULL_A_023,campaign_v2,D0,FULL,A,23,SUCCEED,SpinQuasarClient,1775125709,2026-04-02T12:28:29,2026-04-02T12:30:32,123,3,19,16,9,2,8,90.0000,6bb8260cc2058abb6774077958a2c61e44ad747b,0.220644455133,0.161799332695,0.12075347933,0.0787098842061,0.133715357027,0.0576726055504,0.088537858614,0.138167027444,0.125000000073,0.125000000024,0.125000000024,0.124999999976,0.125000000024,0.124999999976,0.124999999976,0.124999999927
895,gr_D0_FULL_A_024,campaign_v2,D0,FULL,A,24,SUCCEED,SpinQuasarClient,1775125835,2026-04-02T12:30:35,2026-04-02T12:32:39,124,3,19,16,9,2,8,90.0000,6bb8260cc2058abb6774077958a2c61e44ad747b,0.128791697354,0.0681879530749,0.0901027284655,0.0231515384152,0.157222914365,0.160679874837,0.157342232138,0.21452106135,0.125000000073,0.125000000024,0.125000000024,0.124999999976,0.125000000024,0.124999999976,0.124999999976,0.124999999927
896,gr_D0_FULL_A_025,campaign_v2,D0,FULL,A,25,SUCCEED,SpinQuasarClient,1775125961,2026-04-02T12:32:41,2026-04-02T12:34:45,124,3,19,16,9,2,8,90.0000,6bb8260cc2058abb6774077958a2c61e44ad747b,0.125136552545,0.137796891466,0.0794558292563,0.029880380499,0.148471389989,0.11067655441,0.149724085621,0.218858316213,0.125000000073,0.125000000024,0.125000000024,0.124999999976,0.125000000024,0.124999999976,0.124999999976,0.124999999927
897,gr_D0_FULL_B_021,campaign_v2,D0,FULL,B,21,SUCCEED,SpinQuasarClient,1775126088,2026-04-02T12:34:48,2026-04-02T12:36:51,123,3,19,16,9,2,8,90.0000,f1bf13f2b79dbf0df457dc9cf11ecd09a53b6e91,0.0993995183548,0.125992144157,0.0756784313099,0.0798565322035,0.15457511554,0.114217374109,0.172562283031,0.177718601294,0.125000000073,0.125000000024,0.125000000024,0.124999999976,0.125000000024,0.124999999976,0.124999999976,0.124999999927
898,gr_D0_FULL_B_022,campaign_v2,D0,FULL,B,22,SUCCEED,SpinQuasarClient,1775126213,2026-04-02T12:36:53,2026-04-02T12:38:57,124,3,19,16,9,2,8,90.0000,f1bf13f2b79dbf0df457dc9cf11ecd09a53b6e91,0.097572419817,0.0887628157619,0.0686298858848,0.0615315455304,0.14184075633,0.161610433179,0.146113351218,0.233938792279,0.125000000073,0.125000000024,0.125000000024,0.124999999976,0.125000000024,0.124999999976,0.124999999976,0.124999999927
899,gr_D0_FULL_B_023,campaign_v2,D0,FULL,B,23,SUCCEED,SpinQuasarClient,1775126339,2026-04-02T12:38:59,2026-04-02T12:41:03,124,3,19,16,9,2,8,90.0000,f1bf13f2b79dbf0df457dc9cf11ecd09a53b6e91,0.0987479743769,0.114050645734,0.0639740647897,0.0597042116443,0.135571286306,0.138155193933,0.202836531251,0.186960091966,0.125000000073,0.125000000024,0.125000000024,0.124999999976,0.125000000024,0.124999999976,0.124999999976,0.124999999927
900,gr_D0_FULL_B_024,campaign_v2,D0,FULL,B,24,SUCCEED,SpinQuasarClient,1775126466,2026-04-02T12:41:06,2026-04-02T12:43:21,135,3,19,16,9,2,8,90.0000,f1bf13f2b79dbf0df457dc9cf11ecd09a53b6e91,0.0982272098425,0.109867003579,0.0578759808782,0.0507806063521,0.13433081879,0.110071783139,0.200760801652,0.238085795768,0.125000000073,0.125000000024,0.125000000024,0.124999999976,0.125000000024,0.124999999976,0.124999999976,0.124999999927
901,gr_D0_FULL_B_025,campaign_v2,D0,FULL,B,25,SUCCEED,SpinQuasarClient,1775126604,2026-04-02T12:43:24,2026-04-02T12:45:28,124,3,19,16,9,2,8,90.0000,f1bf13f2b79dbf0df457dc9cf11ecd09a53b6e91,0.136010109906,0.0957386815618,0.0957116536034,0.0710376991696,0.136536783729,0.106685100451,0.126221707742,0.232058263838,0.125000000073,0.125000000024,0.125000000024,0.124999999976,0.125000000024,0.124999999976,0.124999999976,0.124999999927
902,CX_DUMMY_r1,characterisation_entangling,,,,,SUCCEED,SpinQuasarClient,1776851258,2026-04-22T11:47:38,2026-04-22T11:49:29,111,3,24,24,0,0,24,,51f8acd3ccd6dde8b9b9baa5114d24924253b029,0.17567840943,0.153672786006,0.21434932717,0.114176707534,0.0553561523648,0.113204786066,0.126097895384,0.0474639360446,1,0,0,0,0,0,0,0
903,CX_DUMMY_r2,characterisation_entangling,,,,,SUCCEED,SpinQuasarClient,1776851374,2026-04-22T11:49:34,2026-04-22T11:51:35,121,3,24,24,0,0,24,,51f8acd3ccd6dde8b9b9baa5114d24924253b029,0.167495261868,0.07334350065,0.171803671995,0.0916311963293,0.148713653508,0.0760887853989,0.176132497201,0.0947914330506,1,0,0,0,0,0,0,0
904,CX_DUMMY_r3,characterisation_entangling,,,,,SUCCEED,SpinQuasarClient,1776851499,2026-04-22T11:51:39,2026-04-22T11:53:41,122,3,24,24,0,0,24,,51f8acd3ccd6dde8b9b9baa5114d24924253b029,0.154732488352,0.133779801878,0.153411337669,0.151613840795,0.0811611063133,0.101481034578,0.112550509163,0.111269881252,1,0,0,0,0,0,0,0
905,CX_DUMMY_r4,characterisation_entangling,,,,,SUCCEED,SpinQuasarClient,1776851625,2026-04-22T11:53:45,2026-04-22T11:55:47,122,3,24,24,0,0,24,,51f8acd3ccd6dde8b9b9baa5114d24924253b029,0.165269249353,0.126108808472,0.168730212546,0.111463435868,0.0813799583146,0.128153477199,0.12697385494,0.0919210033079,1,0,0,0,0,0,0,0
906,CX_DUMMY_r5,characterisation_entangling,,,,,SUCCEED,SpinQuasarClient,1776851752,2026-04-22T11:55:52,2026-04-22T11:57:53,121,3,24,24,0,0,24,,51f8acd3ccd6dde8b9b9baa5114d24924253b029,0.202268360018,0.129007896097,0.116910673273,0.0911598610467,0.0542190801485,0.12848656525,0.163551561116,0.114396003051,1,0,0,0,0,0,0,0
907,GR_FULL_A_r1,pilot_d1,D1,FULL,A,1,SUCCEED,SpinQuasarClient,1776853325,2026-04-22T12:22:05,2026-04-22T12:23:58,113,3,21,18,11,2,8,90.0000,de9f138c329ae438ef0dd7f5a5229e3d16e40d61,0.147927978756,0.149280980366,0.103440702298,0.134413086114,0.143800828362,0.036904594453,0.116092200409,0.168139629242,0.0499999968221,0.0999999171967,0.150000069279,0.2000000168,0.20000001684,0.150000069191,0.0999999171258,0.0499999967453
908,GR_FULL_A_r2,pilot_d1,D1,FULL,A,2,SUCCEED,SpinQuasarClient,1776853442,2026-04-22T12:24:02,2026-04-22T12:26:04,122,3,21,18,11,2,8,90.0000,de9f138c329ae438ef0dd7f5a5229e3d16e40d61,0.168153004325,0.189373861798,0.0973762809056,0.127336870675,0.0889362504229,0.0554524349626,0.111069407383,0.162301889527,0.0499999968221,0.0999999171967,0.150000069279,0.2000000168,0.20000001684,0.150000069191,0.0999999171258,0.0499999967453
909,GR_FULL_A_r3,pilot_d1,D1,FULL,A,3,SUCCEED,SpinQuasarClient,1776853568,2026-04-22T12:26:08,2026-04-22T12:28:10,122,3,21,18,11,2,8,90.0000,de9f138c329ae438ef0dd7f5a5229e3d16e40d61,0.103602869172,0.125253351422,0.210104921983,0.127486635091,0.117559622686,0.0971642749621,0.0649487259324,0.153879598752,0.0499999968221,0.0999999171967,0.150000069279,0.2000000168,0.20000001684,0.150000069191,0.0999999171258,0.0499999967453
910,GR_FULL_A_r4,pilot_d1,D1,FULL,A,4,SUCCEED,SpinQuasarClient,1776853695,2026-04-22T12:28:15,2026-04-22T12:30:16,121,3,21,18,11,2,8,90.0000,de9f138c329ae438ef0dd7f5a5229e3d16e40d61,0.1447951311,0.184415406063,0.0684291395949,0.186250232023,0.124380822178,0.0322091761239,0.0939152421469,0.165604850771,0.0499999968221,0.0999999171967,0.150000069279,0.2000000168,0.20000001684,0.150000069191,0.0999999171258,0.0499999967453
911,GR_FULL_A_r5,pilot_d1,D1,FULL,A,5,SUCCEED,SpinQuasarClient,1776853821,2026-04-22T12:30:21,2026-04-22T12:32:22,121,3,21,18,11,2,8,90.0000,de9f138c329ae438ef0dd7f5a5229e3d16e40d61,0.14907568416,0.111012169988,0.197052472074,0.10353486401,0.116399877594,0.0957092117908,0.0876406847786,0.139575035605,0.0499999968221,0.0999999171967,0.150000069279,0.2000000168,0.20000001684,0.150000069191,0.0999999171258,0.0499999967453
912,GR_FULL_B_r1,pilot_d1,D1,FULL,B,1,SUCCEED,SpinQuasarClient,1776853947,2026-04-22T12:32:27,2026-04-22T12:34:28,121,3,21,16,11,2,8,90.0000,2f9b4bc07785db7a436d9a6216ad827d53fac311,0.106398486059,0.160504892285,0.133243659931,0.195491723184,0.0947179155008,0.0836631560847,0.182528481174,0.043451685781,0.0499999968221,0.0999999171967,0.150000069279,0.2000000168,0.20000001684,0.150000069191,0.0999999171258,0.0499999967453
913,GR_FULL_B_r2,pilot_d1,D1,FULL,B,2,SUCCEED,SpinQuasarClient,1776854073,2026-04-22T12:34:33,2026-04-22T12:36:35,122,3,21,16,11,2,8,90.0000,2f9b4bc07785db7a436d9a6216ad827d53fac311,0.155365358139,0.218723906795,0.104436129919,0.085850656537,0.0666322592461,0.0464290944298,0.178926354566,0.143636240368,0.0499999968221,0.0999999171967,0.150000069279,0.2000000168,0.20000001684,0.150000069191,0.0999999171258,0.0499999967453
914,GR_FULL_B_r3,pilot_d1,D1,FULL,B,3,SUCCEED,SpinQuasarClient,1776854199,2026-04-22T12:36:39,2026-04-22T12:38:41,122,3,21,16,11,2,8,90.0000,2f9b4bc07785db7a436d9a6216ad827d53fac311,0.111700859889,0.144077833095,0.178770299399,0.125528798896,0.141773342141,0.0599487707343,0.135708316389,0.102491779457,0.0499999968221,0.0999999171967,0.150000069279,0.2000000168,0.20000001684,0.150000069191,0.0999999171258,0.0499999967453
915,GR_FULL_B_r4,pilot_d1,D1,FULL,B,4,SUCCEED,SpinQuasarClient,1776854325,2026-04-22T12:38:45,2026-04-22T12:40:47,122,3,21,16,11,2,8,90.0000,2f9b4bc07785db7a436d9a6216ad827d53fac311,0.124023700658,0.16974262154,0.176681061804,0.0746466445775,0.0784488895803,0.0683990970357,0.137406286112,0.170651698693,0.0499999968221,0.0999999171967,0.150000069279,0.2000000168,0.20000001684,0.150000069191,0.0999999171258,0.0499999967453
916,GR_FULL_B_r5,pilot_d1,D1,FULL,B,5,SUCCEED,SpinQuasarClient,1776854452,2026-04-22T12:40:52,2026-04-22T12:42:53,121,3,21,16,11,2,8,90.0000,2f9b4bc07785db7a436d9a6216ad827d53fac311,0.0612839151183,0.193965092203,0.204999965856,0.102194833002,0.167788673979,0.0623490491962,0.0986621794271,0.108756291218,0.0499999968221,0.0999999171967,0.150000069279,0.2000000168,0.20000001684,0.150000069191,0.0999999171258,0.0499999967453
917,GR_test_full_B_n1,pilot_gr,,,,,SUCCEED,SpinQuasarClient,1776854693,2026-04-22T12:44:53,2026-04-22T12:46:47,114,3,21,16,11,2,8,120.0000,363a8c510198155586016ac516e26e5baacba3c5,0.0593279198033,0.0164482533502,0.0385341929406,0.171501575526,0.0416163349792,0.242825989192,0.152158306954,0.277587427255,0.0156251558947,0.0468748441615,0.0781255134583,0.109374486598,0.140626067768,0.171874372563,0.203125990392,0.234373569165
918,CX_STRESS_q01_p00_20260427T221933Z_r1,characterisation_entangling,,,,,SUCCEED,SpinQuasarClient,1777328374,2026-04-28T00:19:34,2026-04-28T00:21:40,126,3,3,3,3,0,0,0.0000,4cd99291ce1fcf061e2ad8cb4fa5b88197d00cc8,0.681603562639,0.0452731931897,0.0430806305209,0.0308252327899,0.0595191617537,0.0573302531871,0.0565278449488,0.0258401209704,1,0,0,0,0,0,0,0
919,CX_STRESS_q01_p00_20260427T221933Z_r2,characterisation_entangling,,,,,SUCCEED,SpinQuasarClient,1777328505,2026-04-28T00:21:45,2026-04-28T00:23:42,117,3,3,3,3,0,0,0.0000,4cd99291ce1fcf061e2ad8cb4fa5b88197d00cc8,0.741142355696,0.0350677363104,0.0579727296939,0.0304044822913,0.0268370505778,0.0382111005023,0.0588179365488,0.0115466083797,1,0,0,0,0,0,0,0
920,CX_STRESS_q01_p00_20260427T221933Z_r3,characterisation_entangling,,,,,SUCCEED,SpinQuasarClient,1777328627,2026-04-28T00:23:47,2026-04-28T00:25:45,118,3,3,3,3,0,0,0.0000,4cd99291ce1fcf061e2ad8cb4fa5b88197d00cc8,0.690750434913,0.0380241507787,0.0389934947703,0.0390394071161,0.0543904084277,0.0529589478513,0.0447514895034,0.0410916666392,1,0,0,0,0,0,0,0
921,CX_STRESS_q01_p01_20260427T221933Z_r1,characterisation_entangling,,,,,SUCCEED,SpinQuasarClient,1777328749,2026-04-28T00:25:49,2026-04-28T00:27:49,120,3,4,4,2,0,2,,fab599a07a85a448dd53054531859c75147c2c2a,0.801683242642,0.0220640207135,0.0310427276576,0.0343147294715,0.0169645933669,0.0375545330348,0.037427562985,0.0189485901292,1,0,0,0,0,0,0,0
922,CX_STRESS_q01_p01_20260427T221933Z_r2,characterisation_entangling,,,,,SUCCEED,SpinQuasarClient,1777328873,2026-04-28T00:27:53,2026-04-28T00:29:52,119,3,4,4,2,0,2,,fab599a07a85a448dd53054531859c75147c2c2a,0.817653804325,0.0167165191767,0.0434297141143,0.0302632300171,0.0109863008104,0.0282761948942,0.0362102366569,0.016464000005,1,0,0,0,0,0,0,0
923,CX_STRESS_q01_p01_20260427T221933Z_r3,characterisation_entangling,,,,,SUCCEED,SpinQuasarClient,1777328997,2026-04-28T00:29:57,2026-04-28T00:31:54,117,3,4,4,2,0,2,,fab599a07a85a448dd53054531859c75147c2c2a,0.780224028873,0.0328066889507,0.0265366630012,0.0221575017624,0.0202372693411,0.0307532497373,0.0509543374452,0.0363302608892,1,0,0,0,0,0,0,0
924,CX_STRESS_q01_p02_20260427T221933Z_r1,characterisation_entangling,,,,,SUCCEED,SpinQuasarClient,1777329118,2026-04-28T00:31:58,2026-04-28T00:33:56,118,3,6,6,2,0,4,,dc3cb52be6aa72b2a0175a08992dc5962f6c4f6c,0.810263253862,0.0520589866413,0.0597937743729,0.0151294853362,0.00793810790787,0.0157777293015,0.0299755120998,0.00906315047824,1,0,0,0,0,0,0,0
925,CX_STRESS_q01_p02_20260427T221933Z_r2,characterisation_entangling,,,,,SUCCEED,SpinQuasarClient,1777329241,2026-04-28T00:34:01,2026-04-28T00:36:00,119,3,6,6,2,0,4,,dc3cb52be6aa72b2a0175a08992dc5962f6c4f6c,0.858868360494,0.0151237174057,0.0242273968252,0.0151543094912,0.0073997033459,0.0268093868876,0.0396071805274,0.0128099450233,1,0,0,0,0,0,0,0
926,CX_STRESS_q01_p02_20260427T221933Z_r3,characterisation_entangling,,,,,SUCCEED,SpinQuasarClient,1777329365,2026-04-28T00:36:05,2026-04-28T00:38:05,120,3,6,6,2,0,4,,dc3cb52be6aa72b2a0175a08992dc5962f6c4f6c,0.835488181081,0.0268669486192,0.0373760255594,0.0301737861883,0.0143160976588,0.0329713237674,0.0158483628943,0.00695927423156,1,0,0,0,0,0,0,0
927,CX_STRESS_q01_p03_20260427T221933Z_r1,characterisation_entangling,,,,,SUCCEED,SpinQuasarClient,1777329490,2026-04-28T00:38:10,2026-04-28T00:40:08,118,3,8,8,2,0,6,,5f5dcdae5b7d775775f6f668922040032f55b732,0.778974370972,0.0372018591891,0.0733472242302,0.0147101852545,0.0147909947925,0.026007438739,0.026300320481,0.0286676063414,1,0,0,0,0,0,0,0
928,CX_STRESS_q01_p03_20260427T221933Z_r2,characterisation_entangling,,,,,SUCCEED,SpinQuasarClient,1777329613,2026-04-28T00:40:13,2026-04-28T00:42:08,115,3,8,8,2,0,6,,5f5dcdae5b7d775775f6f668922040032f55b732,0.730026407097,0.0420276833612,0.0622851248721,0.0524536060267,0.0183192250858,0.0270992687851,0.0269909623062,0.0407977224655,1,0,0,0,0,0,0,0
929,CX_STRESS_q01_p03_20260427T221933Z_r3,characterisation_entangling,,,,,SUCCEED,SpinQuasarClient,1777329733,2026-04-28T00:42:13,2026-04-28T00:44:11,118,3,8,8,2,0,6,,5f5dcdae5b7d775775f6f668922040032f55b732,0.773458766287,0.0298152044067,0.0598581564514,0.0322082788049,0.014032109523,0.0190506388175,0.0480931834453,0.0234836622647,1,0,0,0,0,0,0,0
930,CX_STRESS_q01_p04_20260427T221933Z_r1,characterisation_entangling,,,,,SUCCEED,SpinQuasarClient,1777329856,2026-04-28T00:44:16,2026-04-28T00:46:18,122,3,10,10,2,0,8,,178548387576c8b709c1dfb1b0deaa130a0ee698,0.629370044287,0.0476692408318,0.11213919941,0.0806587613631,0.022453918363,0.0340181539067,0.0278206416117,0.0458700402272,1,0,0,0,0,0,0,0
931,CX_STRESS_q01_p04_20260427T221933Z_r2,characterisation_entangling,,,,,SUCCEED,SpinQuasarClient,1777329982,2026-04-28T00:46:22,2026-04-28T00:48:21,119,3,10,10,2,0,8,,178548387576c8b709c1dfb1b0deaa130a0ee698,0.595244850117,0.0973671175172,0.119717602768,0.0676790800802,0.0557033021365,0.0172894615114,0.0124228765064,0.0345757093633,1,0,0,0,0,0,0,0
932,CX_STRESS_q01_p04_20260427T221933Z_r3,characterisation_entangling,,,,,SUCCEED,SpinQuasarClient,1777330106,2026-04-28T00:48:26,2026-04-28T00:50:24,118,3,10,10,2,0,8,,178548387576c8b709c1dfb1b0deaa130a0ee698,0.642619795047,0.0246968101525,0.0969597306336,0.0910808428666,0.0454558314804,0.0552026316509,0.0294598507156,0.0145245074537,1,0,0,0,0,0,0,0
933,CX_STRESS_q01_p05_20260427T221933Z_r1,characterisation_entangling,,,,,SUCCEED,SpinQuasarClient,1777330229,2026-04-28T00:50:29,2026-04-28T00:52:27,118,3,12,12,2,0,10,,79d0f421eb4a400b571fea3893b385b202bdf417,0.567609725081,0.0734852814188,0.0971271933911,0.0989153932637,0.0551194521421,0.0518998447746,0.027563766095,0.0282793438337,1,0,0,0,0,0,0,0
934,CX_STRESS_q01_p05_20260427T221933Z_r2,characterisation_entangling,,,,,SUCCEED,SpinQuasarClient,1777330352,2026-04-28T00:52:32,2026-04-28T00:54:29,117,3,12,12,2,0,10,,79d0f421eb4a400b571fea3893b385b202bdf417,0.56432083273,0.0877736288603,0.127965965121,0.125822487484,0.0430437999663,0.00997434820264,0.0223151115454,0.0187838260908,1,0,0,0,0,0,0,0
935,CX_STRESS_q01_p05_20260427T221933Z_r3,characterisation_entangling,,,,,SUCCEED,SpinQuasarClient,1777330474,2026-04-28T00:54:34,2026-04-28T00:56:36,122,3,12,12,2,0,10,,79d0f421eb4a400b571fea3893b385b202bdf417,0.557751255089,0.0757828850753,0.0791683771914,0.161030329051,0.022715690827,0.0287973031653,0.0614384141208,0.0133157454804,1,0,0,0,0,0,0,0
936,CX_STRESS_q01_p06_20260427T221933Z_r1,characterisation_entangling,,,,,SUCCEED,SpinQuasarClient,1777330604,2026-04-28T00:56:44,2026-04-28T00:58:40,116,3,14,14,2,0,12,,03dfaf03d7d25a83d6167fd33fb622308c67b8bf,0.52614558472,0.0773078124188,0.108358758844,0.107841684239,0.0555971519938,0.0676301332872,0.036664892914,0.0204539815837,1,0,0,0,0,0,0,0
937,CX_STRESS_q01_p06_20260427T221933Z_r2,characterisation_entangling,,,,,SUCCEED,SpinQuasarClient,1777330724,2026-04-28T00:58:44,2026-04-28T01:00:46,122,3,14,14,2,0,12,,03dfaf03d7d25a83d6167fd33fb622308c67b8bf,0.511230835191,0.0867280606131,0.0867298939475,0.135522792171,0.0745547890305,0.0405322589322,0.0373244910352,0.0273768790796,1,0,0,0,0,0,0,0
938,CX_STRESS_q01_p06_20260427T221933Z_r3,characterisation_entangling,,,,,SUCCEED,SpinQuasarClient,1777330850,2026-04-28T01:00:50,2026-04-28T01:02:49,119,3,14,14,2,0,12,,03dfaf03d7d25a83d6167fd33fb622308c67b8bf,0.438460774384,0.148005769692,0.115859767204,0.106410428106,0.0865798611008,0.0349102083114,0.0344937469718,0.0352794442303,1,0,0,0,0,0,0,0
939,CX_STRESS_q01_p07_20260427T221933Z_r1,characterisation_entangling,,,,,SUCCEED,SpinQuasarClient,1777330973,2026-04-28T01:02:53,2026-04-28T01:04:55,122,3,16,16,2,0,14,,94cc64b1523f7f4a0e8579da7f61d536dbdd22be,0.401513264945,0.13253282789,0.119442911489,0.10644690468,0.0594000610355,0.0540962257161,0.0617608080476,0.0648069961973,1,0,0,0,0,0,0,0
940,CX_STRESS_q01_p07_20260427T221933Z_r2,characterisation_entangling,,,,,SUCCEED,SpinQuasarClient,1777331100,2026-04-28T01:05:00,2026-04-28T01:07:01,121,3,16,16,2,0,14,,94cc64b1523f7f4a0e8579da7f61d536dbdd22be,0.42318117346,0.11209188397,0.150506691809,0.0919632676628,0.0686982055229,0.0538782852683,0.0442115930828,0.0554688992245,1,0,0,0,0,0,0,0
941,CX_STRESS_q01_p07_20260427T221933Z_r3,characterisation_entangling,,,,,SUCCEED,SpinQuasarClient,1777331226,2026-04-28T01:07:06,2026-04-28T01:09:08,122,3,16,16,2,0,14,,94cc64b1523f7f4a0e8579da7f61d536dbdd22be,0.450537359198,0.149580167502,0.103461610226,0.0910905377854,0.0608146182727,0.0716233304033,0.0386110328313,0.0342813437809,1,0,0,0,0,0,0,0
942,CX_STRESS_q01_p08_20260427T221933Z_r1,characterisation_entangling,,,,,SUCCEED,SpinQuasarClient,1777331352,2026-04-28T01:09:12,2026-04-28T01:11:14,122,3,18,18,2,0,16,,da208a9b4a89d1e8e19adebe96a7a72a6f07f1d4,0.325001488757,0.145196262892,0.155741245334,0.0884305173499,0.107893187424,0.068308457507,0.0316018300991,0.0778270106369,1,0,0,0,0,0,0,0
943,CX_STRESS_q01_p08_20260427T221933Z_r2,characterisation_entangling,,,,,SUCCEED,SpinQuasarClient,1777331478,2026-04-28T01:11:18,2026-04-28T01:13:19,121,3,18,18,2,0,16,,da208a9b4a89d1e8e19adebe96a7a72a6f07f1d4,0.269785541951,0.184933438889,0.106054669533,0.13581351115,0.106922160031,0.0694487057553,0.0680157784596,0.0590261942318,1,0,0,0,0,0,0,0
944,CX_STRESS_q01_p08_20260427T221933Z_r3,characterisation_entangling,,,,,SUCCEED,SpinQuasarClient,1777331604,2026-04-28T01:13:24,2026-04-28T01:15:23,119,3,18,18,2,0,16,,da208a9b4a89d1e8e19adebe96a7a72a6f07f1d4,0.294065442033,0.172427586546,0.111991212169,0.152004104999,0.0933205600037,0.0735352541755,0.0675157335693,0.0351401065035,1,0,0,0,0,0,0,0
945,CX_STRESS_q01_p09_20260427T221933Z_r1,characterisation_entangling,,,,,SUCCEED,SpinQuasarClient,1777331728,2026-04-28T01:15:28,2026-04-28T01:17:29,121,3,20,20,2,0,18,,fb386d25214a1d876da77f0357fb0900bfd979a4,0.256425019197,0.202105083879,0.196027537809,0.0825981535723,0.0557272374095,0.0594057734554,0.117449797926,0.0302613967529,1,0,0,0,0,0,0,0
946,CX_STRESS_q01_p09_20260427T221933Z_r2,characterisation_entangling,,,,,SUCCEED,SpinQuasarClient,1777331854,2026-04-28T01:17:34,2026-04-28T01:19:35,121,3,20,20,2,0,18,,fb386d25214a1d876da77f0357fb0900bfd979a4,0.287288818101,0.220275533288,0.0858357547744,0.10968886714,0.096931709277,0.0686760441374,0.0546650693131,0.0766382039687,1,0,0,0,0,0,0,0
947,CX_STRESS_q01_p09_20260427T221933Z_r3,characterisation_entangling,,,,,SUCCEED,SpinQuasarClient,1777331980,2026-04-28T01:19:40,2026-04-28T01:21:41,121,3,20,20,2,0,18,,fb386d25214a1d876da77f0357fb0900bfd979a4,0.301389805492,0.197211222974,0.123530856954,0.127623866457,0.0422506030238,0.0714235833383,0.0892368462385,0.0473332155233,1,0,0,0,0,0,0,0
948,CX_STRESS_q01_p10_20260427T221933Z_r1,characterisation_entangling,,,,,SUCCEED,SpinQuasarClient,1777332106,2026-04-28T01:21:46,2026-04-28T01:23:48,122,3,22,22,2,0,20,,4e4fb0bf39358b542d0ac6160d2398fa11cfd6c1,0.234208106371,0.186847949517,0.176508248803,0.101362496411,0.0744603513089,0.0721742059073,0.0644594570088,0.0899791846735,1,0,0,0,0,0,0,0
949,CX_STRESS_q01_p10_20260427T221933Z_r2,characterisation_entangling,,,,,SUCCEED,SpinQuasarClient,1777332232,2026-04-28T01:23:52,2026-04-28T01:25:54,122,3,22,22,2,0,20,,4e4fb0bf39358b542d0ac6160d2398fa11cfd6c1,0.246119627031,0.193368370788,0.157590524954,0.135602350254,0.082025708566,0.0682951969808,0.0496254325874,0.0673727888384,1,0,0,0,0,0,0,0
950,CX_STRESS_q01_p10_20260427T221933Z_r3,characterisation_entangling,,,,,SUCCEED,SpinQuasarClient,1777332358,2026-04-28T01:25:58,2026-04-28T01:28:00,122,3,22,22,2,0,20,,4e4fb0bf39358b542d0ac6160d2398fa11cfd6c1,0.226793074166,0.209564941441,0.187874277227,0.115889328087,0.0704370602132,0.0582450364393,0.0833619167398,0.0478343656866,1,0,0,0,0,0,0,0
951,CX_STRESS_q12_p00_20260427T221933Z_r1,characterisation_entangling,,,,,SUCCEED,SpinQuasarClient,1777332484,2026-04-28T01:28:04,2026-04-28T01:30:01,117,3,3,3,3,0,0,0.0000,4cd99291ce1fcf061e2ad8cb4fa5b88197d00cc8,0.704331763884,0.0507631282835,0.0270311294815,0.028919995945,0.0693352533515,0.044774677969,0.0328053707252,0.0420386803604,1,0,0,0,0,0,0,0
952,CX_STRESS_q12_p00_20260427T221933Z_r2,characterisation_entangling,,,,,SUCCEED,SpinQuasarClient,1777332605,2026-04-28T01:30:05,2026-04-28T01:32:04,119,3,3,3,3,0,0,0.0000,4cd99291ce1fcf061e2ad8cb4fa5b88197d00cc8,0.747955564392,0.0422741763438,0.0453898253554,0.028269360125,0.0539432611627,0.0437463046424,0.0268357896187,0.0115857183604,1,0,0,0,0,0,0,0
953,CX_STRESS_q12_p00_20260427T221933Z_r3,characterisation_entangling,,,,,SUCCEED,SpinQuasarClient,1777332729,2026-04-28T01:32:09,2026-04-28T01:34:06,117,3,3,3,3,0,0,0.0000,4cd99291ce1fcf061e2ad8cb4fa5b88197d00cc8,0.727173773807,0.0313111883429,0.0574593088975,0.0527803642956,0.0531276065224,0.0360205055983,0.0218142581867,0.0203129943496,1,0,0,0,0,0,0,0
954,CX_STRESS_q12_p01_20260427T221933Z_r1,characterisation_entangling,,,,,SUCCEED,SpinQuasarClient,1777332851,2026-04-28T01:34:11,2026-04-28T01:36:10,119,3,4,2,2,0,2,0.0573,6b0fe4c43a8e6ed56649a91b3eabec93f9ef64f1,0.789482459053,0.0293760980595,0.0515095898879,0.0156914654955,0.0529314666559,0.0192044447718,0.0179703701135,0.0238341059632,1,0,0,0,0,0,0,0
955,CX_STRESS_q12_p01_20260427T221933Z_r2,characterisation_entangling,,,,,SUCCEED,SpinQuasarClient,1777332975,2026-04-28T01:36:15,2026-04-28T01:38:10,115,3,4,2,2,0,2,0.0573,6b0fe4c43a8e6ed56649a91b3eabec93f9ef64f1,0.744044657025,0.0317052883769,0.0342507737833,0.0407508161955,0.055546882432,0.0245328179565,0.0399334677,0.029235296531,1,0,0,0,0,0,0,0
956,CX_STRESS_q12_p01_20260427T221933Z_r3,characterisation_entangling,,,,,SUCCEED,SpinQuasarClient,1777333095,2026-04-28T01:38:15,2026-04-28T01:40:13,118,3,4,2,2,0,2,0.0573,6b0fe4c43a8e6ed56649a91b3eabec93f9ef64f1,0.796977586981,0.0194166437826,0.0436904521513,0.0308984367376,0.0398157433908,0.0164934881139,0.0310378528005,0.0216697960426,1,0,0,0,0,0,0,0
957,CX_STRESS_q12_p02_20260427T221933Z_r1,characterisation_entangling,,,,,SUCCEED,SpinQuasarClient,1777333218,2026-04-28T01:40:18,2026-04-28T01:42:14,116,3,6,4,2,0,4,0.0573,cb68a5904de849ec8e010554a1daa2e8a57ece4f,0.672592104915,0.0664971704395,0.0876684654072,0.0277128052974,0.0485967817699,0.046090703727,0.0150493475137,0.0357926209305,1,0,0,0,0,0,0,0
958,CX_STRESS_q12_p02_20260427T221933Z_r2,characterisation_entangling,,,,,SUCCEED,SpinQuasarClient,1777333339,2026-04-28T01:42:19,2026-04-28T01:44:17,118,3,6,4,2,0,4,0.0573,cb68a5904de849ec8e010554a1daa2e8a57ece4f,0.662656840813,0.0854433268484,0.085368948963,0.0482986870812,0.0586653235284,0.0240684784062,0.016071056229,0.0194273381305,1,0,0,0,0,0,0,0
959,CX_STRESS_q12_p02_20260427T221933Z_r3,characterisation_entangling,,,,,SUCCEED,SpinQuasarClient,1777333461,2026-04-28T01:44:21,2026-04-28T01:46:20,119,3,6,4,2,0,4,0.0573,cb68a5904de849ec8e010554a1daa2e8a57ece4f,0.66771024703,0.0682232077483,0.0559676672452,0.0744848032171,0.0389079299401,0.0542665295864,0.0234014567314,0.0170381585012,1,0,0,0,0,0,0,0
960,CX_STRESS_q12_p03_20260427T221933Z_r1,characterisation_entangling,,,,,SUCCEED,SpinQuasarClient,1777333585,2026-04-28T01:46:25,2026-04-28T01:48:26,121,3,8,6,2,0,6,0.0573,6e5fa76746df32bb1fb806f547529fa51bc8e6c9,0.561037225446,0.0776792747531,0.0697981933644,0.0869306305651,0.0294436004575,0.0785573451823,0.0524075525405,0.0441461776908,1,0,0,0,0,0,0,0
961,CX_STRESS_q12_p03_20260427T221933Z_r2,characterisation_entangling,,,,,SUCCEED,SpinQuasarClient,1777333710,2026-04-28T01:48:30,2026-04-28T01:50:29,119,3,8,6,2,0,6,0.0573,6e5fa76746df32bb1fb806f547529fa51bc8e6c9,0.552108177429,0.11118539504,0.083116498523,0.0597194952434,0.0600836834186,0.076066673258,0.0246650278444,0.0330550492436,1,0,0,0,0,0,0,0
962,CX_STRESS_q12_p03_20260427T221933Z_r3,characterisation_entangling,,,,,SUCCEED,SpinQuasarClient,1777333834,2026-04-28T01:50:34,2026-04-28T01:52:33,119,3,8,6,2,0,6,0.0573,6e5fa76746df32bb1fb806f547529fa51bc8e6c9,0.540048033199,0.121889823646,0.0844999748605,0.0376528250765,0.0819764544612,0.0817391135684,0.0315356727764,0.0206581024125,1,0,0,0,0,0,0,0
963,CX_STRESS_q12_p04_20260427T221933Z_r1,characterisation_entangling,,,,,SUCCEED,SpinQuasarClient,1777333957,2026-04-28T01:52:37,2026-04-28T01:54:39,122,3,10,8,2,0,8,0.0573,a9929cb0ee35924730014058e8e44863e6d2b0d0,0.439680989253,0.0661436445375,0.0659015309344,0.0535596288111,0.101748062707,0.140872018292,0.0760411351066,0.0560529903587,1,0,0,0,0,0,0,0
964,CX_STRESS_q12_p04_20260427T221933Z_r2,characterisation_entangling,,,,,SUCCEED,SpinQuasarClient,1777334083,2026-04-28T01:54:43,2026-04-28T01:56:42,119,3,10,8,2,0,8,0.0573,a9929cb0ee35924730014058e8e44863e6d2b0d0,0.507037197559,0.0618159508067,0.0731167017853,0.0653766914191,0.0959463091973,0.117203645567,0.0318048160206,0.0476986876456,1,0,0,0,0,0,0,0
965,CX_STRESS_q12_p04_20260427T221933Z_r3,characterisation_entangling,,,,,SUCCEED,SpinQuasarClient,1777334206,2026-04-28T01:56:46,2026-04-28T01:58:48,122,3,10,8,2,0,8,0.0573,a9929cb0ee35924730014058e8e44863e6d2b0d0,0.469394148185,0.0576699209722,0.105615074475,0.0792687022209,0.0568716387065,0.0732163755968,0.0716055707372,0.0863585691064,1,0,0,0,0,0,0,0
966,CX_STRESS_q12_p05_20260427T221933Z_r1,characterisation_entangling,,,,,SUCCEED,SpinQuasarClient,1777334333,2026-04-28T01:58:53,2026-04-28T02:00:51,118,3,12,10,2,0,10,0.0573,ca8888da71434227de3dcca5063c555b7305a10c,0.418226057569,0.0199615421349,0.0574811757481,0.0911377113086,0.0971116397794,0.111601336123,0.0556475957623,0.148832941574,1,0,0,0,0,0,0,0
967,CX_STRESS_q12_p05_20260427T221933Z_r2,characterisation_entangling,,,,,SUCCEED,SpinQuasarClient,1777334456,2026-04-28T02:00:56,2026-04-28T02:02:57,121,3,12,10,2,0,10,0.0573,ca8888da71434227de3dcca5063c555b7305a10c,0.454793718777,0.0384329711188,0.0957424604649,0.119935175373,0.0496086258129,0.0813981925609,0.0567986593826,0.10329019651,1,0,0,0,0,0,0,0
968,CX_STRESS_q12_p05_20260427T221933Z_r3,characterisation_entangling,,,,,SUCCEED,SpinQuasarClient,1777334582,2026-04-28T02:03:02,2026-04-28T02:05:03,121,3,12,10,2,0,10,0.0573,ca8888da71434227de3dcca5063c555b7305a10c,0.432679785084,0.0316171922099,0.048087378575,0.0576659802711,0.0467061341079,0.12800340082,0.0629638165359,0.192276312397,1,0,0,0,0,0,0,0
969,CX_STRESS_q12_p06_20260427T221933Z_r1,characterisation_entangling,,,,,SUCCEED,SpinQuasarClient,1777334708,2026-04-28T02:05:08,2026-04-28T02:07:09,121,3,14,12,2,0,12,0.0573,9a404a4859130add5e33213e536a13d9419c1b2b,0.154423381444,0.162291330504,0.0918102675229,0.0487428369955,0.126664970384,0.126221380068,0.126622907415,0.163222925666,1,0,0,0,0,0,0,0
970,CX_STRESS_q12_p06_20260427T221933Z_r2,characterisation_entangling,,,,,SUCCEED,SpinQuasarClient,1777334834,2026-04-28T02:07:14,2026-04-28T02:09:16,122,3,14,12,2,0,12,0.0573,9a404a4859130add5e33213e536a13d9419c1b2b,0.362818111407,0.0512612079463,0.0390060951091,0.105785343344,0.167779198679,0.0776145349694,0.0758234976618,0.119912010883,1,0,0,0,0,0,0,0
971,CX_STRESS_q12_p06_20260427T221933Z_r3,characterisation_entangling,,,,,SUCCEED,SpinQuasarClient,1777334960,2026-04-28T02:09:20,2026-04-28T02:11:22,122,3,14,12,2,0,12,0.0573,9a404a4859130add5e33213e536a13d9419c1b2b,0.274224158743,0.0930071772898,0.0640061059346,0.0386895772566,0.0653420934782,0.218392537677,0.090694038637,0.155644310984,1,0,0,0,0,0,0,0
972,CX_STRESS_q12_p07_20260427T221933Z_r1,characterisation_entangling,,,,,SUCCEED,SpinQuasarClient,1777335086,2026-04-28T02:11:26,2026-04-28T02:13:28,122,3,16,14,2,0,14,0.0573,3437c61db9f7653dea6613ce3040054ac3737916,0.299567786442,0.0458003583937,0.0334695350834,0.0830577563646,0.194557982252,0.0952322981444,0.077482392165,0.170831891155,1,0,0,0,0,0,0,0
973,CX_STRESS_q12_p07_20260427T221933Z_r2,characterisation_entangling,,,,,SUCCEED,SpinQuasarClient,1777335213,2026-04-28T02:13:33,2026-04-28T02:15:34,121,3,16,14,2,0,14,0.0573,3437c61db9f7653dea6613ce3040054ac3737916,0.341375984964,0.116033215573,0.0511678320623,0.135039181666,0.130209318891,0.12834149367,0.0474135902085,0.0504193829649,1,0,0,0,0,0,0,0
974,CX_STRESS_q12_p07_20260427T221933Z_r3,characterisation_entangling,,,,,SUCCEED,SpinQuasarClient,1777335339,2026-04-28T02:15:39,2026-04-28T02:17:40,121,3,16,14,2,0,14,0.0573,3437c61db9f7653dea6613ce3040054ac3737916,0.34147351184,0.0932793633759,0.0453275524884,0.122885930194,0.105631766602,0.0965904140944,0.0828211704101,0.111990290995,1,0,0,0,0,0,0,0
975,CX_STRESS_q12_p08_20260427T221933Z_r1,characterisation_entangling,,,,,SUCCEED,SpinQuasarClient,1777335465,2026-04-28T02:17:45,2026-04-28T02:19:47,122,3,18,16,2,0,16,0.0573,b1a66475bd6991983235f76a9f76110b90148738,0.356840912884,0.128454717636,0.024624632958,0.0809827612908,0.145018248005,0.102784594834,0.0480048445824,0.113289287809,1,0,0,0,0,0,0,0
976,CX_STRESS_q12_p08_20260427T221933Z_r2,characterisation_entangling,,,,,SUCCEED,SpinQuasarClient,1777335591,2026-04-28T02:19:51,2026-04-28T02:21:53,122,3,18,16,2,0,16,0.0573,b1a66475bd6991983235f76a9f76110b90148738,0.326140213307,0.134174179955,0.0367423416507,0.0778928376861,0.219588296718,0.0642933880882,0.0296644356995,0.111504306896,1,0,0,0,0,0,0,0
977,CX_STRESS_q12_p08_20260427T221933Z_r3,characterisation_entangling,,,,,SUCCEED,SpinQuasarClient,1777335717,2026-04-28T02:21:57,2026-04-28T02:23:59,122,3,18,16,2,0,16,0.0573,b1a66475bd6991983235f76a9f76110b90148738,0.371018820902,0.117757557983,0.0224446628983,0.0758790935989,0.21130987297,0.0632629453622,0.0438425869507,0.0944844593347,1,0,0,0,0,0,0,0
978,CX_STRESS_q12_p09_20260427T221933Z_r1,characterisation_entangling,,,,,SUCCEED,SpinQuasarClient,1777335843,2026-04-28T02:24:03,2026-04-28T02:26:05,122,3,20,18,2,0,18,0.0573,b721f5035595187a7710d851d240e04b6a36b18e,0.213625567262,0.199850507576,0.0469411636476,0.0935962695239,0.232505795164,0.0904039804412,0.0892676256636,0.0338090907215,1,0,0,0,0,0,0,0
979,CX_STRESS_q12_p09_20260427T221933Z_r2,characterisation_entangling,,,,,SUCCEED,SpinQuasarClient,1777335969,2026-04-28T02:26:10,2026-04-28T02:28:11,121,3,20,18,2,0,18,0.0573,b721f5035595187a7710d851d240e04b6a36b18e,0.23744553791,0.143904867314,0.0608094986335,0.0875055668725,0.244479395124,0.102216955726,0.029744855229,0.0938933231916,1,0,0,0,0,0,0,0
980,CX_STRESS_q12_p09_20260427T221933Z_r3,characterisation_entangling,,,,,SUCCEED,SpinQuasarClient,1777336096,2026-04-28T02:28:16,2026-04-28T02:30:18,122,3,20,18,2,0,18,0.0573,b721f5035595187a7710d851d240e04b6a36b18e,0.24927596801,0.212498689375,0.0395357762875,0.0393109357877,0.253010391795,0.141388533902,0.0305745340374,0.0344051708052,1,0,0,0,0,0,0,0
981,CX_STRESS_q12_p10_20260427T221933Z_r1,characterisation_entangling,,,,,SUCCEED,SpinQuasarClient,1777336222,2026-04-28T02:30:22,2026-04-28T02:32:24,122,3,22,20,2,0,20,0.0573,837047995f3b50000bdabee12f205ebbef39b239,0.150171412857,0.274941022535,0.0145794353946,0.0781966728332,0.200551850013,0.215680219615,0.033202876975,0.0326765097786,1,0,0,0,0,0,0,0
982,CX_STRESS_q12_p10_20260427T221933Z_r2,characterisation_entangling,,,,,SUCCEED,SpinQuasarClient,1777336349,2026-04-28T02:32:29,2026-04-28T02:34:30,121,3,22,20,2,0,20,0.0573,837047995f3b50000bdabee12f205ebbef39b239,0.190207237975,0.201403884473,0.0528665022051,0.055657126803,0.184089066271,0.203160652146,0.0572575815536,0.055357948572,1,0,0,0,0,0,0,0
983,CX_STRESS_q12_p10_20260427T221933Z_r3,characterisation_entangling,,,,,SUCCEED,SpinQuasarClient,1777336475,2026-04-28T02:34:35,2026-04-28T02:36:36,121,3,22,20,2,0,20,0.0573,837047995f3b50000bdabee12f205ebbef39b239,0.178848307829,0.170452099846,0.0753830746981,0.0757083125299,0.162321766501,0.187826526995,0.0748560552258,0.0746038563751,1,0,0,0,0,0,0,0
984,CX_STRESS_alt_p00_20260427T221933Z_r1,characterisation_entangling,,,,,SUCCEED,SpinQuasarClient,1777336601,2026-04-28T02:36:41,2026-04-28T02:38:39,118,3,3,3,3,0,0,0.0000,4cd99291ce1fcf061e2ad8cb4fa5b88197d00cc8,0.720842792705,0.0212441378909,0.0672276559791,0.025489220558,0.0312301741794,0.0344176609768,0.0720958894325,0.0274524682778,1,0,0,0,0,0,0,0
985,CX_STRESS_alt_p00_20260427T221933Z_r2,characterisation_entangling,,,,,SUCCEED,SpinQuasarClient,1777336723,2026-04-28T02:38:43,2026-04-28T02:40:43,120,3,3,3,3,0,0,0.0000,4cd99291ce1fcf061e2ad8cb4fa5b88197d00cc8,0.708438420552,0.0346455090007,0.0609254976516,0.0468936633779,0.0326020635791,0.0230623553702,0.048501850192,0.0449306402769,1,0,0,0,0,0,0,0
986,CX_STRESS_alt_p00_20260427T221933Z_r3,characterisation_entangling,,,,,SUCCEED,SpinQuasarClient,1777336847,2026-04-28T02:40:47,2026-04-28T02:42:44,117,3,3,3,3,0,0,0.0000,4cd99291ce1fcf061e2ad8cb4fa5b88197d00cc8,0.723455971167,0.0640434752092,0.0550955528456,0.0225104233269,0.0369709785997,0.0238901449147,0.0518340875672,0.0221993663702,1,0,0,0,0,0,0,0
987,CX_STRESS_alt_p01_20260427T221933Z_r1,characterisation_entangling,,,,,SUCCEED,SpinQuasarClient,1777336968,2026-04-28T02:42:48,2026-04-28T02:44:46,118,3,6,4,2,0,4,,6561dfccd2d1b045c6c37df1f35f65cb41df04e8,0.691951223708,0.0432916791548,0.0773636815696,0.0438333524317,0.0293505726758,0.0359325533416,0.033721477843,0.044555459275,1,0,0,0,0,0,0,0
988,CX_STRESS_alt_p01_20260427T221933Z_r2,characterisation_entangling,,,,,SUCCEED,SpinQuasarClient,1777337090,2026-04-28T02:44:50,2026-04-28T02:46:46,116,3,6,4,2,0,4,,6561dfccd2d1b045c6c37df1f35f65cb41df04e8,0.644675446037,0.0563459980059,0.139154901911,0.0386516412044,0.0605638571158,0.00472152295614,0.0224985696736,0.0333880630959,1,0,0,0,0,0,0,0
989,CX_STRESS_alt_p01_20260427T221933Z_r3,characterisation_entangling,,,,,SUCCEED,SpinQuasarClient,1777337210,2026-04-28T02:46:50,2026-04-28T02:48:49,119,3,6,4,2,0,4,,6561dfccd2d1b045c6c37df1f35f65cb41df04e8,0.760137150012,0.0267724986956,0.0554537332596,0.0532661443465,0.0293782475706,0.0184616397678,0.0296278277195,0.026902758629,1,0,0,0,0,0,0,0
990,CX_STRESS_alt_p02_20260427T221933Z_r1,characterisation_entangling,,,,,SUCCEED,SpinQuasarClient,1777337333,2026-04-28T02:48:53,2026-04-28T02:50:55,122,3,10,8,2,0,8,,f9e62cf6c65e844e34502698359cc4d537b400a6,0.515769856253,0.0769686644222,0.113653525717,0.0858925483162,0.0549308253085,0.0372552439275,0.0643446192779,0.0511847167778,1,0,0,0,0,0,0,0
991,CX_STRESS_alt_p02_20260427T221933Z_r2,characterisation_entangling,,,,,SUCCEED,SpinQuasarClient,1777337459,2026-04-28T02:51:00,2026-04-28T02:52:59,119,3,10,8,2,0,8,,f9e62cf6c65e844e34502698359cc4d537b400a6,0.532193919609,0.0905932955026,0.157005213574,0.103306033485,0.0333364040787,0.0155765417733,0.0475668744761,0.0204217175015,1,0,0,0,0,0,0,0
992,CX_STRESS_alt_p02_20260427T221933Z_r3,characterisation_entangling,,,,,SUCCEED,SpinQuasarClient,1777337584,2026-04-28T02:53:04,2026-04-28T02:55:05,121,3,10,8,2,0,8,,f9e62cf6c65e844e34502698359cc4d537b400a6,0.597889902235,0.0748878019931,0.119155874172,0.0554513907317,0.0370780237173,0.0147531237987,0.074635116645,0.0261487667066,1,0,0,0,0,0,0,0
993,CX_STRESS_alt_p03_20260427T221933Z_r1,characterisation_entangling,,,,,SUCCEED,SpinQuasarClient,1777337709,2026-04-28T02:55:09,2026-04-28T02:57:08,119,3,14,12,2,0,12,,4bd25280094f86850f56b87a77ef433091b22e4d,0.304108368725,0.194254526399,0.105691347331,0.118740213157,0.0422807851373,0.121123875622,0.0408603302982,0.0729405533313,1,0,0,0,0,0,0,0
994,CX_STRESS_alt_p03_20260427T221933Z_r2,characterisation_entangling,,,,,SUCCEED,SpinQuasarClient,1777337833,2026-04-28T02:57:13,2026-04-28T02:59:14,121,3,14,12,2,0,12,,4bd25280094f86850f56b87a77ef433091b22e4d,0.332923333663,0.189387539254,0.133569955718,0.141001532764,0.0320194017186,0.059376006809,0.0455812458513,0.0661409842212,1,0,0,0,0,0,0,0
995,CX_STRESS_alt_p03_20260427T221933Z_r3,characterisation_entangling,,,,,SUCCEED,SpinQuasarClient,1777337959,2026-04-28T02:59:19,2026-04-28T03:01:17,118,3,14,12,2,0,12,,4bd25280094f86850f56b87a77ef433091b22e4d,0.353458602721,0.158147819916,0.124823491739,0.0627197082266,0.0800524199873,0.0658797308795,0.110163843547,0.044754382984,1,0,0,0,0,0,0,0
996,CX_STRESS_alt_p04_20260427T221933Z_r1,characterisation_entangling,,,,,SUCCEED,SpinQuasarClient,1777338082,2026-04-28T03:01:22,2026-04-28T03:03:24,122,3,18,16,2,0,16,,83fdaac322e2b564ca24b1d9afa54b904e74627c,0.201036196511,0.195489112369,0.132399671085,0.114399875242,0.0822805289443,0.0999960249266,0.0838889474042,0.0905096435182,1,0,0,0,0,0,0,0
997,CX_STRESS_alt_p04_20260427T221933Z_r2,characterisation_entangling,,,,,SUCCEED,SpinQuasarClient,1777338208,2026-04-28T03:03:28,2026-04-28T03:05:30,122,3,18,16,2,0,16,,83fdaac322e2b564ca24b1d9afa54b904e74627c,0.184345551147,0.172873655314,0.266065698952,0.0354838808437,0.055989339693,0.1411271823,0.0817718034116,0.0623428883383,1,0,0,0,0,0,0,0
998,CX_STRESS_alt_p04_20260427T221933Z_r3,characterisation_entangling,,,,,SUCCEED,SpinQuasarClient,1777338334,2026-04-28T03:05:34,2026-04-28T03:07:36,122,3,18,16,2,0,16,,83fdaac322e2b564ca24b1d9afa54b904e74627c,0.229338825961,0.134008268953,0.166529418722,0.140514404158,0.151682112629,0.069491318118,0.0287632676239,0.0796723838352,1,0,0,0,0,0,0,0
999,CX_STRESS_alt_p05_20260427T221933Z_r1,characterisation_entangling,,,,,SUCCEED,SpinQuasarClient,1777338460,2026-04-28T03:07:40,2026-04-28T03:09:42,122,3,22,20,2,0,20,,8a3aa41bda6df21ff4602098e7bfea1517737ca3,0.237064452829,0.124479977561,0.186284291492,0.11411263088,0.0900225610546,0.0797916156622,0.122245865675,0.045998604846,1,0,0,0,0,0,0,0
1000,CX_STRESS_alt_p05_20260427T221933Z_r2,characterisation_entangling,,,,,SUCCEED,SpinQuasarClient,1777338586,2026-04-28T03:09:46,2026-04-28T03:11:48,122,3,22,20,2,0,20,,8a3aa41bda6df21ff4602098e7bfea1517737ca3,0.22560114717,0.138056503232,0.139582534844,0.14157656351,0.133304861387,0.0685441282191,0.0865363869933,0.0667978746441,1,0,0,0,0,0,0,0
1001,CX_STRESS_alt_p05_20260427T221933Z_r3,characterisation_entangling,,,,,SUCCEED,SpinQuasarClient,1777338713,2026-04-28T03:11:53,2026-04-28T03:13:55,122,3,22,20,2,0,20,,8a3aa41bda6df21ff4602098e7bfea1517737ca3,0.241485092297,0.146851654768,0.098049144833,0.107889331252,0.0912539739836,0.114032574316,0.101812715378,0.0986255131736,1,0,0,0,0,0,0,0
1002,CX_STRESS_alt_p06_20260427T221933Z_r1,characterisation_entangling,,,,,SUCCEED,SpinQuasarClient,1777338840,2026-04-28T03:14:00,2026-04-28T03:16:01,121,3,26,24,2,0,24,,7587015f08b5ac6784d1b54caff23ac52a03dbf6,0.20788166618,0.0507609269885,0.0670469770819,0.190173225365,0.199558537385,0.0422588431162,0.0602316814865,0.182088142398,1,0,0,0,0,0,0,0
1003,CX_STRESS_alt_p06_20260427T221933Z_r2,characterisation_entangling,,,,,SUCCEED,SpinQuasarClient,1777338965,2026-04-28T03:16:05,2026-04-28T03:18:07,122,3,26,24,2,0,24,,7587015f08b5ac6784d1b54caff23ac52a03dbf6,0.165047465039,0.14501802101,0.142171054124,0.138315013135,0.114791899997,0.0932078491882,0.0970495566343,0.104399140873,1,0,0,0,0,0,0,0
1004,CX_STRESS_alt_p06_20260427T221933Z_r3,characterisation_entangling,,,,,SUCCEED,SpinQuasarClient,1777339091,2026-04-28T03:18:11,2026-04-28T03:20:13,122,3,26,24,2,0,24,,7587015f08b5ac6784d1b54caff23ac52a03dbf6,0.176588480077,0.180876722092,0.102093884479,0.0944774491121,0.147835409073,0.148094584351,0.0765571109386,0.0734763598771,1,0,0,0,0,0,0,0
1005,CX_STRESS_alt_p07_20260427T221933Z_r1,characterisation_entangling,,,,,SUCCEED,SpinQuasarClient,1777339218,2026-04-28T03:20:18,2026-04-28T03:22:19,121,3,30,28,2,0,28,,17afe84b23c6783b1a220731dd3ec1f97dffd41c,0.140534874742,0.140534874742,0.140534874742,0.140534874742,0.109465125258,0.109465125258,0.109465125258,0.109465125258,1,0,0,0,0,0,0,0
1006,CX_STRESS_alt_p07_20260427T221933Z_r2,characterisation_entangling,,,,,SUCCEED,SpinQuasarClient,1777339344,2026-04-28T03:22:24,2026-04-28T03:24:26,122,3,30,28,2,0,28,,17afe84b23c6783b1a220731dd3ec1f97dffd41c,0.146549478253,0.146549478253,0.146549478253,0.146549478253,0.103450521747,0.103450521747,0.103450521747,0.103450521747,1,0,0,0,0,0,0,0
1007,CX_STRESS_alt_p07_20260427T221933Z_r3,characterisation_entangling,,,,,SUCCEED,SpinQuasarClient,1777339470,2026-04-28T03:24:30,2026-04-28T03:26:32,122,3,30,28,2,0,28,,17afe84b23c6783b1a220731dd3ec1f97dffd41c,0.135112978341,0.135112978341,0.135112978341,0.135112978341,0.114887021659,0.114887021659,0.114887021659,0.114887021659,1,0,0,0,0,0,0,0
1008,CX_STRESS_alt_p08_20260427T221933Z_r1,characterisation_entangling,,,,,SUCCEED,SpinQuasarClient,1777339596,2026-04-28T03:26:36,2026-04-28T03:28:38,122,3,34,32,2,0,32,,fa6f98591fd16aded6e2d0e3be9442ae1a5c8f4f,0.125,0.125,0.125,0.125,0.125,0.125,0.125,0.125,1,0,0,0,0,0,0,0
1009,CX_STRESS_alt_p08_20260427T221933Z_r2,characterisation_entangling,,,,,SUCCEED,SpinQuasarClient,1777339723,2026-04-28T03:28:43,2026-04-28T03:30:44,121,3,34,32,2,0,32,,fa6f98591fd16aded6e2d0e3be9442ae1a5c8f4f,0.125,0.125,0.125,0.125,0.125,0.125,0.125,0.125,1,0,0,0,0,0,0,0
1010,CX_STRESS_alt_p08_20260427T221933Z_r3,characterisation_entangling,,,,,SUCCEED,SpinQuasarClient,1777339849,2026-04-28T03:30:49,2026-04-28T03:32:50,121,3,34,32,2,0,32,,fa6f98591fd16aded6e2d0e3be9442ae1a5c8f4f,0.125,0.125,0.125,0.125,0.125,0.125,0.125,0.125,1,0,0,0,0,0,0,0
1011,CX_STRESS_alt_p09_20260427T221933Z_r1,characterisation_entangling,,,,,SUCCEED,SpinQuasarClient,1777339975,2026-04-28T03:32:55,2026-04-28T03:34:57,122,3,38,36,2,0,36,,347b47613d95dae84e23862c640782da9172957c,0.0860406264718,0.0760929104744,0.185014066195,0.194385705635,0.123470882186,0.185208165002,0.0604262596717,0.0893613843649,1,0,0,0,0,0,0,0
1012,CX_STRESS_alt_p09_20260427T221933Z_r2,characterisation_entangling,,,,,SUCCEED,SpinQuasarClient,1777340101,2026-04-28T03:35:02,2026-04-28T03:37:03,121,3,38,36,2,0,36,,347b47613d95dae84e23862c640782da9172957c,0.0764795409205,0.0584034318834,0.188669464848,0.193491431857,0.0640317045822,0.230527578344,0.0378852019175,0.150511645647,1,0,0,0,0,0,0,0
1013,CX_STRESS_alt_p09_20260427T221933Z_r3,characterisation_entangling,,,,,SUCCEED,SpinQuasarClient,1777340228,2026-04-28T03:37:08,2026-04-28T03:39:09,121,3,38,36,2,0,36,,347b47613d95dae84e23862c640782da9172957c,0.09544704637,0.0777083992791,0.189269537335,0.200925395171,0.141354586249,0.139569231877,0.0738933144848,0.0818324892333,1,0,0,0,0,0,0,0
1014,CX_STRESS_alt_p10_20260427T221933Z_r1,characterisation_entangling,,,,,SUCCEED,SpinQuasarClient,1777340354,2026-04-28T03:39:14,2026-04-28T03:41:15,121,3,42,40,2,0,40,,60e093d18c80b5c2a1e3bc76651be7986d6ef87b,0.128856037215,0.0706236143662,0.181468721174,0.200229837489,0.132397559265,0.133201106493,0.060431741365,0.0927913826318,1,0,0,0,0,0,0,0
1015,CX_STRESS_alt_p10_20260427T221933Z_r2,characterisation_entangling,,,,,SUCCEED,SpinQuasarClient,1777340480,2026-04-28T03:41:20,2026-04-28T03:43:22,122,3,42,40,2,0,40,,60e093d18c80b5c2a1e3bc76651be7986d6ef87b,0.0593491038664,0.105929072233,0.134977299991,0.187551144169,0.145220410009,0.130192168903,0.104642553253,0.132138247575,1,0,0,0,0,0,0,0
1016,CX_STRESS_alt_p10_20260427T221933Z_r3,characterisation_entangling,,,,,SUCCEED,SpinQuasarClient,1777340606,2026-04-28T03:43:26,2026-04-28T03:45:28,122,3,42,40,2,0,40,,60e093d18c80b5c2a1e3bc76651be7986d6ef87b,0.0826500530902,0.0845868316993,0.200993407112,0.208211909379,0.146690587085,0.145821787002,0.0665234508045,0.064521973828,1,0,0,0,0,0,0,0
1028,GR_test_full_B_n1,pilot_gr,,,,,SUCCEED,SpinQuasarClient,1778691391,2026-05-13T18:56:31,2026-05-13T18:58:22,111,3,21,16,11,2,8,120.0000,363a8c510198155586016ac516e26e5baacba3c5,0.0919411975842,0.0607887811618,0.0758116632945,0.0756738112432,0.0542895702597,0.172098751411,0.18686386754,0.282532357505,0.0156251558947,0.0468748441615,0.0781255134583,0.109374486598,0.140626067768,0.171874372563,0.203125990392,0.234373569165
1054,GR_test_full_B_n1,pilot_gr,,,,,SUCCEED,SpinQuasarClient,1779786811,2026-05-26T11:13:31.000,2026-05-26T11:15:22.000,111,3,21,16,11,2,8,120.0000,363a8c510198155586016ac516e26e5baacba3c5,0.0538764549549,0.113260128655,0.0659433027492,0.186069013696,0.106018943287,0.150690469403,0.121856357109,0.202285330146,0.0156251558947,0.0468748441615,0.0781255134583,0.109374486598,0.140626067768,0.171874372563,0.203125990392,0.234373569165
1056,GR_test_full_B_n1,pilot_gr,,,,,SUCCEED,SpinQuasarClient,1779809792,2026-05-26T17:36:32.000,2026-05-26T17:38:22.000,110,3,21,16,11,2,8,120.0000,363a8c510198155586016ac516e26e5baacba3c5,0.11886774798,0.0362276741602,0.0750128915326,0.153914872728,0.0481839145958,0.146922294766,0.215086882865,0.205783721373,0.0156251558947,0.0468748441615,0.0781255134583,0.109374486598,0.140626067768,0.171874372563,0.203125990392,0.234373569165
1057,GR_test_full_B_n1,pilot_gr,,,,,SUCCEED,SpinQuasarClient,1779809974,2026-05-26T17:39:34.000,2026-05-26T17:41:28.000,114,3,21,16,11,2,8,120.0000,363a8c510198155586016ac516e26e5baacba3c5,0.053880417279,0.068287355814,0.0556266886559,0.143865332266,0.0794648120912,0.142990138936,0.242592747325,0.213292507632,0.0156251558947,0.0468748441615,0.0781255134583,0.109374486598,0.140626067768,0.171874372563,0.203125990392,0.234373569165
1058,GR_test_full_B_n1,pilot_gr,,,,,SUCCEED,SpinQuasarClient,1779810159,2026-05-26T17:42:39.000,2026-05-26T17:44:31.000,112,3,21,16,11,2,8,90.0000,0b1ff3bc56ff47772f84bba8264f18c48047d928,0.0605131468225,0.172203577794,0.159596200035,0.183662270858,0.110767753838,0.0770015365856,0.12432315482,0.111932359247,0.0312500000342,0.0937500000464,0.156250220196,0.218749779821,0.218749779857,0.156250220098,0.0937499999677,0.0312499999798
1090,SPAM_000,characterisation_ry,,,,,SUCCEED,SpinQuasarClient,1780935263,2026-06-08T18:14:23.000,2026-06-08T18:16:18.000,115,3,3,1,3,0,0,0.0000,5ad29ac58d8dd30caa2a2646651126443ecabe4e,0.85386648797,0.00285565363074,0.0164764907188,0.0354918046337,0.00975203908525,0.0269604977549,0.0453521586818,0.00924486752466,1,0,0,0,0,0,0,0
1091,SPAM_001,characterisation_ry,,,,,SUCCEED,SpinQuasarClient,1780935385,2026-06-08T18:16:25.000,2026-06-08T18:18:21.000,116,3,3,1,3,0,0,0.0000,472c10b6e76c56abf893df8f5880a8367d6d6466,0.018630781959,0.887516217295,0.0202859442305,0.0172197633536,0.00517296913655,0.00761312733296,0.0204284630309,0.0231327336619,3.79846864771e-20,1,0,0,0,0,0,0
1092,SPAM_010,characterisation_ry,,,,,SUCCEED,SpinQuasarClient,1780935507,2026-06-08T18:18:27.000,2026-06-08T18:20:23.000,116,3,3,1,3,0,0,0.0000,c37cb9205dc1b0d328bc667d9b0cd8f6c4a38b82,0.0165915555675,0.0271730108464,0.832459137739,0.022953836351,0.0679245449661,0.0105241587188,0.00503059924915,0.017343156562,3.79846864771e-20,0,1,0,0,0,0,0
1093,SPAM_011,characterisation_ry,,,,,SUCCEED,SpinQuasarClient,1780935628,2026-06-08T18:20:28.000,2026-06-08T18:22:24.000,116,3,3,1,3,0,0,0.0000,cd05b1e1e4ee716c6a8c224b2d835c1ea807340e,0.024941166538,0.023317397044,0.0212921538528,0.861438283257,0.0287673504202,0.0244840185901,0.00671728884044,0.00904234145709,1.44283640677e-39,3.79846864771e-20,3.79846864771e-20,1,0,0,0,0
1094,SPAM_100,characterisation_ry,,,,,SUCCEED,SpinQuasarClient,1780935750,2026-06-08T18:22:30.000,2026-06-08T18:24:28.000,118,3,3,1,3,0,0,180.0000,a012418147a0121fe8352184101cec1e68d384a8,0.00961077034609,0.0116750431946,0.0367548882436,0.010993855919,0.855976199795,0.00604219781946,0.024126272035,0.0448207726468,3.79846864771e-20,0,0,0,1,0,0,0
1095,SPAM_101,characterisation_ry,,,,,SUCCEED,SpinQuasarClient,1780935874,2026-06-08T18:24:34.000,2026-06-08T18:26:33.000,119,3,3,1,3,0,0,180.0000,87ab51641a1916ca9bb98e87b1c6a217f81fb74c,0.055712107349,0.00324731058879,0.00607199978458,0.140598059391,0.0743076653592,0.571807852717,0.00663921084061,0.14161579397,1.44283640677e-39,3.79846864771e-20,0,0,3.79846864771e-20,1,0,0
1096,SPAM_110,characterisation_ry,,,,,SUCCEED,SpinQuasarClient,1780936012,2026-06-08T18:26:52.000,2026-06-08T18:28:39.000,107,3,3,1,3,0,0,180.0000,269cb9e817a0e3481fa3113e2c45d3cbbb3df3c8,0.054580044112,0.0458036980008,0.00082104067468,0.013048848356,0.0050465578521,0.00723603066405,0.871148911169,0.00231486917137,1.44283640677e-39,0,3.79846864771e-20,0,3.79846864771e-20,0,1,0
1097,SPAM_111,characterisation_ry,,,,,SUCCEED,SpinQuasarClient,1780936127,2026-06-08T18:28:47.000,2026-06-08T18:30:42.000,115,3,3,1,3,0,0,180.0000,2d89a9b2218c66cb0456804b0c80efc73b2abe5c,0.0488286731257,0.00479642870163,0.00156052151771,0.0112417805041,0.00804960432525,0.00488902437171,0.0064030138979,0.914230953556,5.48056885488e-59,1.44283640677e-39,1.44283640677e-39,3.79846864771e-20,1.44283640677e-39,3.79846864771e-20,3.79846864771e-20,1
1098,Ry_Error_Gates_2,characterisation_ry,,,,,SUCCEED,SpinQuasarClient,1780936257,2026-06-08T18:30:58.000,2026-06-08T18:32:44.000,106,3,2,2,2,0,0,90.0000,7ae66f90cbfc9a29fdab66efa7163450885136df,0.00576670202599,0.0307054437054,0.0301510868805,0.0107023252336,0.858084936636,0.00244365881634,0.0155352478608,0.0466105988414,3.79847275228e-20,0,0,0,1,0,0,0
1099,Ry_Error_Gates_4,characterisation_ry,,,,,SUCCEED,SpinQuasarClient,1780936369,2026-06-08T18:32:49.000,2026-06-08T18:34:48.000,119,3,4,4,4,0,0,90.0000,f307f6266bf57b3dd62cc8fe1e114660f7f5a24f,0.874123296135,0.0230047222315,0.0163393958365,0.00542238112746,0.0321108680471,0.0353296638662,0.00856398987584,0.00510568288009,1,0,0,0,1.51938866815e-19,0,0,0
1100,Ry_Error_Gates_6,characterisation_ry,,,,,SUCCEED,SpinQuasarClient,1780936494,2026-06-08T18:34:54.000,2026-06-08T18:36:51.000,117,3,6,6,6,0,0,90.0000,37772131578977ea6b6af67a0df69ec9f44ed361,0.0908534020772,0.127297746228,0.0729351821123,0.0266338540952,0.565093645285,0.0353445677354,0.0535942233471,0.0282473791197,3.41862482792e-19,0,0,0,1,0,0,0
1101,Ry_Error_Gates_8,characterisation_ry,,,,,SUCCEED,SpinQuasarClient,1780936617,2026-06-08T18:36:58.000,2026-06-08T18:38:54.000,116,3,8,8,8,0,0,90.0000,f4c52f704e476bdebc7857408a48e5a6bf2bbb0b,0.574855538271,0.0464425403977,0.0116430241995,0.00575767918584,0.0736707621989,0.219431925026,0.0600523811057,0.00814614961594,1,0,0,0,6.0775538071e-19,0,0,0
1102,Ry_Error_Gates_10,characterisation_ry,,,,,SUCCEED,SpinQuasarClient,1780936740,2026-06-08T18:39:00.000,2026-06-08T18:40:58.000,118,3,10,10,10,0,0,90.0000,76eb530973821c413ffebae924a45a9d280b492a,0.294101667276,0.104184034742,0.0322642607245,0.0326342671748,0.403919022869,0.0284721813302,0.0443110033439,0.0601135625398,9.49617863502e-19,0,0,0,1,0,0,0
1103,Ry_Error_Gates_12,characterisation_ry,,,,,SUCCEED,SpinQuasarClient,1780936863,2026-06-08T18:41:03.000,2026-06-08T18:43:04.000,121,3,12,12,12,0,0,90.0000,cc7ee560fe6d897045ab6f67a820e0b021a97439,0.409102621457,0.16316673485,0.058463537192,0.00549520971224,0.155888332392,0.182719404358,0.0171108475177,0.00805331252152,1,0,0,0,1.36744954168e-18,0,0,0
1104,Ry_Error_Gates_14,characterisation_ry,,,,,SUCCEED,SpinQuasarClient,1780936989,2026-06-08T18:43:09.000,2026-06-08T18:45:07.000,118,3,14,14,14,0,0,90.0000,45c9d5580708688d6c1c48c423b0e69c38f3d594,0.370047886667,0.152967480586,0.00385852241007,0.0114424237887,0.334521788069,0.113184970632,0.0063559707619,0.00762095708387,1.86125104276e-18,0,0,0,1,0,0,0
1105,Ry_Error_Gates_16,characterisation_ry,,,,,SUCCEED,SpinQuasarClient,1780937112,2026-06-08T18:45:12.000,2026-06-08T18:47:13.000,121,3,16,16,16,0,0,90.0000,51be942df3217593b3bac96303515cb79524d15e,0.381203077742,0.09031058213,0.189377497073,0.00427276586376,0.111321630003,0.114665060931,0.0632857987531,0.0455635875045,1,0,0,0,2.43102186905e-18,0,0,0
1106,Ry_Error_Gates_18,characterisation_ry,,,,,SUCCEED,SpinQuasarClient,1780937238,2026-06-08T18:47:18.000,2026-06-08T18:49:19.000,121,3,18,18,18,0,0,90.0000,846e56885b1364ac45a9f02684a67aafc9e0f257,0.159377833247,0.267021344169,0.0170281473822,0.0472530020851,0.386493272828,0.0137257069147,0.0996068575303,0.00949383584327,3.0767617609e-18,0,0,0,1,0,0,0
1107,SPAM_000,characterisation_ry,,,,,FAILED,SpinQuasarClient,1780938111,2026-06-08T19:01:51.000,2026-06-08T19:01:54.000,3,3,3,1,3,0,0,0.0000,5ad29ac58d8dd30caa2a2646651126443ecabe4e,,,,,,,,,,,,,,,,
1108,SPAM_000,characterisation_ry,,,,,SUCCEED,SpinQuasarClient,1780938578,2026-06-08T19:09:38.000,2026-06-08T19:11:32.000,114,3,2,2,0,2,0,,d44acfc6d69770d2c0c0d5a9a0c7d59c2730417b,0.832060427199,0.0478860859576,0.0324550317572,0.0185020769198,0.0168627744576,0.034441909122,0.011880734086,0.00591096050081,1,0,0,0,0,0,0,0
1109,SPAM_001,characterisation_ry,,,,,SUCCEED,SpinQuasarClient,1780938698,2026-06-08T19:11:38.000,2026-06-08T19:13:36.000,118,3,1,1,0,1,0,,95cec2c1c8697f3370b7ac7d5c46240cbfc8b94c,0.0570080186578,0.828797147766,0.0205379148194,0.0234287335961,0.0220262988851,0.023809785566,0.0129115329289,0.0114805677809,0,1,0,0,0,0,0,0
1110,SPAM_010,characterisation_ry,,,,,SUCCEED,SpinQuasarClient,1780938822,2026-06-08T19:13:42.000,2026-06-08T19:15:40.000,118,3,1,1,0,1,0,,1c27d49031ccb1eb9c901294aa729090c2bcfa38,0.0137150024663,0.0315127896499,0.87320809083,0.0020125081426,0.0198862822086,0.0154776590141,0.0030821844631,0.0411054832251,0,0,1,0,0,0,0,0
1111,SPAM_011,characterisation_ry,,,,,SUCCEED,SpinQuasarClient,1780938946,2026-06-08T19:15:46.000,2026-06-08T19:17:46.000,120,3,2,1,0,2,0,,285498d402245bf29808d812f94285418faa8c9a,0.0285607007297,0.0337114340477,0.0214303847638,0.851186160551,0.0271105615569,0.0191646419865,0.0108673386427,0.00796877772139,0,0,0,1,0,0,0,0
1112,SPAM_100,characterisation_ry,,,,,SUCCEED,SpinQuasarClient,1780939072,2026-06-08T19:17:52.000,2026-06-08T19:19:43.000,111,3,1,1,0,1,0,,7f3fdd48c83bb8e75675a9fa0df27e6d69d4d655,0.00912077686114,0.00359511528221,0.010065120861,0.0180652584001,0.934046272119,0.0109346745457,0.00850213556111,0.00567064636948,0,0,0,0,1,0,0,0
1113,SPAM_101,characterisation_ry,,,,,SUCCEED,SpinQuasarClient,1780939189,2026-06-08T19:19:49.000,2026-06-08T19:21:45.000,116,3,2,1,0,2,0,,8b44989cd3ba6198cf989d21ce75ab019fc77295,0.012728085522,0.0300979583737,0.00741980005417,0.0183798114915,0.0412669201546,0.852231095913,0.00928634188992,0.0285899866012,0,0,0,0,0,1,0,0
1114,SPAM_110,characterisation_ry,,,,,SUCCEED,SpinQuasarClient,1780939310,2026-06-08T19:21:50.000,2026-06-08T19:23:49.000,119,3,2,1,0,2,0,,ca102a9d92dba64faf1da1298bcc183a92e70c6e,0.00696687799542,0.0177629071302,0.0136091405577,0.00711507143954,0.015369125934,0.0584208786874,0.869590480056,0.0111655181997,0,0,0,0,0,0,1,0
1115,SPAM_111,characterisation_ry,,,,,SUCCEED,SpinQuasarClient,1780939434,2026-06-08T19:23:54.000,2026-06-08T19:25:54.000,120,3,3,1,0,3,0,,ba3b0fbedaf9937a1998f250e3f3d7d2002a96d5,0.0217481712225,0.00422643063558,0.00927672294705,0.0216094364122,0.00198086291938,0.0138291045594,0.00973882215244,0.917590449151,0,0,0,0,0,0,0,1
1116,Ry_Error_Gates_2,characterisation_ry,,,,,SUCCEED,SpinQuasarClient,1780939559,2026-06-08T19:25:59.000,2026-06-08T19:27:54.000,115,3,2,2,2,0,0,90.0000,7ae66f90cbfc9a29fdab66efa7163450885136df,0.0113203991864,0.0167335999434,0.0283596057398,0.0237206789571,0.859642777224,0.0135954316851,0.0213520771061,0.0252754301579,3.79847275228e-20,0,0,0,1,0,0,0
1117,Ry_Error_Gates_4,characterisation_ry,,,,,SUCCEED,SpinQuasarClient,1780939680,2026-06-08T19:28:00.000,2026-06-08T19:29:56.000,116,3,4,4,4,0,0,90.0000,f307f6266bf57b3dd62cc8fe1e114660f7f5a24f,0.829842229254,0.0311256905121,0.0254692713957,0.00651023525171,0.0347706341359,0.0259022059793,0.0313707853326,0.0150089481391,1,0,0,0,1.51938866815e-19,0,0,0
1118,Ry_Error_Gates_6,characterisation_ry,,,,,SUCCEED,SpinQuasarClient,1780939805,2026-06-08T19:30:05.000,2026-06-08T19:31:58.000,113,3,6,6,6,0,0,90.0000,37772131578977ea6b6af67a0df69ec9f44ed361,0.116806771608,0.0588697321183,0.0452224442439,0.0303410720252,0.675474778971,0.043289969132,0.0132960734699,0.0166991584313,3.41862482792e-19,0,0,0,1,0,0,0
1119,Ry_Error_Gates_8,characterisation_ry,,,,,SUCCEED,SpinQuasarClient,1780939948,2026-06-08T19:32:28.000,2026-06-08T19:34:21.000,113,3,8,8,8,0,0,90.0000,f4c52f704e476bdebc7857408a48e5a6bf2bbb0b,0.540480024298,0.048467871836,0.0600216236518,0.0076111056515,0.122215661423,0.116520590762,0.0679454513265,0.0367376710511,1,0,0,0,6.0775538071e-19,0,0,0
1120,Ry_Error_Gates_10,characterisation_ry,,,,,SUCCEED,SpinQuasarClient,1780939957,2026-06-08T19:32:37.000,2026-06-08T19:36:24.000,227,3,10,10,10,0,0,90.0000,76eb530973821c413ffebae924a45a9d280b492a,0.229055545166,0.174436948814,0.0457601399174,0.019288387756,0.436555921204,0.0253835064339,0.0487634600164,0.0207560906922,9.49617863502e-19,0,0,0,1,0,0,0
1121,Ry_Error_Gates_12,characterisation_ry,,,,,SUCCEED,SpinQuasarClient,1780940067,2026-06-08T19:34:27.000,2026-06-08T19:38:28.000,241,3,12,12,12,0,0,90.0000,cc7ee560fe6d897045ab6f67a820e0b021a97439,0.394531453803,0.128255695752,0.0587762952206,0.00523638033816,0.195589755468,0.183063758802,0.00762666643363,0.0269199941833,1,0,0,0,1.36744954168e-18,0,0,0
1122,Ry_Error_Gates_14,characterisation_ry,,,,,SUCCEED,SpinQuasarClient,1780940190,2026-06-08T19:36:30.000,2026-06-08T19:40:34.000,244,3,14,14,14,0,0,90.0000,45c9d5580708688d6c1c48c423b0e69c38f3d594,0.166910846717,0.194852377718,0.0110766052474,0.0285364554884,0.49628187295,0.00842821832099,0.0735419833417,0.0203716402156,1.86125104276e-18,0,0,0,1,0,0,0
1123,Ry_Error_Gates_16,characterisation_ry,,,,,SUCCEED,SpinQuasarClient,1780940313,2026-06-08T19:38:33.000,2026-06-08T19:42:40.000,247,3,16,16,16,0,0,90.0000,51be942df3217593b3bac96303515cb79524d15e,0.393043011189,0.0831907994526,0.173222314639,0.00452017996121,0.0912088659882,0.170216507086,0.0643908152079,0.020207506476,1,0,0,0,2.43102186905e-18,0,0,0
1124,Ry_Error_Gates_18,characterisation_ry,,,,,SUCCEED,SpinQuasarClient,1780940439,2026-06-08T19:40:39.000,2026-06-08T19:44:49.000,250,3,18,18,18,0,0,90.0000,846e56885b1364ac45a9f02684a67aafc9e0f257,0.150150170112,0.258794036063,0.0129534392048,0.0148897589175,0.442608943167,0.0218099432741,0.0864556587224,0.0123380505396,3.0767617609e-18,0,0,0,1,0,0,0
1125,Ry_Error_Gates_20,characterisation_ry,,,,,SUCCEED,SpinQuasarClient,1780940566,2026-06-08T19:42:47.000,2026-06-08T19:47:14.000,267,3,20,20,20,0,0,90.0000,f776ca87cfa139690be7b6dd59ea31bde06525aa,0.289667315817,0.0431883127293,0.195911620367,0.00248171237659,0.142540971988,0.207008814774,0.085049076618,0.0341521753307,1,0,0,0,3.79847145401e-18,0,0,0
1126,CNOT_Stress_Gates_0,characterisation_entangling,,,,,SUCCEED,SpinQuasarClient,1780940694,2026-06-08T19:44:54.000,2026-06-08T19:49:16.000,262,3,1,1,0,1,0,,7f3fdd48c83bb8e75675a9fa0df27e6d69d4d655,0.00462855932313,0.00112531453062,0.0114434953128,0.0224732701058,0.935588609199,0.0129887143653,0.0086007780606,0.00315125910293,0,0,0,0,1,0,0,0
1127,CNOT_Stress_Gates_4,characterisation_entangling,,,,,SUCCEED,SpinQuasarClient,1780940840,2026-06-08T19:47:20.000,2026-06-08T19:51:19.000,239,3,5,5,0,1,4,,2e7bccf99b1a994012370ba99976aa8c199877fc,0.0363828307171,0.0474059664556,0.098767466233,0.0259543343236,0.644149575762,0.055052104949,0.0702328676691,0.0220548538905,0,0,0,0,1,0,0,0
1128,CNOT_Stress_Gates_8,characterisation_entangling,,,,,SUCCEED,SpinQuasarClient,1780940961,2026-06-08T19:49:21.000,2026-06-08T19:53:25.000,244,3,9,9,0,1,8,,929a4b9c93350d458c43faada6c2eb96efdba34d,0.0540961813683,0.0934485364327,0.11102483293,0.045670388426,0.356066806493,0.0672444177927,0.185642195498,0.0868066410601,0,0,0,0,1,0,0,0
1129,CNOT_Stress_Gates_12,characterisation_entangling,,,,,SUCCEED,SpinQuasarClient,1780941085,2026-06-08T19:51:25.000,2026-06-08T19:55:31.000,246,3,13,13,0,1,12,,5ff0b42d0f0808d3b5443a49f7963199d988e560,0.062159995967,0.115103313126,0.101917011876,0.0827883287433,0.183180572376,0.136387082831,0.242050648998,0.0764130460823,0,0,0,0,1,0,0,0
1130,CNOT_Stress_Gates_16,characterisation_entangling,,,,,SUCCEED,SpinQuasarClient,1780941211,2026-06-08T19:53:31.000,2026-06-08T19:57:38.000,247,3,17,17,0,1,16,,3a63e8c09bd2af335d52f8ae2edeea16bb20287d,0.092529728147,0.147699828074,0.0682945744935,0.0949392100387,0.18440814682,0.0782971434063,0.138663834743,0.195167534278,0,0,0,0,1,0,0,0
1131,CNOT_Stress_Gates_20,characterisation_entangling,,,,,SUCCEED,SpinQuasarClient,1780941337,2026-06-08T19:55:37.000,2026-06-08T19:59:44.000,247,3,21,21,0,1,20,,8d529764758288074998bb60a833eeef15fabf39,0.0980239541558,0.182066878928,0.0424717328944,0.0649119048832,0.165222371405,0.128344787171,0.216838054263,0.1021203163,0,0,0,0,1,0,0,0
1132,SPAM_000,characterisation_ry,,,,,SUCCEED,SpinQuasarClient,1780955858,2026-06-08T23:57:38.000,2026-06-08T23:59:26.000,108,3,1,1,1,0,0,0.0000,5925ff88680f51c8ae4e0176cb250ff1052918ef,0.900649909121,0.0129041299162,0.0044253146276,0.0209633879666,0.0109185807064,0.0109383019057,0.0267103303473,0.0124900454092,1,0,0,0,0,0,0,0
1133,SPAM_001,characterisation_ry,,,,,SUCCEED,SpinQuasarClient,1780955974,2026-06-08T23:59:34.000,2026-06-09T00:01:27.000,113,3,1,1,0,1,0,,95cec2c1c8697f3370b7ac7d5c46240cbfc8b94c,0.0537785895237,0.786412648671,0.0357497912743,0.0281326152849,0.0249378682171,0.0329529012806,0.0163654313784,0.0216701543704,0,1,0,0,0,0,0,0
1134,SPAM_010,characterisation_ry,,,,,SUCCEED,SpinQuasarClient,1780956096,2026-06-09T00:01:36.000,2026-06-09T00:03:28.000,112,3,1,1,0,1,0,,1c27d49031ccb1eb9c901294aa729090c2bcfa38,0.0318136323846,0.0217494840385,0.827769945482,0.00355361731693,0.0149620810833,0.0390010345911,0.0201823544351,0.0409678506686,0,0,1,0,0,0,0,0
1135,SPAM_011,characterisation_ry,,,,,SUCCEED,SpinQuasarClient,1780956215,2026-06-09T00:03:35.000,2026-06-09T00:05:31.000,116,3,2,1,0,2,0,,285498d402245bf29808d812f94285418faa8c9a,0.0405412152092,0.00871401942036,0.0266790590051,0.870415665873,0.0189480100222,0.00335509490432,0.0185732435362,0.0127736920297,0,0,0,1,0,0,0,0
1136,SPAM_100,characterisation_ry,,,,,SUCCEED,SpinQuasarClient,1780956338,2026-06-09T00:05:38.000,2026-06-09T00:07:32.000,114,3,1,1,0,1,0,,7f3fdd48c83bb8e75675a9fa0df27e6d69d4d655,0.008826447142,0.00343384135959,0.0292267911882,0.013162551492,0.885802337984,0.00952768766217,0.0230770317287,0.0269433114436,0,0,0,0,1,0,0,0
1137,SPAM_101,characterisation_ry,,,,,SUCCEED,SpinQuasarClient,1780956459,2026-06-09T00:07:39.000,2026-06-09T00:09:34.000,115,3,2,1,0,2,0,,8b44989cd3ba6198cf989d21ce75ab019fc77295,0.0174600901039,0.0123687111243,0.00956583814921,0.0154871891075,0.0196462083646,0.821663872161,0.0211677582475,0.0826403327418,0,0,0,0,0,1,0,0
1138,SPAM_110,characterisation_ry,,,,,SUCCEED,SpinQuasarClient,1780956582,2026-06-09T00:09:42.000,2026-06-09T00:11:37.000,115,3,2,1,0,2,0,,ca102a9d92dba64faf1da1298bcc183a92e70c6e,0.0248590413421,0.0119753614992,0.00553781976448,0.00474286212884,0.00575390684403,0.0162508089178,0.926850284472,0.00402991503177,0,0,0,0,0,0,1,0
1139,SPAM_111,characterisation_ry,,,,,SUCCEED,SpinQuasarClient,1780956705,2026-06-09T00:11:45.000,2026-06-09T00:13:40.000,115,3,3,1,0,3,0,,ba3b0fbedaf9937a1998f250e3f3d7d2002a96d5,0.0136902738143,0.010709775609,0.0139056297058,0.0172884418349,0.0362028504097,0.0239841919608,0.0156797437424,0.868539092923,0,0,0,0,0,0,0,1
1140,CNOT_Stress_Gates_0,characterisation_entangling,,,,,SUCCEED,SpinQuasarClient,1780956843,2026-06-09T00:14:03.000,2026-06-09T00:15:49.000,106,3,1,1,0,1,0,,7f3fdd48c83bb8e75675a9fa0df27e6d69d4d655,0.019328070978,0.0141105048398,0.0152164699861,0.0177715727038,0.840753237664,0.033600049965,0.0540340703642,0.00518602349918,0,0,0,0,1,0,0,0
1141,CNOT_Stress_Gates_2,characterisation_entangling,,,,,SUCCEED,SpinQuasarClient,1780956957,2026-06-09T00:15:57.000,2026-06-09T00:17:53.000,116,3,3,3,0,1,2,,89ec8f3ace978dd4639728414efeb95a02b5d16f,0.000800179879629,0.0100758885354,0.0233100159428,0.0252988218187,0.894000791415,0.0204401204746,0.00540229251448,0.0206718894199,0,0,0,0,1,0,0,0
1142,CNOT_Stress_Gates_4,characterisation_entangling,,,,,SUCCEED,SpinQuasarClient,1780957081,2026-06-09T00:18:02.000,2026-06-09T00:19:57.000,115,3,5,5,0,1,4,,2e7bccf99b1a994012370ba99976aa8c199877fc,0.013211054304,0.0355354164011,0.0764781085365,0.0100626086784,0.717087815762,0.0326585320953,0.101581550337,0.0133849138858,0,0,0,0,1,0,0,0
1143,CNOT_Stress_Gates_6,characterisation_entangling,,,,,SUCCEED,SpinQuasarClient,1780957205,2026-06-09T00:20:05.000,2026-06-09T00:22:00.000,115,3,7,7,0,1,6,,078d595264977c50c789362fc2efc4d9fddd7589,0.0543649417561,0.0644377807992,0.0475567238953,0.0382032033414,0.632495137746,0.0348652467243,0.101267776294,0.0268091894433,0,0,0,0,1,0,0,0
1144,CNOT_Stress_Gates_8,characterisation_entangling,,,,,SUCCEED,SpinQuasarClient,1780957328,2026-06-09T00:22:08.000,2026-06-09T00:24:02.000,114,3,9,9,0,1,8,,929a4b9c93350d458c43faada6c2eb96efdba34d,0.0621942122002,0.0686520886681,0.0412460111451,0.0782132044851,0.381076543373,0.0644061034478,0.208047987202,0.0961638494783,0,0,0,0,1,0,0,0
1145,CNOT_Stress_Gates_10,characterisation_entangling,,,,,SUCCEED,SpinQuasarClient,1780957450,2026-06-09T00:24:10.000,2026-06-09T00:26:04.000,114,3,11,11,0,1,10,,1d8812f4783e181442dab5330bc28217ce36dcbd,0.0356924691056,0.111396971534,0.0987545010719,0.0512395318563,0.354665394966,0.0784315744017,0.132463719568,0.137355837496,0,0,0,0,1,0,0,0
1146,CNOT_Stress_Gates_12,characterisation_entangling,,,,,SUCCEED,SpinQuasarClient,1780957572,2026-06-09T00:26:12.000,2026-06-09T00:28:07.000,115,3,13,13,0,1,12,,5ff0b42d0f0808d3b5443a49f7963199d988e560,0.0479966845001,0.100989518706,0.0680688315507,0.0844858819894,0.310094938095,0.0759492412102,0.173710604484,0.138704299465,0,0,0,0,1,0,0,0
1147,CNOT_Stress_Gates_16,characterisation_entangling,,,,,SUCCEED,SpinQuasarClient,1780957695,2026-06-09T00:28:15.000,2026-06-09T00:30:12.000,117,3,17,17,0,1,16,,3a63e8c09bd2af335d52f8ae2edeea16bb20287d,0.0388411861874,0.150415770846,0.0851030503478,0.0617940810676,0.2219315159,0.126561689003,0.220497943281,0.0948547633672,0,0,0,0,1,0,0,0
1148,CNOT_Stress_Gates_20,characterisation_entangling,,,,,SUCCEED,SpinQuasarClient,1780957819,2026-06-09T00:30:19.000,2026-06-09T00:32:16.000,117,3,21,21,0,1,20,,8d529764758288074998bb60a833eeef15fabf39,0.113765279262,0.0986225190704,0.0352724107607,0.091902104481,0.22402785054,0.204247940083,0.0939359088988,0.138225986905,0,0,0,0,1,0,0,0
1149,Ry_Error_Gates_1,characterisation_ry,,,,,SUCCEED,SpinQuasarClient,1780957958,2026-06-09T00:32:38.000,2026-06-09T00:34:27.000,109,3,1,1,1,0,0,90.0000,f71f31738d690690ecb02fb3b039763410832d12,0.409069991471,0.0331228774165,0.0506118797918,0.0181171302821,0.381495643979,0.017438783174,0.0557039514849,0.0344397424008,0.500000000097,0,0,0,0.499999999903,0,0,0
1150,Ry_Error_Gates_2,characterisation_ry,,,,,SUCCEED,SpinQuasarClient,1780958075,2026-06-09T00:34:35.000,2026-06-09T00:36:27.000,112,3,2,2,2,0,0,90.0000,7ae66f90cbfc9a29fdab66efa7163450885136df,0.00700832267309,0.0221163764913,0.0243068496613,0.0126492568154,0.888453986563,0.00773155791338,0.0190221045815,0.0187115453009,3.79847275228e-20,0,0,0,1,0,0,0
1151,Ry_Error_Gates_3,characterisation_ry,,,,,SUCCEED,SpinQuasarClient,1780958195,2026-06-09T00:36:35.000,2026-06-09T00:38:30.000,115,3,3,3,3,0,0,90.0000,1d3de078ceb3e4ba4405c0ebffe7db82f9a1c172,0.359662253124,0.0638813867373,0.0409707153703,0.0109997087222,0.423998745877,0.0237457435327,0.0593885488327,0.0173528978036,0.499999999708,0,0,0,0.500000000292,0,0,0
1152,Ry_Error_Gates_4,characterisation_ry,,,,,SUCCEED,SpinQuasarClient,1780958318,2026-06-09T00:38:38.000,2026-06-09T00:40:31.000,113,3,4,4,4,0,0,90.0000,f307f6266bf57b3dd62cc8fe1e114660f7f5a24f,0.731098165256,0.0237415902674,0.0465150457492,0.0200137859215,0.0669717444728,0.0440707150027,0.0598029549976,0.00778599833272,1,0,0,0,1.51938866815e-19,0,0,0
1153,Ry_Error_Gates_5,characterisation_ry,,,,,SUCCEED,SpinQuasarClient,1780958440,2026-06-09T00:40:40.000,2026-06-09T00:42:34.000,114,3,5,5,5,0,0,90.0000,efdc9fea442d046a6ac81f65ad2f1416732cb1f2,0.413300133432,0.00825524871942,0.0200226364107,0.0976658337296,0.411614988104,0.0299700582822,0.00549365942994,0.0136774418919,0.500000000487,0,0,0,0.499999999513,0,0,0
1154,Ry_Error_Gates_6,characterisation_ry,,,,,SUCCEED,SpinQuasarClient,1780958561,2026-06-09T00:42:42.000,2026-06-09T00:44:37.000,115,3,6,6,6,0,0,90.0000,37772131578977ea6b6af67a0df69ec9f44ed361,0.15992656187,0.0663214161192,0.0416615021952,0.0289725413252,0.656696711356,0.0125298990386,0.0135560825708,0.0203352855256,3.41862482792e-19,0,0,0,1,0,0,0
1155,Ry_Error_Gates_7,characterisation_ry,,,,,SUCCEED,SpinQuasarClient,1780958684,2026-06-09T00:44:44.000,2026-06-09T00:46:40.000,116,3,7,7,7,0,0,90.0000,6e47e5104e2df4779226c6c13dc2a3b48d941eed,0.264766409059,0.0923979122249,0.0212515845369,0.0318741913112,0.377976077414,0.110670047052,0.0835622673394,0.0175015110632,0.499999999318,0,0,0,0.500000000682,0,0,0
1156,Ry_Error_Gates_8,characterisation_ry,,,,,SUCCEED,SpinQuasarClient,1780958808,2026-06-09T00:46:48.000,2026-06-09T00:48:43.000,115,3,8,8,8,0,0,90.0000,f4c52f704e476bdebc7857408a48e5a6bf2bbb0b,0.494820456368,0.047650610419,0.0209280237472,0.0278384905962,0.199497080747,0.0786805232853,0.12258431183,0.00800050300672,1,0,0,0,6.0775538071e-19,0,0,0
1157,Ry_Error_Gates_10,characterisation_ry,,,,,SUCCEED,SpinQuasarClient,1780958931,2026-06-09T00:48:51.000,2026-06-09T00:50:47.000,116,3,10,10,10,0,0,90.0000,76eb530973821c413ffebae924a45a9d280b492a,0.149713415602,0.164582916352,0.0241137866159,0.0217925383785,0.551771221381,0.0161868530633,0.0413853505385,0.0304539180694,9.49617863502e-19,0,0,0,1,0,0,0
1158,Ry_Error_Gates_12,characterisation_ry,,,,,SUCCEED,SpinQuasarClient,1780959054,2026-06-09T00:50:54.000,2026-06-09T00:52:52.000,118,3,12,12,12,0,0,90.0000,cc7ee560fe6d897045ab6f67a820e0b021a97439,0.398401162699,0.132085590312,0.105706981967,0.00110894805321,0.188301360715,0.144048516814,0.0155108574996,0.0148365819405,1,0,0,0,1.36744954168e-18,0,0,0
1159,Ry_Error_Gates_14,characterisation_ry,,,,,SUCCEED,SpinQuasarClient,1780959179,2026-06-09T00:52:59.000,2026-06-09T00:54:56.000,117,3,14,14,14,0,0,90.0000,45c9d5580708688d6c1c48c423b0e69c38f3d594,0.12393156296,0.165664022443,0.0172135685682,0.0261620595731,0.601953750477,0.00618308334304,0.0506755872923,0.00821636534343,1.86125104276e-18,0,0,0,1,0,0,0
1160,Ry_Error_Gates_16,characterisation_ry,,,,,SUCCEED,SpinQuasarClient,1780959304,2026-06-09T00:55:04.000,2026-06-09T00:56:59.000,115,3,16,16,16,0,0,90.0000,51be942df3217593b3bac96303515cb79524d15e,0.407577775635,0.039100028081,0.18417251277,0.0280866294074,0.101213071578,0.193780277638,0.019054577476,0.0270151274153,1,0,0,0,2.43102186905e-18,0,0,0
1161,Ry_Error_Gates_18,characterisation_ry,,,,,SUCCEED,SpinQuasarClient,1780959427,2026-06-09T00:57:07.000,2026-06-09T00:59:05.000,118,3,18,18,18,0,0,90.0000,846e56885b1364ac45a9f02684a67aafc9e0f257,0.465781158372,0.0251686090409,0.13966028866,0.0193451606532,0.235007801735,0.058731064622,0.0146065066415,0.041699410275,3.0767617609e-18,0,0,0,1,0,0,0
1162,Ry_Error_Gates_20,characterisation_ry,,,,,SUCCEED,SpinQuasarClient,1780959555,2026-06-09T00:59:15.000,2026-06-09T01:01:12.000,117,3,20,20,20,0,0,90.0000,f776ca87cfa139690be7b6dd59ea31bde06525aa,0.398128546498,0.0321800569436,0.149097946831,0.00832633739638,0.203572444515,0.141889920981,0.03557777582,0.0312269710154,1,0,0,0,3.79847145401e-18,0,0,0
