run_name,dist_id,stage,ladder,repeat,duration_s,fid_sim,tv_sim,l2_sim,fid_tgt,tv_tgt,l2_tgt,exp_000,sim_000,exp_001,sim_001,exp_010,sim_010,exp_011,sim_011,exp_100,sim_100,exp_101,sim_101,exp_110,sim_110,exp_111,sim_111,sim_q0_p0,exp_q0_p0,sim_q1_p0,exp_q1_p0,sim_q2_p0,exp_q2_p0
D3_L0_A_001,D3,L0,A,1,108.844,0.9339198264704555,0.06562229548123999,0.06283867304731612,0.43232316364512263,0.51437770451876,0.6183337203192666,0.4878678607264075,0.5000000000974484,0.009972266653735413,0.0,0.02128800089298878,0.0,0.002213442658971415,0.0,0.44650984379235253,0.4999999999025517,0.013871515573773642,0.0,0.01255498246082119,0.0,0.005722087240949483,0.0,0.5000000000974484,0.5213415709321031,1.0,0.9582214867462691,1.0,0.96822068787257
D3_L0_A_002,D3,L0,A,2,122.906,0.9459950893243912,0.05375010883681007,0.05084899227941195,0.4447960343026528,0.52624989116319,0.6177369546898962,0.4886504501182002,0.5000000000974484,0.008566202754708907,0.0,0.020159724555643254,0.0,0.0069914762479734854,0.0,0.4575994410449898,0.4999999999025517,0.002936877451801561,0.0,0.009517433866677917,0.0,0.005578393960004932,0.0,0.5000000000974484,0.5243678536765258,1.0,0.9577529713697005,1.0,0.9759270495855112
D3_L0_A_003,D3,L0,A,3,122.063,0.9429454411503602,0.05678114218760522,0.05346903831483753,0.4447219866386325,0.5232188578123947,0.617247365945516,0.48766610969489604,0.5000000000974484,0.004612477220326892,0.0,0.021634395216002515,0.0,0.005935830546067038,0.0,0.4555527481174988,0.4999999999025517,0.006382670090543055,0.0,0.008944593159002675,0.0,0.009271175955663053,0.0,0.5000000000974484,0.5198488126772924,1.0,0.9542140051232647,1.0,0.9737978461874
D3_L0_A_004,D3,L0,A,4,122.968,0.9015105056355198,0.09796840000103271,0.08813016822968489,0.48041486020154633,0.4820315999989673,0.6012724543613425,0.47269002540389893,0.5000000000974484,0.012721108457689999,0.0,0.03153470679760461,0.0,0.008283895098311242,0.0,0.4293415745950684,0.4999999999025517,0.010827051721119564,0.0,0.023923876932498166,0.0,0.01067776099380911,0.0,0.5000000000974484,0.5252297357575048,1.0,0.9255797601777769,1.0,0.9574901837290701
D3_L0_A_005,D3,L0,A,5,122.953,0.9208348372228966,0.07869633204929728,0.07277532769449757,0.4815201114752547,0.5013036679507028,0.6054648777901904,0.4814296026392758,0.5000000000974484,0.01805191468304361,0.0,0.02428159020061946,0.0,0.014626172698713136,0.0,0.439874065311427,0.4999999999025517,0.0021928567375486168,0.0,0.012125602234780514,0.0,0.007418195494591963,0.0,0.5000000000974484,0.538389280221652,1.0,0.9415484393712951,1.0,0.9577108603861028
D3_L01_A_001,D3,L01,A,1,124.016,0.8338935709886993,0.1942107333896596,0.1911810469814752,0.7176993240070167,0.411389124222152,0.4307441784319989,0.07726148027806268,0.0500000000562375,0.011817237318913966,0.0,0.28719565478205894,0.4500000000412108,0.05838200248287544,0.0,0.4723436830642864,0.44999999992427286,0.009818024128287382,0.0,0.018593611847771137,0.049999999978278926,0.06458830609774398,0.0,0.5000000000974483,0.43465637486191105,0.49999999998051037,0.5712404247895504,1.0,0.8553944299721791
D3_L01_A_002,D3,L01,A,2,122.985,0.8725833989197544,0.12582088567627386,0.11224497865559385,0.6757740098224159,0.381520696271361,0.48409564987351195,0.04463804154321121,0.0500000000562375,0.022204107691643302,0.0,0.36180579846264516,0.4500000000412108,0.031963609748727924,0.0,0.42908811548440695,0.44999999992427286,0.04431158628826775,0.0,0.038647158833462834,0.049999999978278926,0.02734158194763479,0.0,0.5000000000974483,0.4606115574462276,0.49999999998051037,0.5402418510075292,1.0,0.8741791143237262
D3_L01_A_003,D3,L01,A,3,125.047,0.8885639270289623,0.11416318032096459,0.10400299159945392,0.6384282193923617,0.4175183043441514,0.520326846404717,0.05084706535076605,0.0500000000562375,0.013650854015641277,0.0,0.41162733277150626,0.4500000000412108,0.02915135624764831,0.0,0.3742094868730128,0.44999999992427286,0.04546999851954627,0.0,0.05298322917368558,0.049999999978278926,0.022060677048193488,0.0,0.5000000000974483,0.5052766083855619,0.49999999998051037,0.4841774047589664,1.0,0.8896671141689707
D3_L01_A_004,D3,L01,A,4,120.938,0.9313240026427315,0.06830673059161634,0.057489622733260325,0.6030346582792789,0.4316932694083837,0.5402748903867686,0.04913526140606358,0.0500000000562375,0.017801247009981362,0.0,0.43099102032853603,0.4500000000412108,0.01964152772067212,0.0,0.4110851716018623,0.44999999992427286,0.02434943438169722,0.0,0.04048181607192172,0.049999999978278926,0.006514521479265507,0.0,0.5000000000974483,0.5175690564652531,0.49999999998051037,0.5023711143996045,1.0,0.9316932694083836
D3_L01_A_005,D3,L01,A,5,122.937,0.871540637212664,0.12683254314064196,0.09969703601341776,0.6715322158981267,0.38392670521717615,0.5085938338266911,0.04269976998049189,0.0500000000562375,0.024739666914119433,0.0,0.4107165530996006,0.4500000000412108,0.042513723328300064,0.0,0.39042609700354874,0.44999999992427286,0.03906877076113878,0.0,0.02932503677571686,0.049999999978278926,0.020510382137083633,0.0,0.5000000000974483,0.520669713322512,0.49999999998051037,0.4969343046592989,1.0,0.873167456859358
D3_FULL_A_001,D3,FULL,A,1,126.063,0.8710173463213005,0.3160961411998966,0.27688969445728107,0.8710173462744187,0.3160961412618507,0.2768896944994578,0.06962215311727461,0.020000000027880917,0.13683926140659977,0.030000000028356566,0.05414217253765555,0.050000000047777944,0.23797198743807318,0.3999999999934328,0.2459318713000761,0.3999999999446131,0.149517415801392,0.04999999997965975,0.08361343724064846,0.029999999991129355,0.02236170115828029,0.019999999987149554,0.5000000000974482,0.49857557449960316,0.49999999998051037,0.6019107016253424,0.5000000000114013,0.45330963419565473
D3_FULL_A_002,D3,FULL,A,2,126.937,0.8287523662531139,0.37590386056206415,0.32973358686354215,0.8287523662030705,0.37590386062401826,0.32973358690146565,0.09353488994835035,0.020000000027880917,0.13518134906526327,0.030000000028356566,0.058160038218288024,0.050000000047777944,0.18643984947601566,0.3999999999934328,0.23765628989996607,0.3999999999446131,0.18669605600610553,0.04999999997965975,0.06534812908832323,0.029999999991129355,0.03698339829768786,0.019999999987149554,0.5000000000974482,0.47331612670791734,0.49999999998051037,0.6530685849196852,0.5000000000114013,0.45469934715492766
D3_FULL_A_003,D3,FULL,A,3,121.047,0.8330556856474846,0.3744480497388044,0.31885174245511966,0.833055685615552,0.3744480498007585,0.3188517424973987,0.0682559439663887,0.020000000027880917,0.10053404816471381,0.030000000028356566,0.05748593337519251,0.050000000047777944,0.2460542149813567,0.3999999999934328,0.1794977352178848,0.3999999999446131,0.1402271705127347,0.04999999997965975,0.13516318522608792,0.029999999991129355,0.0727817685556409,0.019999999987149554,0.5000000000974482,0.47233014048765176,0.49999999998051037,0.48851489786172203,0.5000000000114013,0.4404027977855539
D3_FULL_A_004,D3,FULL,A,4,125.047,0.8829248242836094,0.3046297204452799,0.26468989233949564,0.8829248242134415,0.304629720507234,0.26468989240362356,0.06694504134028559,0.020000000027880917,0.11860133136746487,0.030000000028356566,0.10826305175986856,0.050000000047777944,0.2956553425171999,0.3999999999934328,0.19971493697556608,0.3999999999446131,0.0831926793069163,0.04999999997965975,0.09615820174474363,0.029999999991129355,0.03146941498795507,0.019999999987149554,0.5000000000974482,0.589464766984819,0.49999999998051037,0.46845398899023283,0.5000000000114013,0.4710812318204639
D3_FULL_A_005,D3,FULL,A,5,126.031,0.831112813083504,0.3777188681719641,0.32288496881249673,0.8311128130405084,0.3777188682339182,0.32288496886001555,0.06895173164978953,0.020000000027880917,0.10425430195740967,0.030000000028356566,0.07306010486993005,0.050000000047777944,0.25550134428880733,0.3999999999934328,0.16677978747727448,0.3999999999446131,0.12673915060712448,0.04999999997965975,0.1439927639332829,0.029999999991129355,0.060720815216381674,0.019999999987149554,0.5000000000974482,0.5017674827659366,0.49999999998051037,0.4667249716915982,0.5000000000114013,0.452784387930277
D3_FULL_B_001,D3,FULL,B,1,126.0,0.9069567538474599,0.2671990420523135,0.22872547608458552,0.9069567538169913,0.2671990421142675,0.22872547613492047,0.03885987440170091,0.020000000027880934,0.0805739762762534,0.030000000028356552,0.08405174644958462,0.050000000047777896,0.30016700205734437,0.3999999999934329,0.2326339558283882,0.3999999999446131,0.07876549315723023,0.04999999997965966,0.11034742514370725,0.02999999999112935,0.07460052668579113,0.019999999987149564,0.5000000000974483,0.5036525991848833,0.49999999998051026,0.43083329966357276,0.5000000000114013,0.465893001823381
D3_FULL_B_002,D3,FULL,B,2,127.0,0.8723986705861403,0.3176888349045407,0.27090618833478824,0.8723986705265091,0.3176888349664947,0.2709061883933464,0.07313943487879185,0.020000000027880934,0.10073647121680518,0.030000000028356552,0.0984255958312924,0.050000000047777896,0.27865896885500446,0.3999999999934329,0.2036521961785008,0.3999999999446131,0.06223388644112741,0.04999999997965966,0.11810557168825397,0.02999999999112935,0.0650478749102238,0.019999999987149564,0.5000000000974483,0.5509604707818938,0.49999999998051026,0.43976198871522526,0.5000000000114013,0.49332279857683903
D3_FULL_B_003,D3,FULL,B,3,125.969,0.8769577986240609,0.31866829253780593,0.26466989076980413,0.8769577985678016,0.31866829259976,0.264669890823599,0.08041366822466403,0.020000000027880934,0.10424523261550353,0.030000000028356552,0.08765783229825988,0.050000000047777896,0.2518718265235941,0.3999999999934329,0.22945988087664593,0.3999999999446131,0.07564050782721307,0.04999999997965966,0.10618224780351346,0.02999999999112935,0.06452880383060597,0.019999999987149564,0.5000000000974483,0.5241885596620215,0.49999999998051026,0.4897592895440266,0.5000000000114013,0.5037136292030833
D3_FULL_B_004,D3,FULL,B,4,125.937,0.8555380120419399,0.3563128942230603,0.29520747827785127,0.8555380119818766,0.3563128942850143,0.29520747833275424,0.07139403966290526,0.020000000027880934,0.11436565700258089,0.030000000028356552,0.10397178582739432,0.050000000047777896,0.24028833189204524,0.3999999999934329,0.20339877382294044,0.3999999999446131,0.09279214616960382,0.04999999997965966,0.11217605564354936,0.02999999999112935,0.06161320997898055,0.019999999987149564,0.5000000000974483,0.5300198143849257,0.49999999998051026,0.4819506166580304,0.5000000000114013,0.4909406549567894
D3_FULL_B_005,D3,FULL,B,5,125.984,0.8789630496092942,0.31394714791938405,0.2658271847172314,0.8789630495710102,0.31394714798133805,0.26582718476619016,0.05641692229789596,0.020000000027880934,0.0818270915866278,0.030000000028356552,0.08607295214869717,0.050000000047777896,0.27116656110868115,0.3999999999934329,0.21488629090998085,0.3999999999446131,0.08551582041653998,0.04999999997965966,0.13302314548295363,0.02999999999112935,0.07109121604862352,0.019999999987149564,0.5000000000974483,0.4954835271419021,0.49999999998051026,0.43864612521104457,0.5000000000114013,0.49039931083952765
D3_L0_A_006,D3,L0,A,6,123.016,0.8534282167246278,0.14622195747071892,0.12864709622664763,0.47090502425959246,0.4606270483911805,0.58261356927791,0.4441676559185252,0.5000000000974484,0.043850711405233465,0.0,0.0318465212880313,0.0,0.0029659412816230944,0.0,0.40961038661075583,0.4999999999025517,0.021396103401510127,0.0,0.042998294456665954,0.0,0.0031643856376548786,0.0,0.5000000000974484,0.522830829893413,1.0,0.9190248573360246,1.0,0.9286228582739783
D3_L0_A_007,D3,L0,A,7,120.985,0.9365250671189709,0.06344970284360618,0.05552123260571621,0.46506008789020914,0.5165502971563938,0.6037981587354401,0.4731360706489894,0.5000000000974484,0.002983559718358965,0.0,0.02345294914240551,0.0,0.011503607804519549,0.0,0.4634142265074045,0.4999999999025517,0.0020641295189915785,0.0,0.006621897246288798,0.0,0.016823559413041783,0.0,0.5000000000974484,0.5110761873142734,1.0,0.9415979863937445,1.0,0.9666251435450882
D3_L0_A_008,D3,L0,A,8,122.984,0.9206916736238792,0.07914140845186078,0.06970657957544382,0.4716425983812182,0.5008585915481393,0.6030754667714983,0.47282606734044963,0.5000000000974484,0.01652076982969946,0.0,0.02656443024508566,0.0,0.008476109580964172,0.0,0.4480325242076897,0.4999999999025517,0.00651739283603451,0.0,0.017784685329026568,0.0,0.0032780206310504623,0.0,0.5000000000974484,0.5243873769961989,1.0,0.9438967542138732,1.0,0.9652077071222515
D3_L0_A_009,D3,L0,A,9,123.015,0.8757410328757774,0.12410822681751695,0.10703248547963148,0.4957482870394147,0.4558917731824831,0.5835759910637205,0.4494354241733674,0.5000000000974484,0.029381044983911142,0.0,0.043271670679361295,0.0,0.007643080352409577,0.0,0.42645634900911567,0.4999999999025517,0.0185991020293645,0.0,0.00856776059723279,0.0,0.016645568175237605,0.0,0.5000000000974484,0.5297312201890494,1.0,0.9238719201957588,1.0,0.9277312044590771
D3_L0_A_010,D3,L0,A,10,121.031,0.90922470992485,0.09067239336263366,0.07923996016286193,0.4650369581252035,0.48932760663736635,0.5984624973120184,0.46433625054282796,0.5000000000974484,0.015649939408941715,0.0,0.033482249979916764,0.0,0.004589646764514637,0.0,0.4449913560945385,0.4999999999025517,0.010266688970765546,0.0,0.02148599703554019,0.0,0.005197871202954859,0.0,0.5000000000974484,0.5180580866962011,1.0,0.9352442350170737,1.0,0.9642958536528234
D3_L01_A_006,D3,L01,A,6,125.047,0.9243378363688126,0.0735120922916359,0.056057322413377846,0.622589800725738,0.42648790770836414,0.5312765380274088,0.029801588958717713,0.0500000000562375,0.017710066019935054,0.0,0.42246010038056225,0.4500000000412108,0.024128236530102314,0.0,0.43321922464336227,0.44999999992427286,0.026231610275920393,0.0,0.04100699372572187,0.049999999978278926,0.005442179465678029,0.0,0.5000000000974483,0.49409999188931736,0.49999999998051037,0.5069624898979355,1.0,0.9264879077083642
D3_L01_A_007,D3,L01,A,7,125.969,0.9070581352279372,0.08605548373377105,0.06605022338188908,0.6077707866272533,0.4236192173243621,0.5335038912352024,0.03227083207064498,0.0500000000562375,0.01742716618554799,0.0,0.4168187032055992,0.4500000000412108,0.016072735230040887,0.0,0.4445296820481179,0.44999999992427286,0.033123020773252805,0.0,0.020325298941866927,0.049999999978278926,0.019432561544929304,0.0,0.5000000000974483,0.4825894366918331,0.49999999998051037,0.5273507010775637,1.0,0.913944516266229
D3_L01_A_008,D3,L01,A,8,123.969,0.9231464552577207,0.07516006208594311,0.05884589321996124,0.609941723940766,0.42483993791405694,0.532024344315947,0.04985397816629618,0.0500000000562375,0.011889384116279652,0.0,0.41823679376786,0.4500000000412108,0.019262852603052532,0.0,0.42596474706750714,0.44999999992427286,0.025625053821855533,0.0,0.030784418912393672,0.049999999978278926,0.018382771544755375,0.0,0.5000000000974483,0.49924300865348836,0.49999999998051037,0.5133331631719384,1.0,0.9248399379140569
D3_L01_A_009,D3,L01,A,9,122.0,0.8877831032528097,0.11062987806018008,0.08402280547966379,0.6728176846318756,0.39112394114297383,0.5052166743863482,0.03212971954589532,0.0500000000562375,0.02462973436906746,0.0,0.40598510994658277,0.4500000000412108,0.043308583006603354,0.0,0.41510917988090523,0.44999999992427286,0.02093774148135536,0.0,0.03614611256643664,0.049999999978278926,0.021753819203153862,0.0,0.5000000000974483,0.506053146868149,0.49999999998051037,0.4928063752772234,1.0,0.88937012193982
D3_L01_A_010,D3,L01,A,10,121.922,0.8790453386152486,0.12014929524635205,0.09525847271682544,0.6339209197623367,0.4138350478985551,0.52353936468694,0.03972090391993531,0.0500000000562375,0.02228376524837737,0.0,0.41535814849592434,0.4500000000412108,0.027209952260057655,0.0,0.3890844627435422,0.44999999992427286,0.027586771849467756,0.0,0.03568718959424616,0.049999999978278926,0.04306880588844922,0.0,0.5000000000974483,0.5045727699242947,0.49999999998051037,0.47867590376132263,1.0,0.8798507047536479
D3_FULL_A_006,D3,FULL,A,6,125.984,0.9197188716600188,0.24867108224448603,0.2087888110781647,0.9197188716068375,0.24867108230644014,0.20878881113790368,0.06711585536232434,0.020000000027880917,0.08708259358169843,0.030000000028356566,0.09117261510988828,0.050000000047777944,0.2978184574475605,0.3999999999934328,0.25351046024599944,0.3999999999446131,0.06557214131729493,0.04999999997965975,0.08849989467370184,0.029999999991129355,0.049227982261532376,0.019999999987149554,0.5000000000974482,0.5431895215014716,0.49999999998051037,0.47328105050731717,0.5000000000114013,0.5002988253919138
D3_FULL_A_007,D3,FULL,A,7,125.016,0.8561471705302478,0.3575362501741235,0.29680653224322767,0.8561471704862211,0.3575362502360777,0.2968065322932449,0.05694844326319079,0.020000000027880917,0.09468995525144501,0.030000000028356566,0.09936879411750445,0.050000000047777944,0.2501213990330717,0.3999999999934328,0.19234235073085065,0.3999999999446131,0.12060211300684476,0.04999999997965975,0.11018726440129986,0.029999999991129355,0.07573968019579276,0.019999999987149554,0.5000000000974482,0.501128591665212,0.49999999998051037,0.4645828622523312,0.5000000000114013,0.45884685251284574
D3_FULL_A_008,D3,FULL,A,8,126.093,0.9176350279448008,0.24679468836522478,0.21671402868912898,0.917635027909985,0.24679468842717892,0.21671402872959195,0.04136764492705477,0.020000000027880917,0.1261482037184468,0.030000000028356566,0.060103534850113834,0.050000000047777944,0.26102094928738956,0.3999999999934328,0.2921843622854316,0.3999999999446131,0.11963033314531245,0.04999999997965975,0.06333729244013774,0.029999999991129355,0.036207679346113346,0.019999999987149554,0.5000000000974482,0.48864033278300495,0.49999999998051037,0.5793305440762456,0.5000000000114013,0.456992834502738
D3_FULL_A_009,D3,FULL,A,9,127.047,0.8669468176780064,0.3356629295441832,0.2878859716218576,0.8669468176296024,0.3356629296061373,0.28788597166423624,0.060999043176948986,0.020000000027880917,0.12631948789276673,0.030000000028356566,0.07787185597672701,0.050000000047777944,0.21907162141372216,0.3999999999934328,0.24526544898014058,0.3999999999446131,0.15622300203644943,0.04999999997965975,0.08576731336285526,0.029999999991129355,0.028482227160389877,0.019999999987149554,0.5000000000974482,0.48426200846016487,0.49999999998051037,0.5888069820863058,0.5000000000114013,0.46990366149667184
D3_FULL_A_010,D3,FULL,A,10,126.062,0.9167481021364842,0.2425852268279231,0.20941494600384572,0.9167481020933712,0.24258522688987727,0.2094149460549981,0.05703482001832588,0.020000000027880917,0.08325499772626285,0.030000000028356566,0.07991455331395013,0.050000000047777944,0.28807995372283773,0.3999999999934328,0.269334819387285,0.3999999999446131,0.05314631196417072,0.04999999997965975,0.12150961244673297,0.029999999991129355,0.04772493142043465,0.019999999987149554,0.5000000000974482,0.5082843247813766,0.49999999998051037,0.46277094909604444,0.5000000000114013,0.527793805166294
D3_FULL_B_006,D3,FULL,B,6,125.985,0.860255050682016,0.3382857535073105,0.28723797801876366,0.8602550506250747,0.3382857535692645,0.2872379780770336,0.06104682292501518,0.020000000027880934,0.09058882084088533,0.030000000028356552,0.12075063691578247,0.050000000047777896,0.270118127945277,0.3999999999934329,0.19159611848545852,0.3999999999446131,0.06487986124313141,0.04999999997965966,0.11594547069480286,0.02999999999112935,0.08507414094964724,0.019999999987149564,0.5000000000974483,0.54250440862696,0.49999999998051026,0.4081116234944905,0.5000000000114013,0.48933904902105907
D3_FULL_B_007,D3,FULL,B,7,125.969,0.8781677809708439,0.3166801260311837,0.2697523687286636,0.8781677809372322,0.31668012609313767,0.269752368775786,0.046089146539530335,0.020000000027880934,0.08749048505694998,0.030000000028356552,0.0827089205575842,0.050000000047777896,0.27305982024668557,0.3999999999934329,0.21026005366017675,0.3999999999446131,0.10255877210394904,0.04999999997965966,0.13478643403814378,0.02999999999112935,0.06304636779698035,0.019999999987149564,0.5000000000974483,0.4893483724007501,0.49999999998051026,0.4463984573606061,0.5000000000114013,0.4738445547954351
D3_FULL_B_008,D3,FULL,B,8,126.953,0.8640169324274112,0.32917587943882554,0.2819180657931468,0.8640169323731144,0.32917587950077953,0.28191806584818224,0.05573929411418139,0.020000000027880934,0.13758472011494735,0.030000000028356552,0.08327034699212779,0.050000000047777896,0.265795009734568,0.3999999999934329,0.20502911076465252,0.3999999999446131,0.07139598085652223,0.04999999997965966,0.11028754744327507,0.02999999999112935,0.0708979899797257,0.019999999987149564,0.5000000000974483,0.5423893709558245,0.49999999998051026,0.4697491058503035,0.5000000000114013,0.45432629931423674
D3_FULL_B_009,D3,FULL,B,9,122.968,0.8581508518028546,0.3372054954949542,0.28896963283646054,0.8581508517471822,0.3372054955569082,0.2889696328932341,0.06913803913757433,0.020000000027880934,0.09935329499602029,0.030000000028356552,0.09768364612101278,0.050000000047777896,0.2787586815251865,0.3999999999934329,0.18403582291790532,0.3999999999446131,0.0705320188738449,0.04999999997965966,0.12668341030491032,0.02999999999112935,0.0738150861235456,0.019999999987149564,0.5000000000974483,0.544933661779794,0.49999999998051026,0.42305917592534487,0.5000000000114013,0.47754091848140273
D3_FULL_B_010,D3,FULL,B,10,126.0,0.8947894900848987,0.2804063529616826,0.24391652641692124,0.8947894900450937,0.2804063530236366,0.2439165264597037,0.05798410733498015,0.020000000027880934,0.13947763113411557,0.030000000028356552,0.05004673160208412,0.050000000047777896,0.25096100259288384,0.3999999999934329,0.2686326443834796,0.3999999999446131,0.11183226821527012,0.04999999997965966,0.07668472438146592,0.02999999999112935,0.04438089035572074,0.019999999987149564,0.5000000000974483,0.49846947266406366,0.49999999998051026,0.5779266510678455,0.5000000000114013,0.4533482077020098
D3_L0_A_011,D3,L0,A,11,122.016,0.9016024980185524,0.09743804834725549,0.09118234540032083,0.5132443459310906,0.4825619516527445,0.5675328142158773,0.4218693150749311,0.5000000000974484,0.027582366373869568,0.0,0.020608304948422966,0.0,0.01117815130036338,0.0,0.48069263657781347,0.4999999999025517,0.007433605971990854,0.0,0.016335788603670517,0.0,0.01429983114893818,0.0,0.5000000000974484,0.481238137697587,1.0,0.937577923998605,1.0,0.9395060452048379
D3_L0_A_012,D3,L0,A,12,121.0,0.9188323143825304,0.08068123718295371,0.07353358615383174,0.46649784134539296,0.49931876281704635,0.6092153683710105,0.48080091741464387,0.5000000000974484,0.012044566037476053,0.0,0.023859646535947184,0.0,0.00696532846077134,0.0,0.4385178454024025,0.4999999999025517,0.010340732473197244,0.0,0.0161229930596889,0.0,0.01134797061587302,0.0,0.5000000000974484,0.5236704584488384,1.0,0.9417040613277197,1.0,0.9593014024126825
D3_L0_A_013,D3,L0,A,13,122.953,0.9305701666515168,0.06841774626074765,0.07190653672209528,0.44622881249575164,0.5115822537392524,0.6222845776552857,0.4964801811962106,0.5000000000974484,0.006040137557915499,0.0,0.020274673921272558,0.0,0.005408828129345347,0.0,0.43510207254304184,0.4999999999025517,0.01120409360731008,0.0,0.015844743653805553,0.0,0.009645269391098672,0.0,0.5000000000974484,0.5282038208047442,1.0,0.9488264849044781,1.0,0.9677016713143306
D3_L0_A_014,D3,L0,A,14,120.016,0.9205447258792033,0.07887185024617485,0.07425553465517164,0.45080094642375734,0.5011281497538251,0.613106535415972,0.48373879763448396,0.5000000000974484,0.010651593322398312,0.0,0.02386623552576451,0.0,0.004208864871440858,0.0,0.4373893521193412,0.4999999999025517,0.011046188725416965,0.0,0.02099940927470865,0.0,0.008099558526445528,0.0,0.5000000000974484,0.5224654913540877,1.0,0.9428259318016404,1.0,0.9659937945542983
D3_L0_A_015,D3,L0,A,15,123.031,0.9348723196909345,0.0640546476262936,0.06953063721663247,0.45491901371930443,0.5159453523737064,0.623131890460849,0.49964519675297697,0.5000000000974484,0.0050030519571244705,0.0,0.015936784708761944,0.0,0.00843275527784583,0.0,0.43630015562072955,0.4999999999025517,0.01232027796058296,0.0,0.01470059531356132,0.0,0.0076611824084171585,0.0,0.5000000000974484,0.5290177886967091,1.0,0.9532686822914139,1.0,0.9665827323960298
D3_L01_A_011,D3,L01,A,11,124.031,0.8964553167402118,0.10958791744371246,0.09231784272569335,0.6352929747938816,0.3977607148893242,0.5137315203453777,0.05683508989524474,0.0500000000562375,0.011280465298159133,0.0,0.3985757487061348,0.4500000000412108,0.02509339732741104,0.0,0.4001993820687031,0.44999999992427286,0.045865422485105604,0.0,0.04163695172521212,0.049999999978278926,0.02051354249402932,0.0,0.5000000000974483,0.4917847012269498,0.49999999998051037,0.5141803597472125,1.0,0.8972471723952947
D3_L01_A_012,D3,L01,A,12,123.031,0.8767594920979233,0.12826494726875626,0.10556290060384194,0.6784460292583068,0.401401297657786,0.5010974809803519,0.05696755375099915,0.0500000000562375,0.012665464968534875,0.0,0.40619530268549225,0.4500000000412108,0.050854690863011226,0.0,0.38348964140629926,0.44999999992427286,0.03158890510436868,0.0,0.0320501085832148,0.049999999978278926,0.026188332638079775,0.0,0.5000000000974483,0.5266830122680375,0.49999999998051037,0.484711565230202,1.0,0.8787026064260055
D3_L01_A_013,D3,L01,A,13,123.047,0.9105209152616459,0.09131973149902885,0.08065446591864553,0.5897087022251845,0.4195012349108547,0.543696125561606,0.053237025507817975,0.0500000000562375,0.011615130806950699,0.0,0.43090376700122773,0.4500000000412108,0.014060971515570567,0.0,0.39241605904169696,0.44999999992427286,0.04384959086484199,0.0,0.035360442401809015,0.049999999978278926,0.018557012860085056,0.0,0.5000000000974483,0.509816894831567,0.49999999998051037,0.5011178062213076,1.0,0.9119172939525517
D3_L01_A_014,D3,L01,A,14,122.937,0.8700575282392594,0.12760142087270687,0.10212386678247286,0.6554186530925573,0.39015483871446544,0.51107000421466,0.04908631882934256,0.0500000000562375,0.020273221040233328,0.0,0.4043315683036613,0.4500000000412108,0.03314915205401689,0.0,0.3923834361936084,0.44999999992427286,0.04744209619699506,0.0,0.02659725580068103,0.049999999978278926,0.026736951581461624,0.0,0.5000000000974483,0.506840260227254,0.49999999998051037,0.5091850722601793,1.0,0.8723985791272932
D3_L01_A_015,D3,L01,A,15,122.985,0.9081147793458665,0.08886614534350507,0.07524194284704902,0.6417627118808481,0.412370026742033,0.5358312603971986,0.027927980123432897,0.0500000000562375,0.021750741853198113,0.0,0.4436802539932987,0.4500000000412108,0.0382334115079607,0.0,0.398763827914462,0.44999999992427286,0.020431557522580333,0.0,0.04076179262530141,0.049999999978278926,0.008450434459765885,0.0,0.5000000000974483,0.5315923874778904,0.49999999998051037,0.46887410741367336,1.0,0.9111338546564951
D3_FULL_A_011,D3,FULL,A,11,126.0,0.8097204795627029,0.3990724008095913,0.3440378590109203,0.8097204795160758,0.3990724008237675,0.34403785904931283,0.1109182635209321,0.020000000027880917,0.11417551350255209,0.030000000028356566,0.048525365382947196,0.050000000047777944,0.1912211281295798,0.3999999999934328,0.21118110566370557,0.3999999999446131,0.17611749115144976,0.04999999997965975,0.11812885571976334,0.029999999991129355,0.029732276929070205,0.019999999987149554,0.5000000000974482,0.46484027053601124,0.49999999998051037,0.6123923738386395,0.5000000000114013,0.4887535902873482
D3_FULL_A_012,D3,FULL,A,12,126.906,0.867759775892413,0.3287512587507593,0.2837144602071083,0.8677597758683177,0.3287512588127134,0.28371446024712527,0.037832114449076214,0.020000000027880917,0.09345896802939556,0.030000000028356566,0.06973859133121563,0.050000000047777944,0.2544166742624296,0.3999999999934328,0.21683206692485707,0.3999999999446131,0.12233645860830103,0.04999999997965975,0.1507589630952047,0.029999999991129355,0.05462616329952028,0.019999999987149554,0.5000000000974482,0.455446348072117,0.49999999998051037,0.4704596080116299,0.5000000000114013,0.47516173580035365
D3_FULL_A_013,D3,FULL,A,13,125.953,0.80788493331307,0.4057056452009359,0.34849435539166945,0.8078849332613337,0.40570564526289,0.3484943554412331,0.07148815340565852,0.020000000027880917,0.11943283067776528,0.030000000028356566,0.08032140795119469,0.050000000047777944,0.24868975458011638,0.3999999999934328,0.14560460015699367,0.3999999999446131,0.1403732266784819,0.04999999997965975,0.1451702323696829,0.029999999991129355,0.048919794180106745,0.019999999987149554,0.5000000000974482,0.5199321466147349,0.49999999998051037,0.47689881091889935,0.5000000000114013,0.44258439388352977
D3_FULL_A_014,D3,FULL,A,14,122.938,0.8258590275021332,0.3815108729750629,0.3277864128886607,0.8258590274508943,0.38151087303701703,0.32778641293947025,0.07433003542248859,0.020000000027880917,0.11138224002307513,0.030000000028356566,0.07873850894447601,0.050000000047777944,0.2589462354566051,0.3999999999934328,0.15954289150637788,0.3999999999446131,0.11266682668806158,0.04999999997965975,0.14891984105433764,0.029999999991129355,0.0554734209045781,0.019999999987149554,0.5000000000974482,0.5233970198466449,0.49999999998051037,0.4579219936400032,0.5000000000114013,0.46153127692768015
D3_FULL_A_015,D3,FULL,A,15,125.937,0.8526818960271244,0.34252785973255456,0.29713636577005914,0.8526818959785873,0.34252785980735917,0.2971363658094795,0.07983509225274998,0.020000000027880917,0.13105454232370622,0.030000000028356566,0.05391295658467401,0.050000000047777944,0.21695349913673967,0.3999999999934328,0.24478384553227409,0.3999999999446131,0.16202560320814213,0.04999999997965975,0.09569966543808676,0.029999999991129355,0.01573479552362706,0.019999999987149554,0.5000000000974482,0.48175609029786987,0.49999999998051037,0.6176990833168725,0.5000000000114013,0.47423155980778486
D3_FULL_B_011,D3,FULL,B,11,126.078,0.9286337893779173,0.236649630911777,0.19782962704389886,0.9286337893330838,0.236649630973731,0.1978296270998685,0.05012795741300552,0.020000000027880934,0.08805726288412091,0.030000000028356552,0.08972078141341563,0.050000000047777896,0.2955400719938881,0.3999999999934329,0.26781029703238096,0.3999999999446131,0.07217948028263406,0.04999999997965966,0.0913912140505083,0.02999999999112935,0.04517293493004662,0.019999999987149564,0.5000000000974483,0.5234460737044302,0.49999999998051026,0.47817499761214144,0.5000000000114013,0.49905024990931046
D3_FULL_B_012,D3,FULL,B,12,126.953,0.8818285076219916,0.3079136828540183,0.26358779974106145,0.8818285075894496,0.3079136829159723,0.2635877997872169,0.05010397846718396,0.020000000027880934,0.08630761016427502,0.030000000028356552,0.07499309083946025,0.050000000047777896,0.27549311274058347,0.3999999999934329,0.21659320434344415,0.3999999999446131,0.09621601478824408,0.04999999997965966,0.1383665802279927,0.02999999999112935,0.06192640842881621,0.019999999987149564,0.5000000000974483,0.4868977922115027,0.49999999998051026,0.4492208077631472,0.5000000000114013,0.48005685387808106
D3_FULL_B_013,D3,FULL,B,13,126.0,0.9043783981055469,0.26744114737418134,0.2285879439218101,0.9043783980743573,0.26744114743613534,0.22858794397206125,0.040159089536837916,0.020000000027880934,0.09331426233056861,0.030000000028356552,0.07705820163122344,0.050000000047777896,0.2975231019395103,0.3999999999934329,0.23503575062435444,0.3999999999446131,0.07542303183112517,0.04999999997965966,0.08867892030695522,0.02999999999112935,0.09280764179942501,0.019999999987149564,0.5000000000974483,0.5080546554381402,0.49999999998051026,0.44393213432288614,0.5000000000114013,0.440931962099371
D3_FULL_B_014,D3,FULL,B,14,125.937,0.8913788265720748,0.2841649306031857,0.24317692248582348,0.8913788265572002,0.2841649306651397,0.24317692252382542,0.045576387834789886,0.020000000027880934,0.08238327885650024,0.030000000028356552,0.05128491100398069,0.050000000047777896,0.2746979731425732,0.3999999999934329,0.24113709619228713,0.3999999999446131,0.0970570832091297,0.04999999997965966,0.11675499549816455,0.02999999999112935,0.0911082742625746,0.019999999987149564,0.5000000000974483,0.453942550837844,0.49999999998051026,0.46615384609270694,0.5000000000114013,0.45475339052922226
D3_FULL_B_015,D3,FULL,B,15,123.016,0.9108558976558306,0.265345885309562,0.22595174202871365,0.9108558976214735,0.265345885371516,0.22595174207865443,0.025934913733502877,0.020000000027880934,0.09462549597721834,0.030000000028356552,0.09909736382490798,0.050000000047777896,0.2776055932194248,0.3999999999934329,0.25704852140905926,0.3999999999446131,0.08270898772248883,0.04999999997965966,0.11445762884229817,0.02999999999112935,0.04852149527109982,0.019999999987149564,0.5000000000974483,0.497263366755054,0.49999999998051026,0.46031791884226925,0.5000000000114013,0.4965384278097683
D3_L0_A_016,D3,L0,A,16,120.922,0.947607782669047,0.052369176359762126,0.046566022726088244,0.43405803312979496,0.527630823640238,0.6124310372527079,0.4784880774922906,0.5000000000974484,0.0006501339754528102,0.0,0.01981999224474631,0.0,0.005614689313114143,0.0,0.46914274614794726,0.4999999999025517,0.002854328120564792,0.0,0.006916493616185584,0.0,0.01651353908969843,0.0,0.5000000000974484,0.5045728930256038,1.0,0.9511352857362555,1.0,0.9743673095011698
D3_L0_A_017,D3,L0,A,17,123.0,0.9338547247671386,0.06612140340056885,0.056778438356260674,0.4612943579403361,0.5138785965994312,0.5997614715790582,0.4622177707379862,0.5000000000974484,0.011605478031503837,0.0,0.024922879766913604,0.0,0.005472668591340977,0.0,0.47166082586144503,0.4999999999025517,0.006995594217272563,0.0,0.01099455426451568,0.0,0.006130228529022218,0.0,0.5000000000974484,0.5042187971277446,1.0,0.9524796688482077,1.0,0.9697960306308605
D3_L0_A_018,D3,L0,A,18,122.906,0.9406100053509439,0.05897957623646144,0.05785734816513928,0.4476544773527172,0.5210204237635385,0.617665481444958,0.4901582058981359,0.5000000000974484,0.00304240720078344,0.0,0.020137444316750932,0.0,0.007942751457571767,0.0,0.45086221786540265,0.4999999999025517,0.007072201594326914,0.0,0.0036022977563341264,0.0,0.017182473910694218,0.0,0.5000000000974484,0.521280808873242,1.0,0.9511350325586488,1.0,0.9647601658366236
D3_L0_A_019,D3,L0,A,19,123.0,0.909725532414349,0.0902705656542801,0.07536114059122047,0.4913266835927983,0.4897294343457199,0.5902164834000768,0.4567487784584746,0.5000000000974484,0.024696201602922185,0.0,0.022234558359430934,0.0,0.010319880284967197,0.0,0.45298065588724534,0.4999999999025517,0.0072709431916207394,0.0,0.014028848225391626,0.0,0.011720133989947406,0.0,0.5000000000974484,0.5139994187057949,1.0,0.9416965791402628,1.0,0.9459928409305425
D3_L0_A_020,D3,L0,A,20,122.985,0.8772276088244724,0.12276930638596352,0.104376914779133,0.49172237900423305,0.4572306936140365,0.5786319339660462,0.44026035831281424,0.5000000000974484,0.027861514045443358,0.0,0.03691094392075751,0.0,0.005446821469356289,0.0,0.43697033530122226,0.4999999999025517,0.023397112331611375,0.0,0.0248783073255283,0.0,0.00427460729326664,0.0,0.5000000000974484,0.5104796377483714,1.0,0.9284893199910912,1.0,0.9390199448603223
D3_L01_A_016,D3,L01,A,16,123.015,0.9252864334418729,0.07020780244960245,0.052374566539378414,0.6192261462425359,0.42979737503643217,0.5420691292490021,0.028009001417687196,0.0500000000562375,0.01811411787575163,0.0,0.4405910927361154,0.4500000000412108,0.02739407717424976,0.0,0.43119728088262954,0.44999999992427286,0.016449941512175666,0.0,0.029994822513965437,0.049999999978278926,0.008249665887425303,0.0,0.5000000000974483,0.514108289203804,0.49999999998051037,0.493770341688244,1.0,0.9297921975503975
D3_L01_A_017,D3,L01,A,17,124.0,0.8605063517949226,0.13873140003415296,0.11117096259222628,0.6955809657552247,0.37649363786587564,0.48909815434323556,0.03269350342298261,0.0500000000562375,0.025832843759082923,0.0,0.39177089193887027,0.4500000000412108,0.051211525915134566,0.0,0.39151601529141955,0.44999999992427286,0.03494597716848733,0.0,0.04528818931257463,0.049999999978278926,0.026741053191448066,0.0,0.5000000000974483,0.5015087650360703,0.49999999998051037,0.4849883396419724,1.0,0.861268599965847
D3_L01_A_018,D3,L01,A,18,123.875,0.8749793672082785,0.12201171370604257,0.09326546352672054,0.6811048937137199,0.3809937843119855,0.5058009619890522,0.025206054197281964,0.0500000000562375,0.02453260375095004,0.0,0.41377359897779625,0.4500000000412108,0.04966437825440635,0.0,0.4008196803124896,0.44999999992427286,0.02480923368265807,0.0,0.03818895280638965,0.049999999978278926,0.023005498018028037,0.0,0.5000000000974483,0.5131766351804347,0.49999999998051037,0.4753675719433797,1.0,0.8779882862939574
D3_L01_A_019,D3,L01,A,19,121.984,0.9152061586549641,0.0839552625262465,0.07085378963682062,0.6310819128048671,0.41604473747375353,0.5308703946611328,0.047919321219538576,0.0500000000562375,0.013308865606786211,0.0,0.42854392377660894,0.4500000000412108,0.029888847777311017,0.0,0.40376006303006134,0.44999999992427286,0.03293555392123329,0.0,0.035821429447544725,0.049999999978278926,0.007821995220915931,0.0,0.5000000000974483,0.5196609583802447,0.49999999998051037,0.49792380377761947,1.0,0.9160447374737536
D3_L01_A_020,D3,L01,A,20,128.031,0.9680317331090565,0.03287957061691309,0.02657192788469974,0.5448225794187136,0.4700337789115574,0.560593447616963,0.036244443879730415,0.0500000000562375,0.010238496565921094,0.0,0.44482440383786825,0.4500000000412108,0.008947784996720335,0.0,0.4529133494527433,0.44999999992427286,0.010081773071098065,0.0,0.03605158174121541,0.049999999978278926,0.0006981664547030694,0.0,0.5000000000974483,0.5002551292802401,0.49999999998051037,0.5094780629694928,1.0,0.9700337789115573
D3_FULL_A_016,D3,FULL,A,16,92.844,0.761788456214395,0.4714245625790745,0.3921221100995477,0.761788456157237,0.4714245626410286,0.3921221101476265,0.06183764356628246,0.020000000027880917,0.12083578671475026,0.030000000028356566,0.14352286359799013,0.050000000047777944,0.15631698271771838,0.3999999999934328,0.1722584546412531,0.3999999999446131,0.12781751807112765,0.04999999997965975,0.07072093369841245,0.029999999991129355,0.14668981699246567,0.019999999987149554,0.5000000000974482,0.4825132765967412,0.49999999998051037,0.4827494029934135,0.5000000000114013,0.44833989550393816
D3_FULL_A_017,D3,FULL,A,17,127.031,0.8480452219771941,0.34916831571809204,0.3033306250190277,0.8480452219308616,0.34916831573226825,0.30333062506080705,0.07784148538598477,0.020000000027880917,0.14772280170181168,0.030000000028356566,0.044770057363730985,0.050000000047777944,0.23142159563787504,0.3999999999934328,0.22464003126612578,0.3999999999446131,0.16179887848256477,0.04999999997965975,0.08538824183486647,0.029999999991129355,0.026416908327040526,0.019999999987149554,0.5000000000974482,0.5017559400894025,0.49999999998051037,0.6120031968364871,0.5000000000114013,0.432639815850708
D3_FULL_A_018,D3,FULL,A,18,126.047,0.8407428060089767,0.3628838295643489,0.31483137457252863,0.8407428059570419,0.362883829626303,0.3148313746133319,0.07593159151527218,0.020000000027880917,0.15416606760968593,0.030000000028356566,0.06301374000220596,0.050000000047777944,0.19034549569053655,0.3999999999934328,0.24677067468316044,0.3999999999446131,0.14959652248991728,0.04999999997965975,0.08223216728702876,0.029999999991129355,0.03794374072219285,0.019999999987149554,0.5000000000974482,0.4834568948177006,0.49999999998051037,0.6264648562980358,0.5000000000114013,0.4679481734876673
D3_FULL_A_019,D3,FULL,A,19,125.984,0.8594278142630063,0.3325038676988331,0.2927038722898258,0.8594278142252102,0.3325038677607872,0.2927038723239678,0.06518572702261234,0.020000000027880917,0.12739895415894795,0.030000000028356566,0.05322941554009025,0.050000000047777944,0.20188787635786357,0.3999999999934328,0.2656082558813492,0.3999999999446131,0.1582703346385744,0.04999999997965975,0.1010687653000162,0.029999999991129355,0.02735067110054609,0.019999999987149554,0.5000000000974482,0.4477019730795141,0.49999999998051037,0.6164632717014839,0.5000000000114013,0.48509216374406794
D3_FULL_A_020,D3,FULL,A,20,123.047,0.8990021245285614,0.2865546450397014,0.243407489391234,0.8990021244832453,0.2865546451016555,0.24340748944280585,0.04252895434813906,0.020000000027880917,0.11095762086228454,0.030000000028356566,0.08877863778371671,0.050000000047777944,0.2720938488585775,0.3999999999934328,0.24135150603976702,0.3999999999446131,0.09378978976820815,0.04999999997965975,0.11330107023845808,0.029999999991129355,0.037198572100849064,0.019999999987149554,0.5000000000974482,0.5143590618527178,0.49999999998051037,0.4886278710183988,0.5000000000114013,0.4859601684100809
D3_FULL_B_016,D3,FULL,B,16,126.094,0.8666161343158743,0.31197561342714514,0.27683669586703974,0.8666161342779296,0.31197561348909914,0.2768366959188568,0.03368187446705305,0.020000000027880934,0.1113245693760915,0.030000000028356552,0.08528595728612216,0.050000000047777896,0.2912096273273724,0.3999999999934329,0.1968147591835286,0.3999999999446131,0.059741979235161065,0.04999999997965966,0.13323605743422362,0.02999999999112935,0.08870517569044782,0.019999999987149564,0.5000000000974483,0.5215020284566391,0.49999999998051026,0.4015631822618342,0.5000000000114013,0.4490186483709274
D3_FULL_B_017,D3,FULL,B,17,127.0,0.8625229798125917,0.31889656324095117,0.2850605285595581,0.862522979770784,0.31889656330290517,0.28506052861233283,0.04658807921854721,0.020000000027880934,0.11511356030845135,0.030000000028356552,0.07390909701008837,0.050000000047777896,0.3022333156175539,0.3999999999934329,0.17887012107954098,0.3999999999446131,0.07687777999077271,0.04999999997965966,0.13395003682896814,0.02999999999112935,0.0724580099460774,0.019999999987149564,0.5000000000974483,0.5378440521546408,0.49999999998051026,0.41744954059731226,0.5000000000114013,0.4333173341371447
D3_FULL_B_018,D3,FULL,B,18,125.984,0.8801134508358526,0.30896206551589567,0.26291656031682037,0.8801134508020664,0.3089620655778496,0.2629165603634232,0.054030411804987556,0.020000000027880934,0.08121434529271038,0.030000000028356552,0.07907526124756621,0.050000000047777896,0.2702855148223183,0.3999999999934329,0.22075241959983208,0.3999999999446131,0.08223051168046326,0.04999999997965966,0.13685403026820692,0.02999999999112935,0.07555750528391526,0.019999999987149564,0.5000000000974483,0.4846055331675824,0.49999999998051026,0.43822768837799325,0.5000000000114013,0.4907121229205928
D3_FULL_B_019,D3,FULL,B,19,133.938,0.9006827448551971,0.2756483719936005,0.23812680237759398,0.9006827448203468,0.2756483720555545,0.2381268024288259,0.040257369181818034,0.020000000027880934,0.1093970073632394,0.030000000028356552,0.07055125715312517,0.050000000047777896,0.30071425649977185,0.3999999999934329,0.22363737144467366,0.3999999999446131,0.09048703356195702,0.04999999997965966,0.10088925701294073,0.02999999999112935,0.06406644778247413,0.019999999987149564,0.5000000000974483,0.5209198901979544,0.49999999998051026,0.4637787815516881,0.5000000000114013,0.4353352547925576
D3_FULL_B_020,D3,FULL,B,20,117.968,0.8728317452721404,0.32789712585589215,0.2725601198592838,0.8728317452329168,0.32789712591784614,0.27256011990433215,0.06470882714025389,0.020000000027880934,0.09645766086518166,0.030000000028356552,0.07542674818011393,0.050000000047777896,0.24121498214234133,0.3999999999934329,0.23088789193981252,0.3999999999446131,0.10144249860050499,0.04999999997965966,0.12216217675564012,0.02999999999112935,0.06769921437615149,0.019999999987149564,0.5000000000974483,0.4778082183278908,0.49999999998051026,0.493496878545753,0.5000000000114013,0.49318564401582043
D3_L0_A_021,D3,L0,A,21,122.0,0.9404825503482487,0.059400347162730335,0.05307615801754923,0.4319296331284958,0.5205996528372697,0.6142398387781035,0.48079424633829193,0.5000000000974484,0.00946302932740804,0.0,0.02201681024985776,0.0,0.00312258797519738,0.0,0.4598054064989777,0.4999999999025517,0.0028754040204471173,0.0,0.010904130298701678,0.0,0.011018385291118291,0.0,0.5000000000974484,0.5153966738907552,1.0,0.9529380861851249,1.0,0.9735205933858291
D3_L0_A_022,D3,L0,A,22,121.968,0.9116182958843673,0.088008427383438,0.08139102946036787,0.4677472804689645,0.491991572616562,0.6042384049238283,0.4744426261940934,0.5000000000974484,0.006948833967051232,0.0,0.03824904642291395,0.0,0.00687765358188306,0.0,0.43754894642246867,0.4999999999025517,0.008778339590362736,0.0,0.019359323601684263,0.0,0.00779523021954274,0.0,0.5000000000974484,0.5265181601659417,1.0,0.9277187461739761,1.0,0.9695999426411602
D3_L0_A_023,D3,L0,A,23,122.016,0.9438513778548361,0.05545783122844968,0.060799058277915194,0.42723086396138327,0.5245421687715504,0.6254242438825403,0.4978054526615729,0.5000000000974484,0.006075742304521935,0.0,0.025467390037601203,0.0,0.004126512378020668,0.0,0.44673671610997745,0.4999999999025517,0.003087436380617572,0.0,0.009617567543776802,0.0,0.007083182583911467,0.0,0.5000000000974484,0.5334750973817167,1.0,0.9537053474566899,1.0,0.9796271263529284
D3_L0_A_024,D3,L0,A,24,123.953,0.9297052921865271,0.07022872835215413,0.060861469751191305,0.4722577936942359,0.5097712716478459,0.5950272650817316,0.45705355736768144,0.5000000000974484,0.0109586059457329,0.0,0.026868548157891685,0.0,0.00689692407302439,0.0,0.47271771428016446,0.4999999999025517,0.007689596027096684,0.0,0.010907901799267252,0.0,0.0069071523491411844,0.0,0.5000000000974484,0.5017776355443304,1.0,0.9484194736206756,1.0,0.9675477216050048
D3_L0_A_025,D3,L0,A,25,122.907,0.9295912415081905,0.06978072116724587,0.06811238671600396,0.4323691289421599,0.5102192788327542,0.619025579972669,0.4892719654763662,0.5000000000974484,0.01566532824131277,0.0,0.018529222505475174,0.0,0.0023804172443657847,0.0,0.440947313356388,0.4999999999025517,0.009228439510683965,0.0,0.01790329317275415,0.0,0.006074020492654042,0.0,0.5000000000974484,0.5258469334675199,1.0,0.9551130465847509,1.0,0.9666517945109835
D3_L01_A_021,D3,L01,A,21,122.922,0.8964166604636546,0.09939412432867026,0.08065978720320054,0.6261920839788939,0.41029937735328387,0.5318345614288703,0.05075875917455541,0.0500000000562375,0.011630541850796776,0.0,0.42684358988239607,0.4500000000412108,0.026660837562394377,0.0,0.4026970282963323,0.44999999992427286,0.040840818977548675,0.0,0.021065257436363883,0.049999999978278926,0.019503166819612405,0.0,0.5000000000974483,0.5158937284701426,0.49999999998051037,0.5059271482992331,1.0,0.9013646347896477
D3_L01_A_022,D3,L01,A,22,124.0,0.9357886540400836,0.06312420854599408,0.04866399597995859,0.6225575471544993,0.43687579145400596,0.5343371171363118,0.03497804758970138,0.0500000000562375,0.012271486551202047,0.0,0.43074496616408636,0.4500000000412108,0.02899343230350232,0.0,0.42926925414452377,0.44999999992427286,0.015725754586905154,0.0,0.04188352355569451,0.049999999978278926,0.00613353510438455,0.0,0.5000000000974483,0.5069879326084921,0.49999999998051037,0.4922445428723324,1.0,0.936875791454006
D3_L01_A_023,D3,L01,A,23,121.015,0.9021937390492735,0.09344468553895963,0.07055505376774421,0.6393687956044942,0.40655531446104043,0.5346461013312466,0.02557983674399368,0.0500000000562375,0.021814596008096824,0.0,0.43824297013731406,0.4500000000412108,0.03387442939420987,0.0,0.40996420216649704,0.44999999992427286,0.020820583548573256,0.0,0.032768305413235665,0.049999999978278926,0.016935076588079627,0.0,0.5000000000974483,0.5195118322836144,0.49999999998051037,0.47817921846716077,1.0,0.9065553144610405
D3_L01_A_024,D3,L01,A,24,121.969,0.9391684743862769,0.058987714310833064,0.0470454412009832,0.5831097764960064,0.44101228568916706,0.5529625267397912,0.031476422798042254,0.0500000000562375,0.011061577000310801,0.0,0.4445846229465589,0.4500000000412108,0.01581954751696098,0.0,0.4198081290033997,0.44999999992427286,0.013082373323020256,0.0,0.04514311094116613,0.049999999978278926,0.019024216470540985,0.0,0.5000000000974483,0.5029421702618729,0.49999999998051037,0.475428502124773,1.0,0.941012285689167
D3_L01_A_025,D3,L01,A,25,122.985,0.8809879445400582,0.11863493100175429,0.10541495064560076,0.6915299599474706,0.3813650689982458,0.4844860691862875,0.0453986131480186,0.0500000000562375,0.014913271326148144,0.0,0.38658370040622164,0.4500000000412108,0.05351326803710967,0.0,0.4107554447381478,0.44999999992427286,0.04805547043064564,0.0,0.03862731070585779,0.049999999978278926,0.002152921207850816,0.0,0.5000000000974483,0.500408852917498,0.49999999998051037,0.5191227996429602,1.0,0.8813650689982458
D3_FULL_A_021,D3,FULL,A,21,123.922,0.849244330124964,0.34353832426901443,0.2954658212958364,0.8492443300691035,0.34353832428319064,0.2954658213394269,0.11114322526887829,0.020000000027880917,0.1437325497886632,0.030000000028356566,0.04397790880017789,0.050000000047777944,0.21318651200370567,0.3999999999934328,0.24929725491292587,0.3999999999446131,0.12731631432720658,0.04999999997965975,0.07727908324689169,0.029999999991129355,0.03406715165155086,0.019999999987149554,0.5000000000974482,0.512040195861425,0.49999999998051037,0.631489344297674,0.5000000000114013,0.48169747222887377
D3_FULL_A_022,D3,FULL,A,22,120.953,0.8886255593722278,0.2809826258699203,0.25222632385313953,0.8886255593164327,0.2809826259318744,0.25222632390258726,0.07039044390349342,0.020000000027880917,0.15186446413029592,0.030000000028356566,0.05427862885642615,0.050000000047777944,0.2696970316822573,0.3999999999934328,0.24932034238586837,0.3999999999446131,0.12556112016053397,0.04999999997965975,0.05858089226877649,0.029999999991129355,0.020307076612348412,0.019999999987149554,0.5000000000974482,0.5462305685724728,0.49999999998051037,0.5971363705801916,0.5000000000114013,0.4325703074145644
D3_FULL_A_023,D3,FULL,A,23,124.985,0.9099490254956529,0.2513038063128661,0.2281992736175985,0.9099490254551967,0.25130380637482025,0.2281992736733532,0.04628643876380157,0.020000000027880917,0.09672397803153311,0.030000000028356566,0.07306599288648638,0.050000000047777944,0.3321019981803006,0.3999999999934328,0.21659419544487923,0.3999999999446131,0.07630529024809332,0.04999999997965975,0.11210154564858102,0.029999999991129355,0.046820560796324934,0.019999999987149554,0.5000000000974482,0.5481784078621217,0.49999999998051037,0.4359099024883072,0.5000000000114013,0.4480481727437482
D3_FULL_A_024,D3,FULL,A,24,126.031,0.8874180271500678,0.2998344806565262,0.26058665220913424,0.8874180271152992,0.2998344807184803,0.260586652258699,0.041060497207494114,0.020000000027880917,0.08199541953096855,0.030000000028356566,0.0893908065041695,0.050000000047777944,0.29184482193567796,0.3999999999934328,0.20832069734584177,0.3999999999446131,0.09942188402572216,0.04999999997965975,0.1364555144074781,0.029999999991129355,0.05151035904264786,0.019999999987149554,0.5000000000974482,0.5042915451783101,0.49999999998051037,0.4307984981100266,0.5000000000114013,0.4752275154649835
D3_FULL_A_025,D3,FULL,A,25,125.969,0.8346350612918098,0.3589835839982486,0.31007626360906343,0.8346350612311633,0.3589835840124248,0.31007626365323837,0.1259319347847904,0.020000000027880917,0.14199655786289597,0.030000000028356566,0.044960191560536794,0.050000000047777944,0.20074408085194032,0.3999999999934328,0.24531214357509806,0.3999999999446131,0.11775925893146744,0.04999999997965975,0.09355864729000202,0.029999999991129355,0.02973718514326894,0.019999999987149554,0.5000000000974482,0.5136327650601634,0.49999999998051037,0.6309998951542518,0.5000000000114013,0.5097629172104272
D3_FULL_B_021,D3,FULL,B,21,125.968,0.8837152566391021,0.3085671380111031,0.2595738248978613,0.8837152565768063,0.30856713807305713,0.25957382495442927,0.06592274752264,0.020000000027880934,0.11636840177240419,0.030000000028356552,0.10141097081660205,0.050000000047777896,0.2533400393582391,0.3999999999934329,0.23809282256870373,0.3999999999446131,0.06969879088022476,0.04999999997965966,0.11020552234050457,0.02999999999112935,0.04496070474068142,0.019999999987149564,0.5000000000974483,0.5370421594698853,0.49999999998051026,0.49008276274397267,0.5000000000114013,0.5156320632484503
D3_FULL_B_022,D3,FULL,B,22,124.0,0.8868464814749798,0.3054501118149425,0.2547856215263531,0.8868464814485899,0.3054501118768965,0.25478562156446116,0.059414692969656735,0.020000000027880934,0.07876379067687812,0.030000000028356552,0.06770547921358065,0.050000000047777896,0.2389755794869251,0.3999999999934329,0.2555743086361783,0.3999999999446131,0.11053019159883506,0.04999999997965966,0.11615763779039674,0.02999999999112935,0.07287831962754908,0.019999999987149564,0.5000000000974483,0.4448595423470406,0.49999999998051026,0.5042829838815482,0.5000000000114013,0.49885211860981243
D3_FULL_B_023,D3,FULL,B,23,126.0,0.8883399384464655,0.27592167592874123,0.25204694247766685,0.8883399383996975,0.2759216759906952,0.2520469425360662,0.057275411444107346,0.020000000027880934,0.07568568448814818,0.030000000028356552,0.09499119063166149,0.050000000047777896,0.32876945340478686,0.3999999999934329,0.19530887060451796,0.3999999999446131,0.05192558733031122,0.04999999997965966,0.11692267024337102,0.02999999999112935,0.07912113185309597,0.019999999987149564,0.5000000000974483,0.5567217399687039,0.49999999998051026,0.3801955538670847,0.5000000000114013,0.46449814292365776
D3_FULL_B_024,D3,FULL,B,24,125.922,0.8951317573793928,0.2865764163293152,0.24440078377404964,0.8951317573452549,0.2865764163912692,0.2444007838253577,0.03886936997627878,0.020000000027880934,0.09631671795374806,0.030000000028356552,0.08373560575470142,0.050000000047777896,0.2928152091340339,0.3999999999934329,0.22060837447469697,0.3999999999446131,0.08355402087895085,0.04999999997965966,0.10216824605199809,0.02999999999112935,0.08193245577559204,0.019999999987149564,0.5000000000974483,0.5117369028187622,0.49999999998051026,0.43934848328367465,0.5000000000114013,0.44538159625767526
D3_FULL_B_025,D3,FULL,B,25,126.031,0.8662206318110588,0.32821987133840547,0.28150499421584746,0.8662206317637181,0.32821987140035946,0.28150499427071246,0.05246087574226152,0.020000000027880934,0.1079933301684549,0.030000000028356552,0.09080391529145473,0.050000000047777896,0.2851146162010349,0.3999999999934329,0.18666551239860568,0.3999999999446131,0.08421678130265138,0.04999999997965966,0.11505327546161559,0.02999999999112935,0.07769169343392134,0.019999999987149564,0.5000000000974483,0.5363727374032061,0.49999999998051026,0.43133649961197346,0.5000000000114013,0.4449835788939375
D2_L0_A_001,D2,L0,A,1,113.0,0.898179301694776,0.12532505938889016,0.1369003414616308,0.6936970350271155,0.48154807073359496,0.480113613890519,0.724674940646349,0.8500000000352391,0.0134135806344658,0.0,0.016099588856117935,0.0,0.038827576836142796,0.0,0.17687313008724598,0.14999999996476093,0.016468470507341827,0.0,0.007868711708687241,0.0,0.005774000723649531,0.0,0.8500000000352391,0.7930156869730756,1.0,0.9314301218754025,1.0,0.9255163712984001
D2_L0_A_002,D2,L0,A,2,123.093,0.8532631045787294,0.14619567612849294,0.14019884611589775,0.725577496223196,0.43380432387150714,0.4785110470709941,0.7407014583040975,0.8500000000352391,0.016002502027341096,0.0,0.015106555884215547,0.0,0.07118191446606846,0.0,0.11310286556740964,0.14999999996476093,0.01509681484676316,0.0,0.023182685876457398,0.0,0.005625203027647278,0.0,0.8500000000352391,0.8429924306817226,1.0,0.8849036407456115,1.0,0.8920935656321801
D2_L0_A_003,D2,L0,A,3,121.094,0.8406730285233769,0.1592168443780566,0.15312295936416,0.7469563709427646,0.42106715934375044,0.46084932908633963,0.7214600014586379,0.8500000000352391,0.018172392362262715,0.0,0.02213467883841468,0.0,0.06147314234962174,0.0,0.11932315416330556,0.14999999996476093,0.020582026916181294,0.0,0.030284003721806976,0.0,0.006570600189769185,0.0,0.8500000000352391,0.8232402150089371,1.0,0.8795375749003874,1.0,0.893201838182165
D2_L0_A_004,D2,L0,A,4,121.953,0.8998628047720483,0.10608122684350389,0.11894780836521027,0.6963356696601484,0.48083385350335306,0.49014171693992675,0.7439187731917352,0.8500000000352391,0.014300322417344004,0.0,0.01727121935444872,0.0,0.046741506100668365,0.0,0.15691508031161785,0.14999999996476093,0.01007276384169103,0.0,0.005840210639306743,0.0,0.004940124143188066,0.0,0.8500000000352391,0.8222318210641963,1.0,0.925206939762388,1.0,0.9239452834971085
D2_L0_A_005,D2,L0,A,5,130.156,0.9155923399783198,0.08942796386989828,0.09813642347434609,0.6695756256181602,0.4962695752883311,0.5077035153248876,0.7605720361653407,0.8500000000352391,0.008594059368958898,0.0,0.020989452612143435,0.0,0.023177891187875874,0.0,0.1556975391229903,0.14999999996476093,0.022676377659594474,0.0,0.0035533440318911715,0.0,0.004739299851204948,0.0,0.8500000000352391,0.8133334393343189,1.0,0.9475400123168845,1.0,0.9408123719323658
D2_L01_A_001,D2,L01,A,1,114.031,0.8552587316080387,0.1456210902509696,0.12646469812751804,0.8555709440064705,0.2809154661042997,0.2983522838567007,0.5384727921400656,0.6000000000799652,0.028475632976766682,0.0,0.16984636503088893,0.24999999995527383,0.058697509838846085,0.0,0.1060597525964048,0.10999999998308985,0.021911391080087564,0.0,0.0447819249528161,0.03999999998167107,0.03175463138412426,0.0,0.850000000035239,0.7954922999865672,0.7100000000630551,0.6949195687933246,0.9999999999999999,0.8591608347201753
D2_L01_A_002,D2,L01,A,2,121.969,0.819202970111962,0.2018069386799629,0.1745732570699493,0.8940433495040164,0.2552254055078542,0.24359214302546098,0.4709814260903186,0.6000000000799652,0.05674177749077319,0.0,0.17721163526495756,0.24999999995527383,0.05099146257650184,0.0,0.11783021578692009,0.10999999998308985,0.02704135442487078,0.0,0.06045962239372799,0.03999999998167107,0.03874250597192994,0.0,0.850000000035239,0.7559263014225512,0.7100000000630551,0.6725947737928827,0.9999999999999999,0.8264828995359244
D2_L01_A_003,D2,L01,A,3,120.953,0.7830644385886819,0.27044882524122327,0.22982374307409334,0.8625703713984959,0.2474943187884286,0.2627208618915191,0.44678014510529274,0.6000000000799652,0.0318678575504028,0.0,0.13277102968872295,0.24999999995527383,0.08786679397244557,0.0,0.17271692641477582,0.10999999998308985,0.04187420521301012,0.0,0.05553376583524339,0.03999999998167107,0.03058927622010642,0.0,0.850000000035239,0.699285826316864,0.7100000000630551,0.6932391342834814,0.9999999999999999,0.8078018670440349
D2_L01_A_004,D2,L01,A,4,122.906,0.8045000937731663,0.24394577897677422,0.21327515301781913,0.8687179987763419,0.24595283537284335,0.25452536193983705,0.4345462132226213,0.6000000000799652,0.03480100182271868,0.0,0.1715080078358435,0.24999999995527383,0.06924616280443795,0.0,0.1645649486069421,0.10999999998308985,0.04143046081599311,0.0,0.04997998414506101,0.03999999998167107,0.03392322074638227,0.0,0.850000000035239,0.7101013856856214,0.7100000000630551,0.6753426244682752,0.9999999999999999,0.820599153810468
D2_L01_A_005,D2,L01,A,5,122.906,0.8327553045190884,0.2023077008874769,0.16955153539836731,0.8614418853602005,0.2765875984698514,0.2798124808346287,0.5044106186057374,0.6000000000799652,0.03423272825158591,0.0,0.1432816805420247,0.24999999995527383,0.06567268393758868,0.0,0.13984194569985972,0.10999999998308985,0.02022530879894924,0.0,0.06034816289078816,0.03999999998167107,0.03198687127346604,0.0,0.850000000035239,0.7475977113369368,0.7100000000630551,0.6987106013561323,0.9999999999999999,0.8478824077384101
D2_FULL_A_001,D2,FULL,A,1,127.094,0.9654514655023744,0.09973325883778222,0.10301187593951333,0.9654514655119872,0.09973325887890477,0.10301187594308092,0.3522212143236487,0.3500000000981519,0.20188272857815193,0.24999999998181327,0.1148043112370674,0.1499999999939743,0.10159136200073667,0.09999999996129953,0.0636105382880714,0.06999999999773841,0.029969163017804536,0.039999999985351455,0.11193195045498841,0.029999999988503778,0.023988732099530986,0.009999999993167303,0.850000000035239,0.7704996161396047,0.7100000000630551,0.6476836442076765,0.6000000000783684,0.6425680143037759
D2_FULL_A_002,D2,FULL,A,2,125.984,0.9307686617557287,0.17233173845891087,0.14297823531441217,0.9307686617701878,0.17233173841410795,0.14297823525864378,0.26024464582845264,0.3500000000981519,0.2855152824980803,0.24999999998181327,0.16709703884482707,0.1499999999939743,0.043643662989460756,0.09999999996129953,0.0762941866879831,0.06999999999773841,0.013779952767978701,0.039999999985351455,0.07094362189566339,0.029999999988503778,0.08248160848755416,0.009999999993167303,0.850000000035239,0.7565006301608207,0.7100000000630551,0.6358340677824947,0.6000000000783684,0.5745794932569261
D2_FULL_A_003,D2,FULL,A,3,125.985,0.925852106586434,0.1461908698568026,0.13222744172404238,0.9258521065928493,0.14619086981779944,0.13222744170008804,0.29697860297275736,0.3500000000981519,0.23949314158898674,0.24999999998181327,0.18687274871593032,0.1499999999939743,0.024232218889105376,0.09999999996129953,0.0631051667313511,0.06999999999773841,0.04287733841133327,0.039999999985351455,0.0537124300652906,0.029999999988503778,0.09272835262524529,0.009999999993167303,0.850000000035239,0.7475767121667798,0.7100000000630551,0.6424542497044284,0.6000000000783684,0.6006689484853294
D2_FULL_A_004,D2,FULL,A,4,122.921,0.9611162000948462,0.1422923331704295,0.10764708180870391,0.9611162000964286,0.14229233323560397,0.10764708185870396,0.39173669128392813,0.3500000000981519,0.19752344990968357,0.24999999998181327,0.1280461452176983,0.1499999999939743,0.06878470564864558,0.09999999996129953,0.033353365988368605,0.06999999999773841,0.057255311402131366,0.039999999985351455,0.08786118146655268,0.029999999988503778,0.03543914908299183,0.009999999993167303,0.850000000035239,0.7860909920599556,0.7100000000630551,0.6798688185841116,0.6000000000783684,0.6409973839565476
D2_FULL_A_005,D2,FULL,A,5,127.0,0.9335779847778112,0.1544629366329679,0.13316724205205205,0.93357798478347,0.15446293658816496,0.13316724201330424,0.28078986672911216,0.3500000000981519,0.2794079150956645,0.24999999998181327,0.17632637188207045,0.1499999999939743,0.028262332934093606,0.09999999996129953,0.08438212746488463,0.06999999999773841,0.026484863748629316,0.039999999985351455,0.0383161850183024,0.029999999988503778,0.08603033712724306,0.009999999993167303,0.850000000035239,0.7647864866409407,0.7100000000630551,0.6710647730382906,0.6000000000783684,0.5798145510943696
D2_FULL_B_001,D2,FULL,B,1,126.032,0.9559076766066347,0.1512095857689747,0.11109960121360253,0.955907676622764,0.15120958573373558,0.11109960118542254,0.3072029635776463,0.35000000009815196,0.20508874931565432,0.2499999999818134,0.12141737081894047,0.14999999999397431,0.06508133055402333,0.0999999999612995,0.10604563509071517,0.06999999999773837,0.05797409693019381,0.039999999985351475,0.08610973391657387,0.02999999998850378,0.05108011979625275,0.009999999993167304,0.8500000000352391,0.6987904142662644,0.7100000000630553,0.6763114449142097,0.6000000000783684,0.6207757034038758
D2_FULL_B_002,D2,FULL,B,2,123.047,0.9638171664317045,0.09822962772133186,0.08407750849656304,0.9638171664435148,0.09822962770300286,0.0840775084788425,0.33429206025175845,0.35000000009815196,0.2309303238018164,0.2499999999818134,0.12128268081828089,0.14999999999397431,0.09583280360672035,0.0999999999612995,0.06007915682113976,0.06999999999773837,0.01935334699728132,0.039999999985351475,0.0906765670679797,0.02999999998850378,0.04755306063502325,0.009999999993167304,0.8500000000352391,0.782337868478576,0.7100000000630553,0.6446548878719959,0.6000000000783684,0.6063304649591588
D2_FULL_B_003,D2,FULL,B,3,125.968,0.9606261705826139,0.1294649464938299,0.10175372059016247,0.9606261706024408,0.12946494645859075,0.10175372054349693,0.29749223583346013,0.35000000009815196,0.22665292290732314,0.2499999999818134,0.12127618286329184,0.14999999999397431,0.07511371193733415,0.0999999999612995,0.08793285337250123,0.06999999999773837,0.050869263300150715,0.039999999985351475,0.08743959920538691,0.02999999998850378,0.053223230580551915,0.009999999993167304,0.8500000000352391,0.7205350535414092,0.7100000000630553,0.6629472754134352,0.6000000000783684,0.5941408712746401
D2_FULL_B_004,D2,FULL,B,4,126.016,0.9469504682277994,0.13843299900147688,0.12492229846738817,0.9469504682439461,0.13843299896849937,0.12492229845222015,0.3220346039503763,0.35000000009815196,0.19037228986183355,0.2499999999818134,0.1331790546074114,0.14999999999397431,0.07197020490690773,0.0999999999612995,0.06401084770497163,0.06999999999773837,0.04702529737349557,0.039999999985351475,0.1229088418244348,0.02999999998850378,0.048498859770569,0.009999999993167304,0.8500000000352391,0.717556153326529,0.7100000000630553,0.6234430388906771,0.6000000000783684,0.6421333480871942
D2_FULL_B_005,D2,FULL,B,5,127.0,0.9785636402393314,0.0867351977031581,0.07380361051249082,0.9785636402485234,0.08673519766438088,0.07380361048138638,0.32356648133006394,0.35000000009815196,0.25306573448733427,0.2499999999818134,0.11887833992249176,0.14999999999397431,0.07966058203751444,0.0999999999612995,0.08515150509749347,0.06999999999773837,0.031159399045548965,0.039999999985351475,0.08298748688455636,0.02999999998850378,0.025530471194996806,0.009999999993167304,0.8500000000352391,0.7751711377774044,0.7100000000630553,0.6929431199604407,0.6000000000783684,0.6105838132346055
D2_L0_A_006,D2,L0,A,6,121.937,0.9116077981056673,0.08838852899756716,0.08482491558141478,0.6755931371920499,0.49161147100243285,0.5173586107058611,0.77617393223269,0.8500000000352391,0.00859552820785134,0.0,0.022813878400453878,0.0,0.01958218819830184,0.0,0.1354375387697428,0.14999999996476093,0.01411228560669969,0.0,0.018155789490604566,0.0,0.005128859093655796,0.0,0.8500000000352391,0.8271655270392971,1.0,0.9343192848169838,1.0,0.9525811388934913
D2_L0_A_007,D2,L0,A,7,120.953,0.9107372688356177,0.0892578436315623,0.089829038870226,0.6624223908724913,0.49074215636843777,0.5161251040507967,0.7726207127214761,0.8500000000352391,0.005884705745583548,0.0,0.01767250942071278,0.0,0.02734117865537519,0.0,0.1381214436469616,0.14999999996476093,0.028157700863057297,0.0,0.005882110380363933,0.0,0.004319638566469575,0.0,0.8500000000352391,0.8235191065431476,1.0,0.9447845629770785,1.0,0.9342967761695145
D2_L0_A_008,D2,L0,A,8,119.953,0.9183386793867155,0.08140715490378159,0.08829267927511086,0.6596080280877762,0.4985928450962185,0.5156350408068071,0.7697154935341529,0.8500000000352391,0.005729392311332328,0.0,0.02365239899265429,0.0,0.016445285209666566,0.0,0.14887735156206552,0.14999999996476093,0.014198273007120127,0.0,0.01597502101546705,0.0,0.005406784367541218,0.0,0.8500000000352391,0.8155425700478061,1.0,0.9385205104146709,1.0,0.9582202651043397
D2_L0_A_009,D2,L0,A,9,121.062,0.8880092227502706,0.11185850974345003,0.11815163562737846,0.6737292119243584,0.46814149025655005,0.4949162853164056,0.7470880457590561,0.8500000000352391,0.005932414503453562,0.0,0.015610738564832484,0.0,0.03634052447794896,0.0,0.14105344449749388,0.14999999996476093,0.03987419975531391,0.0,0.007119851400954891,0.0,0.006980781040946142,0.0,0.8500000000352391,0.8049717233052912,1.0,0.9339481045153175,1.0,0.9108720802223373
D2_L0_A_010,D2,L0,A,10,120.016,0.9046308134542547,0.09752366467905652,0.10655063347923052,0.6995168217622132,0.488743951094595,0.4950657787667458,0.7524763353561825,0.8500000000352391,0.021230225244249758,0.0,0.02167559632747227,0.0,0.024529348515526978,0.0,0.15274808171034343,0.14999999996476093,0.0027817989274327368,0.0,0.011039079890723244,0.0,0.01351953402806894,0.0,0.8500000000352391,0.8199115054434316,1.0,0.9292364412382085,1.0,0.9379390932847215
D2_L01_A_006,D2,L01,A,6,121.86,0.809987978437821,0.2535974448037638,0.21614646251709735,0.8528963319573151,0.2601321125959294,0.26273485423174386,0.43877939302230345,0.6000000000799652,0.029922918196563075,0.0,0.15762316220917183,0.24999999995527383,0.0703278841125263,0.0,0.16653700145368422,0.10999999998308985,0.029617085094981316,0.0,0.07033187918463372,0.03999999998167107,0.036860676726136146,0.0,0.850000000035239,0.6966533575405647,0.7100000000630551,0.664856397767532,0.9999999999999999,0.8332714358697932
D2_L01_A_007,D2,L01,A,7,123.906,0.8428306982968105,0.17004961910274907,0.14750459851075817,0.8667660929586694,0.2701462203495823,0.2729445509989326,0.4954131031447308,0.6000000000799652,0.032810128081659985,0.0,0.18453727778775922,0.24999999995527383,0.05771547234261044,0.0,0.11583983932808617,0.10999999998308985,0.029328179226147298,0.0,0.05103649806804304,0.03999999998167107,0.033319502020963086,0.0,0.850000000035239,0.7704759813567604,0.7100000000630551,0.6733912497806243,0.9999999999999999,0.8468267183286192
D2_L01_A_008,D2,L01,A,8,122.968,0.8412972960393984,0.16366023838844054,0.14788351272022665,0.8496715101383326,0.2937891355382163,0.30406909172693086,0.5475033218996361,0.6000000000799652,0.03085433824871482,0.0,0.13888384844122306,0.24999999995527383,0.0612125428216377,0.0,0.10995259128902919,0.10999999998308985,0.015260134950208127,0.0,0.05702485496883861,0.03999999998167107,0.03930836738071236,0.0,0.850000000035239,0.7784540514112117,0.7100000000630551,0.7035703863875884,0.9999999999999999,0.853364616598727
D2_L01_A_009,D2,L01,A,9,123.922,0.825555953526223,0.21362076077563716,0.179042471352049,0.8655689452279399,0.28379673445080955,0.27561461219228545,0.5005595519331286,0.6000000000799652,0.041232181381043884,0.0,0.13581968732647332,0.24999999995527383,0.06404762873613001,0.0,0.14781797679449354,0.10999999998308985,0.015103768105543217,0.0,0.05950895847438303,0.03999999998167107,0.03591024724880441,0.0,0.850000000035239,0.7416590493767758,0.7100000000630551,0.7047134782142093,0.9999999999999999,0.8437061745284785
D2_L01_A_010,D2,L01,A,10,123.015,0.8564653321960232,0.14679956463773003,0.11973314133254041,0.8663419548760709,0.2768231277844936,0.3002400788644807,0.5490975627809276,0.6000000000799652,0.03446193693673616,0.0,0.17194951084476096,0.24999999995527383,0.05158706476542737,0.0,0.09215336175491036,0.10999999998308985,0.027127870513342926,0.0,0.04720480587002808,0.03999999998167107,0.0264178865338666,0.0,0.850000000035239,0.8070960753278521,0.7100000000630551,0.7028407319859171,0.9999999999999999,0.860405241250627
D2_FULL_A_006,D2,FULL,A,6,123.0,0.9337764164113732,0.16560833640736344,0.13698755263896403,0.9337764164210649,0.16560833638074723,0.13698755260022336,0.27686654407098327,0.3500000000981519,0.2349294645568144,0.24999999998181327,0.19400013402052846,0.1499999999939743,0.03576924730443951,0.09999999996129953,0.09397632729850268,0.06999999999773841,0.02682640768701556,0.039999999985351455,0.0504084961828276,0.029999999988503778,0.0872233788788885,0.009999999993167303,0.850000000035239,0.7415653899527657,0.7100000000630551,0.632598743613316,0.6000000000783684,0.615251501572842
D2_FULL_A_007,D2,FULL,A,7,123.016,0.9639953386947933,0.12427544050819153,0.11498323103229127,0.9639953386978255,0.12427544057336602,0.11498323106288164,0.3717000379507417,0.3500000000981519,0.17575674662870766,0.24999999998181327,0.14120900171542844,0.1499999999939743,0.07029098867486305,0.09999999996129953,0.05846782240763493,0.06999999999773841,0.05752376591983613,0.039999999985351455,0.10585238551439065,0.029999999988503778,0.019199251188397617,0.009999999993167303,0.850000000035239,0.7589567749697408,0.7100000000630551,0.6634483729069204,0.6000000000783684,0.6772292475881958
D2_FULL_A_008,D2,FULL,A,8,123.953,0.9600795103901162,0.14452348469599152,0.12029732476893625,0.9600795103908979,0.14452348475514032,0.12029732481392631,0.38648544853664085,0.3500000000981519,0.16704851541801372,0.24999999998181327,0.15445973900414875,0.1499999999939743,0.06251308688576893,0.09999999996129953,0.04591491294107706,0.06999999999773841,0.06405861608999355,0.039999999985351455,0.08578409423327918,0.029999999988503778,0.03373558689107794,0.009999999993167303,0.850000000035239,0.7705067898445723,0.7100000000630551,0.6635074929857252,0.6000000000783684,0.6726441947151458
D2_FULL_A_009,D2,FULL,A,9,126.0,0.9674555333273936,0.12322229177703078,0.10559288401358889,0.9674555333255748,0.12322229184220526,0.10559288407045883,0.39350734526628456,0.3500000000981519,0.1839053453929253,0.24999999998181327,0.1498937146249562,0.1499999999939743,0.06707469656891862,0.09999999996129953,0.04590395157099459,0.06999999999773841,0.042630641907351066,0.039999999985351455,0.0796291484130998,0.029999999988503778,0.037455156255469815,0.009999999993167303,0.850000000035239,0.7943811018530846,0.7100000000630551,0.6659472841375556,0.6000000000783684,0.6689341598753351
D2_FULL_A_010,D2,FULL,A,10,126.031,0.9365753328574973,0.1672020464724534,0.13752236462305673,0.936575332864588,0.16720204642765046,0.13752236457738168,0.2700626734151705,0.3500000000981519,0.2772586689510225,0.24999999998181327,0.19157465601774132,0.1499999999939743,0.029578615518110953,0.09999999996129953,0.08792168838111068,0.06999999999773841,0.023156664639068056,0.039999999985351455,0.045213331582707114,0.029999999988503778,0.0752337014950688,0.009999999993167303,0.850000000035239,0.7684746139020452,0.7100000000630551,0.6583996953863718,0.6000000000783684,0.5947723493967296
D2_FULL_B_006,D2,FULL,B,6,126.016,0.9062938939349633,0.21492567593409678,0.16194115623504757,0.9062938939469144,0.21492567591350614,0.16194115621647417,0.30016766291103014,0.35000000009815196,0.21235240390423876,0.2499999999818134,0.09661421803254583,0.14999999999397431,0.04181670204284413,0.0999999999612995,0.12513576211621497,0.06999999999773837,0.024123337195834926,0.039999999985351475,0.1138044278434529,0.02999999998850378,0.08598548595383824,0.009999999993167304,0.8500000000352391,0.6509509868906589,0.7100000000630553,0.6617791661273189,0.6000000000783684,0.6357220709032438
D2_FULL_B_007,D2,FULL,B,7,126.0,0.9568734830718998,0.12627422671301008,0.10817316864683975,0.9568734830911,0.12627422665371893,0.10817316861101901,0.3132346899632645,0.35000000009815196,0.20826467482266453,0.2499999999818134,0.11665804711670605,0.14999999999397431,0.1076320030559058,0.0999999999612995,0.07579864727046975,0.06999999999773837,0.025568361443646,0.039999999985351475,0.10678404324647779,0.02999999998850378,0.04605953308086564,0.009999999993167304,0.8500000000352391,0.7457894149585408,0.7100000000630553,0.6228663735000447,0.6000000000783684,0.6124754275969181
D2_FULL_B_008,D2,FULL,B,8,135.156,0.9687338549219706,0.09835764384288768,0.08101248645907666,0.9687338549283492,0.09835764381853301,0.08101248646533851,0.3431756392363029,0.35000000009815196,0.2068761070584077,0.2499999999818134,0.16517553542474273,0.14999999999397431,0.07314603311399173,0.0999999999612995,0.06037478879951575,0.06999999999773837,0.02806978797324897,0.039999999985351475,0.06927348219068954,0.02999999998850378,0.05390862620310082,0.009999999993167304,0.8500000000352391,0.788373314833445,0.7100000000630553,0.6384963230674753,0.6000000000783684,0.6379994456512509
D2_FULL_B_009,D2,FULL,B,9,123.984,0.9753510238063554,0.09358493112064842,0.08617202828768122,0.9753510238082935,0.0935849311921841,0.08617202831639989,0.3585940318376331,0.35000000009815196,0.19034563925835257,0.2499999999818134,0.16271180438697316,0.14999999999397431,0.06659188749302128,0.0999999999612995,0.07417173140705419,0.06999999999773837,0.03947754205644208,0.039999999985351475,0.07349941051265421,0.02999999998850378,0.03460795304786942,0.009999999993167304,0.8500000000352391,0.7782433629759802,0.7100000000630553,0.662588944559482,0.6000000000783684,0.6689769781443146
D2_FULL_B_010,D2,FULL,B,10,126.109,0.9810571575965974,0.09327696263763936,0.0760025118072906,0.9810571575914054,0.09327696271520072,0.07600251186595482,0.3773469041061339,0.35000000009815196,0.20885853104000007,0.2499999999818134,0.1444843826485538,0.14999999999397431,0.06327925987614967,0.0999999999612995,0.0823898546280397,0.06999999999773837,0.030100863720095725,0.039999999985351475,0.0684383338529228,0.02999999998850378,0.02510187012810427,0.009999999993167304,0.8500000000352391,0.7939690776708375,0.7100000000630553,0.6986961534942694,0.6000000000783684,0.6726594752356503
D2_L0_A_011,D2,L0,A,11,121.953,0.9106549394642155,0.09681413937760905,0.10969714970159454,0.6296555726170435,0.49345939158246316,0.5034999552913646,0.75318586065763,0.8500000000352391,0.006211403563367992,0.0,0.0378931598667878,0.0,0.0021739470397650175,0.0,0.15841983853070962,0.14999999996476093,0.0004898639516959969,0.0,0.03185369239412348,0.0,0.009772233995920025,0.0,0.8500000000352391,0.7994643711275509,1.0,0.9183069667034037,1.0,0.9813525514492509
D2_L0_A_012,D2,L0,A,12,121.0,0.8967001696695023,0.10500545347153481,0.12280324580417158,0.6842920490258095,0.47735452259459876,0.49025377124222463,0.7449945465637043,0.8500000000352391,0.012673139586025065,0.0,0.016747347385539735,0.0,0.05906108298358092,0.0,0.1523599760308945,0.14999999996476093,0.01044770497635782,0.0,0.0005222157729889148,0.0,0.003193986700908815,0.0,0.8500000000352391,0.8334761165188501,1.0,0.9204753671569817,1.0,0.9146240857531275
D2_L0_A_013,D2,L0,A,13,122.969,0.897731336976526,0.10193295209066427,0.11351749381248756,0.6968283122403818,0.47806704790933574,0.4936268460957454,0.7507242959569485,0.8500000000352391,0.01494952024190288,0.0,0.016966341079855188,0.0,0.04724946950628512,0.0,0.14734275195238736,0.14999999996476093,0.015930460901119006,0.0,0.002303951301794747,0.0,0.004533209059707354,0.0,0.8500000000352391,0.8298896267849917,1.0,0.9289470290523577,1.0,0.9173373402909857
D2_L0_A_014,D2,L0,A,14,122.031,0.8731890794196311,0.13695168977401942,0.15174340719194673,0.7157310521055201,0.45513725812551536,0.4646648100015784,0.7130483102612197,0.8500000000352391,0.01258190980997688,0.0,0.022333926684588914,0.0,0.05319238647139736,0.0,0.1620889478642957,0.14999999996476093,0.015672620798049992,0.0,0.01975400126807315,0.0,0.0013278968423983647,0.0,0.8500000000352391,0.8011565332271828,1.0,0.9033917887335423,1.0,0.9172251860781775
D2_L0_A_015,D2,L0,A,15,120.891,0.8815346546137464,0.12073772927553184,0.1326702058007116,0.692686372286299,0.46244027862908454,0.4796324530485094,0.7292622707597073,0.8500000000352391,0.0058778874584112005,0.0,0.032401889683919674,0.0,0.026639842400820183,0.0,0.1531780078693773,0.14999999996476093,0.018669270564221404,0.0,0.029110202874820332,0.0,0.00486062838872268,0.0,0.8500000000352391,0.7941818903028584,1.0,0.9069874366517172,1.0,0.9439523711878246
D2_L01_A_011,D2,L01,A,11,124.985,0.8492911729230952,0.15925539594058125,0.13925999963908886,0.8768099546325175,0.2717398851031233,0.27174434931494734,0.5010859877771857,0.6000000000799652,0.04066997149858111,0.0,0.18965861631747205,0.24999999995527383,0.05119915846607349,0.0,0.12054738504039991,0.10999999998308985,0.026390984932222077,0.0,0.040704752426360034,0.03999999998167107,0.02974314354170549,0.0,0.850000000035239,0.7826137340593123,0.7100000000630551,0.6886943292483888,0.9999999999999999,0.8519967415614177
D2_L01_A_012,D2,L01,A,12,121.922,0.8318534789012421,0.21662716194884438,0.1829751549278979,0.8685733768072061,0.2625917346501908,0.26447195374296656,0.46997756971324056,0.6000000000799652,0.035597789060427126,0.0,0.16339526837315416,0.24999999995527383,0.06456466147218674,0.0,0.15219832227611,0.10999999998308985,0.02724581481719534,0.0,0.06134265483577642,0.03999999998167107,0.025677919451909694,0.0,0.850000000035239,0.7335352886190086,0.7100000000630551,0.685019495866973,0.9999999999999999,0.8469138151982811
D2_L01_A_013,D2,L01,A,13,123.891,0.8310999853291937,0.18623446365046178,0.16279490369501712,0.8483160525675818,0.2570902227075891,0.2845999978269554,0.503970469286762,0.6000000000799652,0.020723582720135345,0.0,0.15979506709801528,0.24999999995527383,0.0803580849757618,0.0,0.13012501851044508,0.10999999998308985,0.031828109596513804,0.0,0.04460947593851281,0.03999999998167107,0.02859019187385387,0.0,0.850000000035239,0.7648472040806744,0.7100000000630551,0.6866471801138563,0.9999999999999999,0.8385000308337353
D2_L01_A_014,D2,L01,A,14,120.922,0.8437987194265335,0.16875107366967323,0.14749049420650984,0.8731088129275292,0.2864417145626196,0.28541729257836784,0.5371021859916204,0.6000000000799652,0.05211336902446818,0.0,0.1441467403739454,0.24999999995527383,0.04622016205879446,0.0,0.11577803452983083,0.10999999998308985,0.01107801398017236,0.0,0.05812722782949733,0.03999999998167107,0.035434266211670985,0.0,0.850000000035239,0.7795824574488284,0.7100000000630551,0.7160716035260918,0.9999999999999999,0.8551541887248939
D2_L01_A_015,D2,L01,A,15,124.016,0.8424894804913651,0.17996908979315943,0.15574021647968353,0.8621262136938528,0.26970996786770157,0.2870345624415192,0.5189349940797467,0.6000000000799652,0.03264584160126419,0.0,0.1510959161623329,0.24999999995527383,0.07053958469362161,0.0,0.13879415454570676,0.10999999998308985,0.017104605837412638,0.0,0.04401291610113528,0.03999999998167107,0.02687198697877989,0.0,0.850000000035239,0.7732163365369654,0.7100000000630551,0.7074795960641304,0.9999999999999999,0.8528379808889217
D2_FULL_A_011,D2,FULL,A,11,127.031,0.9461327026187234,0.15235290753430775,0.1390946416321981,0.9461327026275648,0.1523529074895048,0.1390946415828906,0.2712324566276764,0.3500000000981519,0.32097806461999273,0.24999999998181327,0.15875272799225082,0.1499999999939743,0.026857004282234892,0.09999999996129953,0.07116545698195481,0.06999999999773841,0.0395576316005839,0.039999999985351455,0.05785372602034023,0.029999999988503778,0.053602931874966286,0.009999999993167303,0.850000000035239,0.7778202535221549,0.7100000000630551,0.7029336098302079,0.6000000000783684,0.5590043676222223
D2_FULL_A_012,D2,FULL,A,12,126.0,0.9391866820081121,0.1638778804711098,0.1289937612602924,0.9391866820194215,0.16387788043233253,0.12899376121367204,0.27757460346266255,0.3500000000981519,0.2804632928344307,0.24999999998181327,0.13791997146370583,0.1499999999939743,0.04174383732134226,0.09999999996129953,0.09819603534196979,0.06999999999773841,0.018883707319956724,0.039999999985351455,0.07395345485869657,0.029999999988503778,0.07126509739723538,0.009999999993167303,0.850000000035239,0.7377017050821414,0.7100000000630551,0.6751176389590198,0.6000000000783684,0.5876440651270347
D2_FULL_A_013,D2,FULL,A,13,126.078,0.9471354455530734,0.17186140926931534,0.1460527772545233,0.9471354455672512,0.17186140922451243,0.14605277719207427,0.24860819134411544,0.3500000000981519,0.3036640384841043,0.24999999998181327,0.17278036002830813,0.1499999999939743,0.03607700471994547,0.09999999996129953,0.0960480549572369,0.06999999999773841,0.03345339471142662,0.039999999985351455,0.04987221118948224,0.029999999988503778,0.05949674456538082,0.009999999993167303,0.850000000035239,0.7611295945764732,0.7100000000630551,0.6817736794968832,0.6000000000783684,0.5673088175191427
D2_FULL_A_014,D2,FULL,A,14,126.031,0.9619732644397633,0.10538870212622145,0.10797252433157246,0.9619732644433935,0.10538870219822863,0.10797252434103384,0.3540533729514174,0.3500000000981519,0.22376872307075052,0.24999999998181327,0.11583686823689368,0.1499999999939743,0.07215696245720929,0.09999999996129953,0.05594220651411031,0.06999999999773841,0.0478331783132446,0.039999999985351455,0.12350215093356656,0.029999999988503778,0.0069065375228075515,0.009999999993167303,0.850000000035239,0.7658159267162709,0.7100000000630551,0.6815974808495229,0.6000000000783684,0.649334598635988
D2_FULL_A_015,D2,FULL,A,15,126.063,0.9638409132811289,0.11655621485293854,0.10613068228210304,0.9638409132878644,0.11655621493276158,0.10613068230926977,0.3734175956419822,0.3500000000981519,0.18902944167018992,0.24999999998181327,0.13062850497530437,0.1499999999939743,0.09319334004431289,0.09999999996129953,0.041104761408396306,0.06999999999773841,0.03948773696903502,0.039999999985351455,0.10306218690619186,0.029999999988503778,0.030076432384587612,0.009999999993167303,0.850000000035239,0.7862688823317895,0.7100000000630551,0.6430395356896036,0.6000000000783684,0.6482130489318747
D2_FULL_B_011,D2,FULL,B,11,126.0,0.9614418007797993,0.1063835740192369,0.09695350534114752,0.9614418007868324,0.10638357399488224,0.09695350535384557,0.34940202049200053,0.35000000009815196,0.19633060051752782,0.2499999999818134,0.15589258638087564,0.14999999999397431,0.06898908369960485,0.0999999999612995,0.05447616416232803,0.06999999999773837,0.034418557133656436,0.039999999985351475,0.09028191240743894,0.02999999998850378,0.05020907520656759,0.009999999993167304,0.8500000000352391,0.7706142910900089,0.7100000000630553,0.6346273423055129,0.6000000000783684,0.6500526834426432
D2_FULL_B_012,D2,FULL,B,12,126.953,0.9460678666366601,0.1478982497855803,0.11923853766036493,0.9460678666510798,0.14789824975034116,0.11923853764159775,0.31175276890397696,0.35000000009815196,0.1936886828788505,0.2499999999818134,0.14495496758188067,0.14999999999397431,0.05170533088495068,0.0999999999612995,0.08260715018811708,0.06999999999773837,0.060558835285366215,0.039999999985351475,0.09297122545788225,0.02999999998850378,0.061761038818975614,0.009999999993167304,0.8500000000352391,0.7021017502496587,0.7100000000630553,0.6486074372563106,0.6000000000783684,0.6322861121318569
D2_FULL_B_013,D2,FULL,B,13,125.984,0.9716472749437955,0.10090586148864339,0.08238132384277906,0.9716472749389818,0.10090586155155624,0.08238132389429982,0.37161006184410844,0.35000000009815196,0.22067085113115792,0.2499999999818134,0.1336458322209975,0.14999999999397431,0.044777455096288304,0.0999999999612995,0.08564103215585649,0.06999999999773837,0.042424975517603276,0.039999999985351475,0.06356738661733494,0.02999999998850378,0.03766240541665304,0.009999999993167304,0.8500000000352391,0.7707042002925522,0.7100000000630553,0.7203469206487262,0.6000000000783684,0.6544643128382974
D2_FULL_B_014,D2,FULL,B,14,125.969,0.8987379111726418,0.24064333144565697,0.21890041291078927,0.8987379112103603,0.24064333138620558,0.2189004128332078,0.17201830876980692,0.35000000009815196,0.2588735547521897,0.2499999999818134,0.2008845082113687,0.14999999999397431,0.03733835984398749,0.0999999999612995,0.10603938424533219,0.06999999999773837,0.06228679122164968,0.039999999985351475,0.07824977066056171,0.02999999998850378,0.08430932229510357,0.009999999993167304,0.8500000000352391,0.6691147315773528,0.7100000000630553,0.5992180389889785,0.6000000000783684,0.5571919718870695
D2_FULL_B_015,D2,FULL,B,15,126.0,0.9570202591138014,0.1287097279926176,0.10719210734524033,0.9570202591207886,0.12870972796826294,0.10719210734335875,0.3334938333266249,0.35000000009815196,0.20127453010612587,0.2499999999818134,0.17298466089162423,0.14999999999397431,0.05947676985987567,0.0999999999612995,0.05619550184102648,0.06999999999773837,0.030849636898084162,0.039999999985351475,0.10298600101154252,0.02999999998850378,0.04273906606509623,0.009999999993167304,0.8500000000352391,0.7672297941842507,0.7100000000630553,0.6218135021718615,0.6000000000783684,0.6656599970708182
D2_L0_A_016,D2,L0,A,16,120.969,0.9068229724207464,0.09316847678320381,0.09193552629765878,0.6656259699960198,0.4868315232167962,0.5140898321493506,0.7727894192078164,0.8500000000352391,0.004133747891320358,0.0,0.029377686990259326,0.0,0.025555529359564712,0.0,0.1340421040089798,0.14999999996476093,0.02585907034043663,0.0,0.004377023382448366,0.0,0.0038654188191744134,0.0,0.8500000000352391,0.8318563834489608,1.0,0.9368243414485533,1.0,0.940586233589504
D2_L0_A_017,D2,L0,A,17,122.922,0.9005127943209414,0.09948489182114373,0.09685035848516375,0.686252527422912,0.48142722859085946,0.5076010117119079,0.7664670791669232,0.8500000000352391,0.01524476046364981,0.0,0.01469313830187218,0.0,0.025678908942802753,0.0,0.134048029011933,0.14999999996476093,0.005933644035637505,0.0,0.030912120412003086,0.0,0.007022319665178308,0.0,0.8500000000352391,0.822083886875248,1.0,0.9216935126781436,1.0,0.9461203668927315
D2_L0_A_018,D2,L0,A,18,122.984,0.9014540218063778,0.10543400782999861,0.11884098534101295,0.6859790197710666,0.482490137924288,0.49249181332769887,0.7445659922052404,0.8500000000352391,0.010963289612705939,0.0,0.016168751117964637,0.0,0.04883400411084203,0.0,0.15792414571904748,0.14999999996476093,0.00786417418915344,0.0,0.010176283859316737,0.0,0.003503359185729237,0.0,0.8500000000352391,0.8205320370467531,1.0,0.9213176017261473,1.0,0.9288351729015694
D2_L0_A_019,D2,L0,A,19,120.89,0.9033505041792609,0.1159760859834845,0.12661051392455955,0.672078699181629,0.48589002193917213,0.4886898032700509,0.7340239140517546,0.8500000000352391,0.004617971268451998,0.0,0.029947227793216326,0.0,0.026663208959893544,0.0,0.1718661078874175,0.14999999996476093,0.012475638957102398,0.0,0.01757560544413775,0.0,0.002830325638025907,0.0,0.8500000000352391,0.7952523220733164,1.0,0.9229836321647265,1.0,0.9534128551765262
D2_L0_A_020,D2,L0,A,20,121.891,0.9190321616493103,0.0809013228611726,0.08428025787117693,0.6835385156239088,0.4990986771388275,0.5133484748909042,0.775603746383274,0.8500000000352391,0.026599565610757887,0.0,0.014730180928918982,0.0,0.01559601276186643,0.0,0.14349493075555342,0.14999999996476093,0.001420915511688281,0.0,0.018415866376767984,0.0,0.004138781671173021,0.0,0.8500000000352391,0.8325295056848173,1.0,0.9471191582612737,1.0,0.9522447244445144
D2_L01_A_016,D2,L01,A,16,124.031,0.8281489974912654,0.19711576849802598,0.16706786524398387,0.8350535752940327,0.2628459216748699,0.2915802289124038,0.5057174376635105,0.6000000000799652,0.01724154662819556,0.0,0.1596380445792434,0.24999999995527383,0.0862704661920637,0.0,0.14484196209470154,0.10999999998308985,0.026113316228740604,0.0,0.027528749276130245,0.03999999998167107,0.03264847733741447,0.0,0.850000000035239,0.7688674950630132,0.7100000000630551,0.6939142626151482,0.9999999999999999,0.8377261936135857
D2_L01_A_017,D2,L01,A,17,123.015,0.8261956866215887,0.18904298085202514,0.16201657554942367,0.8630694485406686,0.27436420635633096,0.28241344611268754,0.5157621203380208,0.6000000000799652,0.03612599409526119,0.0,0.14519489884519307,0.24999999995527383,0.06486341235950904,0.0,0.12901735552544402,0.10999999998308985,0.01945148834370575,0.0,0.04625121535632176,0.03999999998167107,0.04333351513654427,0.0,0.850000000035239,0.7619464256379842,0.7100000000630551,0.7003569583024318,0.9999999999999999,0.8362255900649798
D2_L01_A_018,D2,L01,A,18,122.938,0.8293954570684791,0.19231650694490837,0.16814550742713838,0.8345493456508124,0.2742875969471409,0.2911975476201426,0.5104264549490237,0.6000000000799652,0.01993000433734779,0.0,0.14725703814130697,0.24999999995527383,0.08195502540906584,0.0,0.13196400567154848,0.10999999998308985,0.01657033516513852,0.0,0.05052303280128137,0.03999999998167107,0.0413741035252873,0.0,0.850000000035239,0.7595685228367444,0.7100000000630551,0.6788908001230585,0.9999999999999999,0.8401705315631605
D2_L01_A_019,D2,L01,A,19,122.969,0.8452858421822964,0.17091005814590127,0.15116517962058457,0.8364337626733706,0.27110330260780535,0.3008982713804285,0.5268658478210962,0.6000000000799652,0.017932114882968076,0.0,0.15338633937916088,0.24999999995527383,0.07688288242713022,0.0,0.13511348462285622,0.10999999998308985,0.024081700082096345,0.0,0.03883775467075177,0.03999999998167107,0.026899876113940277,0.0,0.850000000035239,0.7750671845103555,0.7100000000630551,0.7039931474090169,0.9999999999999999,0.8542034264938652
D2_L01_A_020,D2,L01,A,20,122.985,0.8228091596403758,0.1738211233542543,0.16257472791136013,0.8284372405270035,0.2769441987592586,0.3064933402028905,0.5407388437641283,0.6000000000799652,0.01757607600565483,0.0,0.13974837024090508,0.24999999995527383,0.09031292019578115,0.0,0.10569166265904117,0.10999999998308985,0.015418434798400268,0.0,0.04568917906398024,0.03999999998167107,0.04482451327210877,0.0,0.850000000035239,0.7883762102064694,0.7100000000630551,0.6794250172272245,0.9999999999999999,0.8318680557280548
D2_FULL_A_016,D2,FULL,A,16,127.094,0.9419052021423798,0.16006915664851254,0.1360864580269016,0.9419052021492822,0.1600691566037096,0.1360864579788588,0.2693542610045185,0.3500000000981519,0.29654799308091423,0.24999999998181327,0.17253391693777267,0.1499999999939743,0.02793876295791893,0.09999999996129953,0.09579031471703132,0.06999999999773841,0.03263781943385299,0.039999999985351455,0.03706601724357164,0.029999999988503778,0.06813091462441974,0.009999999993167303,0.850000000035239,0.7663749339811243,0.7100000000630551,0.6943303882363171,0.6000000000783684,0.5747445099028942
D2_FULL_A_017,D2,FULL,A,17,125.968,0.9329551388986362,0.1865348255993534,0.1530811966358472,0.9329551389054689,0.18653482555455045,0.15308119658440686,0.25586860569154807,0.3500000000981519,0.3084456355647991,0.24999999998181327,0.16788137844993417,0.1499999999939743,0.02484131299489171,0.09999999996129953,0.112127171494587,0.06999999999773841,0.022755255759009732,0.039999999985351455,0.04405154126389596,0.029999999988503778,0.06402909878133421,0.009999999993167303,0.850000000035239,0.757036932701173,0.7100000000630551,0.6991966685099438,0.6000000000783684,0.5799286968999652
D2_FULL_A_018,D2,FULL,A,18,126.0,0.9363265220859235,0.14104990766125225,0.1218236599734515,0.9363265220900283,0.1410499076164493,0.12182365994355437,0.29511634002547815,0.3500000000981519,0.27540767215866285,0.24999999998181327,0.15683144876002844,0.1499999999939743,0.02670573646795645,0.09999999996129953,0.08635447419260707,0.06999999999773841,0.027128015890116063,0.039999999985351455,0.05323599710658198,0.029999999988503778,0.07922031539856898,0.009999999993167303,0.850000000035239,0.754061197412126,0.7100000000630551,0.6840065022668642,0.6000000000783684,0.5915382600846957
D2_FULL_A_019,D2,FULL,A,19,126.109,0.9592875541120998,0.10498675164129419,0.08763607173753125,0.9592875541233199,0.10498675161693957,0.08763607171586531,0.3260551767335892,0.3500000000981519,0.2155008061035447,0.24999999998181327,0.15479633141499247,0.1499999999939743,0.0898805281222625,0.09999999996129953,0.0586159411319832,0.06999999999773841,0.014960796291680843,0.039999999985351455,0.08287953678063177,0.029999999988503778,0.05731088342131536,0.009999999993167303,0.850000000035239,0.786232842374389,0.7100000000630551,0.6151327202607979,0.6000000000783684,0.6223469860611966
D2_FULL_A_020,D2,FULL,A,20,125.985,0.9717212366047902,0.11565483037394599,0.08850815381751514,0.9717212366057797,0.11565483043912048,0.08850815386593976,0.3791055217006903,0.3500000000981519,0.20910579242796365,0.24999999998181327,0.12575237532317282,0.1499999999939743,0.06312612161396981,0.09999999996129953,0.056360880195773254,0.06999999999773841,0.05263100661554073,0.039999999985351455,0.07898141942322714,0.029999999988503778,0.03493688269966228,0.009999999993167303,0.850000000035239,0.7770898110657966,0.7100000000630551,0.6972032009399679,0.6000000000783684,0.6402001966428634
D2_FULL_B_016,D2,FULL,B,16,126.969,0.9652155679823292,0.12223245224352633,0.09524240311254213,0.9652155679954584,0.12223245220828718,0.09524240308916503,0.315333465240155,0.35000000009815196,0.2045943880269204,0.2499999999818134,0.14461446803937658,0.14999999999397431,0.06322522648526085,0.0999999999612995,0.0899595704107813,0.06999999999773837,0.056731020789254,0.039999999985351475,0.07945197434934188,0.02999999998850378,0.046089886658910034,0.009999999993167304,0.8500000000352391,0.7277675477917128,0.7100000000630553,0.6666184444671106,0.6000000000783684,0.6293594780396548
D2_FULL_B_017,D2,FULL,B,17,126.016,0.9703769944039653,0.12190161625114133,0.09680728691981144,0.9703769944148063,0.1219016162098765,0.09680728690154176,0.31806299902358953,0.35000000009815196,0.19035028639035242,0.2499999999818134,0.15338280293937734,0.14999999999397431,0.06968509837618159,0.0999999999612995,0.11187212181482052,0.06999999999773837,0.05608904578021561,0.039999999985351475,0.05732860151567396,0.02999999998850378,0.04322904415978913,0.009999999993167304,0.8500000000352391,0.7314811867295008,0.7100000000630553,0.676374453008978,0.6000000000783684,0.6406465252934613
D2_FULL_B_018,D2,FULL,B,18,125.922,0.9680307499826949,0.1114815755693293,0.10034549567595051,0.9680307499901614,0.11148157563224215,0.10034549569281619,0.35357321078902004,0.35000000009815196,0.18024391383263466,0.2499999999818134,0.13708542895484704,0.14999999999397431,0.07118908158027616,0.0999999999612995,0.07784051237762916,0.06999999999773837,0.059951866210057846,0.039999999985351475,0.08625749499018127,0.02999999998850378,0.03385849126535381,0.009999999993167304,0.8500000000352391,0.742091635156778,0.7100000000630553,0.6716095032093418,0.6000000000783684,0.6547566471116776
D2_FULL_B_019,D2,FULL,B,19,125.984,0.9642318163035116,0.10710449052197854,0.09112055408344337,0.9642318163241319,0.10710449046494905,0.09112055402853131,0.3038393902847802,0.35000000009815196,0.22190808868256373,0.2499999999818134,0.14262424414554506,0.14999999999397431,0.10838468848574587,0.0999999999612995,0.058151101033706735,0.06999999999773837,0.026372685388455268,0.039999999985351475,0.0848093715441337,0.02999999998850378,0.053910430435069545,0.009999999993167304,0.8500000000352391,0.776756411598635,0.7100000000630553,0.6102712653895059,0.6000000000783684,0.5894241070081656
D2_FULL_B_020,D2,FULL,B,20,126.968,0.9654827665914063,0.1019783420576315,0.08817637935566001,0.9654827666085207,0.10197834199834037,0.08817637932149286,0.3202171454407098,0.35000000009815196,0.2122026365735718,0.2499999999818134,0.12785119218144797,0.14999999999397431,0.10438157622039561,0.0999999999612995,0.07038634748333587,0.06999999999773837,0.02775068380593006,0.039999999985351475,0.08470927092998572,0.02999999998850378,0.0525011473646232,0.009999999993167304,0.8500000000352391,0.7646525504161251,0.7100000000630553,0.6305568133035474,0.6000000000783684,0.6031639560354793
D2_L0_A_021,D2,L0,A,21,122.969,0.8989362821536053,0.10067700805077681,0.11041468070386239,0.7127100613551935,0.47932299194922323,0.4919855269567927,0.7508388169437784,0.8500000000352391,0.01971983270149557,0.0,0.020069663817153464,0.0,0.03628161525666865,0.0,0.1484841750054448,0.14999999996476093,0.013029593719512175,0.0,0.00817239554607753,0.0,0.003403907009869371,0.0,0.8500000000352391,0.8269099287190961,1.0,0.9320724183702309,1.0,0.9275650513124543
D2_L0_A_022,D2,L0,A,22,122.031,0.8999793989912643,0.11377602726909644,0.12956726310880604,0.6838950216784017,0.48181598438817674,0.48594628941529816,0.7362239727661426,0.8500000000352391,0.0136234124553061,0.0,0.015495911510152985,0.0,0.055632702254759824,0.0,0.1655920116220341,0.14999999996476093,0.007516696914810273,0.0,0.0013978088797176422,0.0,0.004517483597076379,0.0,0.8500000000352391,0.8209759989863614,1.0,0.922956093758293,1.0,0.9187097047780473
D2_L0_A_023,D2,L0,A,23,122.0,0.8880154453891927,0.11141755403935139,0.12271755049580577,0.7093820168160676,0.46860346292996513,0.4843839351505427,0.7385824459958877,0.8500000000352391,0.01388543297871679,0.0,0.020277706926886775,0.0,0.036797427758459546,0.0,0.1500210169340774,0.14999999996476093,0.01779137885828138,0.0,0.01889732566297495,0.0,0.0037472648847154738,0.0,0.8500000000352391,0.8095430136599508,1.0,0.9202802747669634,1.0,0.9277784955198269
D2_L0_A_024,D2,L0,A,24,122.0,0.9016291562563907,0.09832032102031156,0.09946579774553303,0.693633132932427,0.48167967897968844,0.5034758218002086,0.7615724123177364,0.8500000000352391,0.011709652869300572,0.0,0.0240266714031217,0.0,0.024181151721153683,0.0,0.140107266661952,0.14999999996476093,0.02391879866992504,0.0,0.007321843533148655,0.0,0.007162202823661848,0.0,0.8500000000352391,0.8214898883113123,1.0,0.937308130518914,1.0,0.9330281939159587
D2_L0_A_025,D2,L0,A,25,120.953,0.8878757459717259,0.11465432027168768,0.13280416184533192,0.6905300028446439,0.4687132808181589,0.4835764004083008,0.7353456797635514,0.8500000000352391,0.011412170661740929,0.0,0.013356482171334389,0.0,0.06309606513785689,0.0,0.15336760105460745,0.14999999996476093,0.010020225557956425,0.0,0.0068352432006170425,0.0,0.00656653245233542,0.0,0.8500000000352391,0.8232103977344836,1.0,0.9101456770378562,1.0,0.9089050061901102
D2_L01_A_021,D2,L01,A,21,123.938,0.8144963820069491,0.2284793944416304,0.19101763603316113,0.8896530264248024,0.25662044281748464,0.2509471535253201,0.4774699694437455,0.6000000000799652,0.05454149194181092,0.0,0.14405063614986316,0.24999999995527383,0.06488454692081463,0.0,0.1383582100699905,0.10999999998308985,0.019902882170026635,0.0,0.07321747590899608,0.03999999998167107,0.027574787394752564,0.0,0.850000000035239,0.7409466444562343,0.7100000000630551,0.6902725536255736,0.9999999999999999,0.8330962915725952
D2_L01_A_022,D2,L01,A,22,122.0,0.8037225507306391,0.25021596496165144,0.21355957969536904,0.8671571632915663,0.2442014203497851,0.2597987879403501,0.451882311337656,0.6000000000799652,0.03364825801985621,0.0,0.14790172373593158,0.24999999995527383,0.08487915317043065,0.0,0.16301292481018734,0.10999999998308985,0.029369444723996403,0.0,0.061520516447329955,0.03999999998167107,0.0277856677546117,0.0,0.850000000035239,0.7183114462638744,0.7100000000630551,0.6779129388916959,0.9999999999999999,0.8243174763311049
D2_L01_A_023,D2,L01,A,23,122.953,0.8381074136750276,0.2015625861694717,0.16792592474740275,0.8805717885075682,0.2603647163644914,0.26563700803077944,0.4920954038346193,0.6000000000799652,0.04380385976734323,0.0,0.15634201003114806,0.24999999995527383,0.057097223800103375,0.0,0.1358607075061267,0.10999999998308985,0.02873420006806201,0.0,0.06800964672536253,0.03999999998167107,0.018056948267234783,0.0,0.850000000035239,0.7493384974332139,0.7100000000630551,0.7004941711761512,0.9999999999999999,0.8523077680972566
D2_L01_A_024,D2,L01,A,24,124.969,0.8180396674595479,0.2150222259879998,0.18053410224748076,0.871564456228587,0.27805098017422075,0.27482737886606595,0.5044560391249365,0.6000000000799652,0.04093290527023271,0.0,0.13052173492230273,0.24999999995527383,0.06816968981888756,0.0,0.13832819757418707,0.10999999998308985,0.02232468981435625,0.0,0.0632651101793138,0.03999999998167107,0.03200163329578337,0.0,0.850000000035239,0.7440803691363597,0.7100000000630551,0.7060418317837126,0.9999999999999999,0.8365710818007401
D2_L01_A_025,D2,L01,A,25,125.031,0.8294830996489929,0.20274188794925746,0.17811802068320892,0.8923387975119668,0.25767428950138366,0.2440166461730158,0.466217059807044,0.6000000000799652,0.05533076820387972,0.0,0.18104105227893771,0.24999999995527383,0.055728064836659826,0.0,0.11301919292125877,0.10999999998308985,0.021266877458076847,0.0,0.08300263742798177,0.03999999998167107,0.024394347066161486,0.0,0.850000000035239,0.7583169451265213,0.7100000000630551,0.6558338983902593,0.9999999999999999,0.8432799424352222
D2_FULL_A_021,D2,FULL,A,21,126.063,0.9681680765732243,0.09295659079317242,0.09685202439072406,0.9681680765796606,0.09295659076019498,0.09685202439729783,0.3473747426066005,0.3500000000981519,0.20676334189940196,0.24999999998181327,0.1428281285763486,0.1499999999939743,0.07256201964056488,0.09999999996129953,0.05751517651688905,0.06999999999773841,0.04209111808478127,0.039999999985351455,0.1101546666507735,0.029999999988503778,0.020710806024640212,0.009999999993167303,0.850000000035239,0.7695282327229159,0.7100000000630551,0.6537443791076728,0.6000000000783684,0.6578727143506118
D2_FULL_A_022,D2,FULL,A,22,126.078,0.9653669763515531,0.13703190606039767,0.11038041143654613,0.9653669763517173,0.13703190612557214,0.11038041148494374,0.3907684838899797,0.3500000000981519,0.19029177058466307,0.24999999998181327,0.13052073795785735,0.1499999999939743,0.06950368054690663,0.09999999996129953,0.04265190478500079,0.06999999999773841,0.0573897450564709,0.039999999985351455,0.09669831443181864,0.029999999988503778,0.022175362747302866,0.009999999993167303,0.850000000035239,0.7810846729794068,0.7100000000630551,0.6811019043161145,0.6000000000783684,0.6606394410646566
D2_FULL_A_023,D2,FULL,A,23,126.016,0.9576069774970166,0.12582805372092487,0.11171639727657252,0.9576069775054334,0.12582805378609938,0.11171639728789255,0.3578135294575695,0.3500000000981519,0.20713024942180594,0.24999999998181327,0.12426794417514397,0.1499999999939743,0.07724283959799498,0.09999999996129953,0.03553091301895579,0.06999999999773841,0.06333395693859865,0.039999999985351455,0.11725809422404182,0.029999999988503778,0.017422473165889414,0.009999999993167303,0.850000000035239,0.7664545626525143,0.7100000000630551,0.6638086488369299,0.6000000000783684,0.6348704808757111
D2_FULL_A_024,D2,FULL,A,24,126.047,0.9704573402620625,0.11397388199547005,0.10042045108584795,0.9704573402522348,0.11397388206064453,0.10042045115569595,0.3987598783039895,0.3500000000981519,0.21126727311670815,0.24999999998181327,0.13064683697785112,0.1499999999939743,0.04584155774047363,0.09999999996129953,0.06827045010432262,0.06999999999773841,0.04037587676090443,0.039999999985351455,0.08234030062058026,0.029999999988503778,0.022497826375170348,0.009999999993167303,0.850000000035239,0.7865155461390223,0.7100000000630551,0.7186734782859248,0.6000000000783684,0.6800174660067436
D2_FULL_A_025,D2,FULL,A,25,127.016,0.9037011263706052,0.17028556031227768,0.16337986510164268,0.9037011263754114,0.17028556028123257,0.163379865071534,0.27902550926158987,0.3500000000981519,0.2525442884839317,0.24999999998181327,0.20567345535541393,0.1499999999939743,0.02534896927474441,0.09999999996129953,0.06557969093619034,0.06999999999773841,0.02005006372847812,0.039999999985351455,0.0297102065177647,0.029999999988503778,0.12206781644188695,0.009999999993167303,0.850000000035239,0.7625922223756799,0.7100000000630551,0.6171995524101901,0.6000000000783684,0.5799888620709588
D2_FULL_B_021,D2,FULL,B,21,126.047,0.9564096119311841,0.1260191685888849,0.11302240038319107,0.9564096119454457,0.12601916855364578,0.11302240038490134,0.3426920352689393,0.35000000009815196,0.17413502299619227,0.2499999999818134,0.12442516339122917,0.14999999999397431,0.08272860978999348,0.0999999999612995,0.07266729358511766,0.06999999999773837,0.059334232590410534,0.039999999985351475,0.09254510965403366,0.02999999998850378,0.05147253272408396,0.009999999993167304,0.8500000000352391,0.7239808314463543,0.7100000000630553,0.6488285844406597,0.6000000000783684,0.6323296018993197
D2_FULL_B_022,D2,FULL,B,22,125.984,0.90978506003643,0.199313834075214,0.15825333892572258,0.9097850600506406,0.19931383405462338,0.1582533388998661,0.2912951238346819,0.35000000009815196,0.2262632340756388,0.2499999999818134,0.10181439289633706,0.14999999999397431,0.035778181790452036,0.0999999999612995,0.10870393115436512,0.06999999999773837,0.03553523334826679,0.039999999985351475,0.11959013270475105,0.02999999998850378,0.08101977019550724,0.009999999993167304,0.8500000000352391,0.6551509325971098,0.7100000000630553,0.6617975224129526,0.6000000000783684,0.6214035805901352
D2_FULL_B_023,D2,FULL,B,23,122.984,0.9591649132003509,0.12502943987668586,0.10462289743998864,0.9591649132201547,0.12502943984370837,0.10462289740833965,0.3143410453299065,0.35000000009815196,0.20657746997918391,0.2499999999818134,0.1265889542521358,0.14999999999397431,0.08554967821282271,0.0999999999612995,0.06191341238224275,0.06999999999773837,0.055471423431540046,0.039999999985351475,0.10382825117529162,0.02999999998850378,0.04572976523687672,0.009999999993167304,0.8500000000352391,0.7330571477740488,0.7100000000630553,0.6383033511228733,0.6000000000783684,0.6066716631395767
D2_FULL_B_024,D2,FULL,B,24,127.079,0.9476927343309092,0.1344193094183426,0.1278686617262431,0.9476927343454244,0.1344193093853651,0.12786866172413863,0.33841831616812745,0.35000000009815196,0.17394153769540938,0.2499999999818134,0.12974185408564853,0.14999999999397431,0.0808271548647859,0.0999999999612995,0.06265182780066358,0.06999999999773837,0.04711360254636339,0.039999999985351475,0.1205360137934989,0.02999999998850378,0.046769693045502735,0.009999999993167304,0.8500000000352391,0.7229288628139712,0.7100000000630553,0.6221252842105638,0.6000000000783684,0.6513480118479384
D2_FULL_B_025,D2,FULL,B,25,126.015,0.9820511140248079,0.0787399623416407,0.06418605737035483,0.9820511140316582,0.07873996232105007,0.06418605735711962,0.3355132778427106,0.35000000009815196,0.24274806216967096,0.2499999999818134,0.11962951362322873,0.14999999999397431,0.07855924214760004,0.0999999999612995,0.0889068326086835,0.06999999999773837,0.03480994189573954,0.039999999985351475,0.07218267609488224,0.02999999998850378,0.027650453617484336,0.009999999993167304,0.8500000000352391,0.7764500957832103,0.7100000000630553,0.7019781145168046,0.6000000000783684,0.6162323001695051
D5_L0_A_001,D5,L0,A,1,110.11,0.885070809004726,0.11401590425269739,0.12254689724744695,0.4450322715278304,0.6892754447499798,0.6228183186437906,0.6460564067374683,0.7572436516665668,0.0275535184694911,0.0,0.02380618713950493,0.0,0.029885872816474802,0.0,0.2399276890098343,0.24275634833343324,0.016676202255783073,0.0,0.011243530764888189,0.0,0.004850592806555269,0.0,0.7572436516665668,0.7273019851629391,1.0,0.9302138164725767,1.0,0.9210338136516957
D5_L0_A_002,D5,L0,A,2,121.156,0.9072487822227426,0.0925537057357398,0.09311400766967788,0.37537254839854006,0.7134890505807608,0.6543406731126231,0.675577617693414,0.7572436516665668,0.0060240605107151025,0.0,0.0265575944533283,0.0,0.020816134410883078,0.0,0.2318686765708462,0.24275634833343324,0.024155773103230773,0.0,0.00510990218815408,0.0,0.009890241069428377,0.0,0.7572436516665668,0.7289754070683404,1.0,0.9376261278782061,1.0,0.9391137909057425
D5_L0_A_003,D5,L0,A,3,125.297,0.8975328227727281,0.10186573604644927,0.10990401357499907,0.3955666666045009,0.7062149553094444,0.6405180532054067,0.6598740299256063,0.7572436516665668,0.008839473605397745,0.0,0.028595529492721403,0.0,0.03706246312555553,0.0,0.23826023402794447,0.24275634833343324,0.014861671382376691,0.0,0.004098030560309293,0.0,0.008408567880088575,0.0,0.7572436516665668,0.7343714961492809,1.0,0.9218354089413252,1.0,0.9308278240065815
D5_L0_A_004,D5,L0,A,4,123.25,0.8541387167185381,0.15145460241947994,0.16525657468174726,0.4653338824135598,0.6670203547144054,0.595202036396461,0.6057890492470869,0.7572436516665668,0.03332980865411047,0.0,0.03063130597002159,0.0,0.024106740304489883,0.0,0.2511148376341245,0.24275634833343324,0.014409076009659235,0.0,0.038177244933103635,0.0,0.00244193724740384,0.0,0.7572436516665668,0.6938569041757089,1.0,0.9046427715449811,1.0,0.9257124377843365
D5_L0_A_005,D5,L0,A,5,123.219,0.9117397995839915,0.0880443915309008,0.08843993658013584,0.3903633296918692,0.7148970079374779,0.6553018162040113,0.6784332924337336,0.7572436516665668,0.00885399838851291,0.0,0.023456237605206362,0.0,0.013147345570547678,0.0,0.23352231603536555,0.24275634833343324,0.012212818143452354,0.0,0.02271689050444537,0.0,0.007657101318736034,0.0,0.7572436516665668,0.7238908739980005,1.0,0.9330224250010644,1.0,0.9581287365787509
D5_L01_A_001,D5,L01,A,1,125.234,0.8164782679289387,0.19029772232446718,0.15498464393544598,0.6682951424628745,0.4952415512161425,0.46573495723933006,0.5202746306784863,0.5540340373849817,0.041525319124957286,0.0,0.09324943306254542,0.20320961428158515,0.06904505523599232,0.0,0.06612456580121623,0.040900081532914426,0.025427864773003316,0.0,0.1552781324015867,0.20185626680051869,0.029074998922212512,0.0,0.7572436516665668,0.7240944381019814,0.5949341189178962,0.6533523803776631,1.0,0.8349267619438346
D5_L01_A_002,D5,L01,A,2,124.25,0.8365771035402289,0.1733363916592272,0.13818614968499524,0.6617232366218465,0.5045696409431087,0.4488895193143131,0.48873608694480464,0.5540340373849817,0.06366700328797686,0.0,0.12159462046689037,0.20320961428158515,0.042729477580102225,0.0,0.058491324862942416,0.040900081532914426,0.030418502558276193,0.0,0.1754328193961634,0.20185626680051869,0.01893016490284396,0.0,0.7572436516665668,0.7167271882797741,0.5949341189178962,0.641312917654,1.0,0.8442548516708008
D5_L01_A_003,D5,L01,A,3,126.203,0.8510528944348844,0.16306042197517223,0.12608951156362078,0.6308353232905218,0.5212732841232652,0.47102446162629297,0.502394177412478,0.5540340373849817,0.04357855120743469,0.0,0.12032838393199188,0.20320961428158515,0.036365545001793426,0.0,0.06491899835904405,0.040900081532914426,0.030851541199753148,0.0,0.17331693514744348,0.20185626680051869,0.028245867740061444,0.0,0.7572436516665668,0.7026666575536981,0.5949341189178962,0.64174326817871,1.0,0.8609584948509574
D5_L01_A_004,D5,L01,A,4,126.25,0.835400484218839,0.17646927353779457,0.1427122873420527,0.662820070566892,0.5018181221957129,0.440323464709642,0.4678375708887873,0.5540340373849817,0.061562323559788114,0.0,0.1314746816146625,0.20320961428158515,0.04391451926012578,0.0,0.05887268799411402,0.040900081532914426,0.026980349090099838,0.0,0.18331839242584116,0.20185626680051869,0.0260394751665813,0.0,0.7572436516665668,0.7047890953233636,0.5949341189178962,0.6152529315327893,1.0,0.841503332923405
D5_L01_A_005,D5,L01,A,5,123.188,0.8304576688392119,0.17848125374355517,0.14250190737836804,0.6681846190825906,0.4990532490484254,0.44578605095141877,0.48505546757874013,0.5540340373849817,0.062077424180458377,0.0,0.11774958099293653,0.20320961428158515,0.04434690601238836,0.0,0.0581197950525872,0.040900081532914426,0.032263766137814814,0.0,0.1778136161518537,0.20185626680051869,0.02257344389322087,0.0,0.7572436516665668,0.7092293787645234,0.5949341189178962,0.6375164529496006,1.0,0.8387384597761176
D5_FULL_A_001,D5,FULL,A,1,123.281,0.9575350388376032,0.138662906283351,0.11139674773949854,0.9575350388132393,0.1386629062442855,0.11139674771452737,0.17655974064145985,0.21379601706300183,0.2957697698684911,0.3402380203219799,0.02713931560885238,0.002357036980835589,0.2317695654854088,0.20085257730074949,0.00451467504535232,0.004361784199429865,0.05791671568563224,0.03653829733348458,0.18060270283838983,0.11917037256578512,0.02572751482641339,0.08268589423473365,0.7572436516665667,0.7312383916042121,0.5949341189178962,0.5347609012409354,0.3396852108090524,0.3888164341340544
D5_FULL_A_002,D5,FULL,A,2,126.219,0.9534792954882289,0.08296719343154434,0.07333965673892223,0.9534792954449146,0.08296719345573303,0.0733396567571276,0.19610626997381175,0.21379601706300183,0.33243213034059743,0.3402380203219799,0.061253285572990715,0.002357036980835589,0.17739979511574905,0.20085257730074949,0.014280141686377723,0.004361784199429865,0.05069088468592601,0.03653829733348458,0.10953448693337446,0.11917037256578512,0.05830300569117306,0.08268589423473365,0.7572436516665667,0.7671914810031488,0.5949341189178962,0.5935094266867128,0.3396852108090524,0.38117418416655463
D5_FULL_A_003,D5,FULL,A,3,125.187,0.9428239049434776,0.13810935812189007,0.13055135887240976,0.9428239049109305,0.13810935808282454,0.13055135886617994,0.18352351122739977,0.21379601706300183,0.24241366584565258,0.3402380203219799,0.029174743345710654,0.002357036980835589,0.20674099520172212,0.20085257730074949,0.036645453375883555,0.004361784199429865,0.10462620004027363,0.03653829733348458,0.12420203453858476,0.11917037256578512,0.072673396424773,0.08268589423473365,0.7572436516665667,0.6618529156204851,0.5949341189178962,0.5672088304892096,0.3396852108090524,0.3735457424875787
D5_FULL_A_004,D5,FULL,A,4,127.14,0.9714480838795592,0.0755718418998153,0.07068773052903392,0.9714480838449311,0.07557184188582906,0.07068773054597828,0.21258564523607767,0.21379601706300183,0.312171619390746,0.3402380203219799,0.03277269924861021,0.002357036980835589,0.23601280371420733,0.20085257730074949,0.007173206196492275,0.004361784199429865,0.0437228285550049,0.03653829733348458,0.11741296489483954,0.11917037256578512,0.03814823276402189,0.08268589423473365,0.7572436516665667,0.7935427675896413,0.5949341189178962,0.5756532993783209,0.3396852108090524,0.3699445155760197
D5_FULL_A_005,D5,FULL,A,5,126.172,0.9262031780858754,0.1845215644553015,0.14080408689757315,0.9262031780541478,0.18452156441623596,0.14080408686297427,0.1389810627378447,0.21379601706300183,0.27412146225061423,0.3402380203219799,0.04084572599473487,0.002357036980835589,0.21679584054104303,0.20085257730074949,0.033662555037240846,0.004361784199429865,0.09884330865050549,0.03653829733348458,0.15765420261206187,0.11917037256578512,0.03909584217595497,0.08268589423473365,0.7572436516665667,0.6707440915242368,0.5949341189178962,0.5456083886762052,0.3396852108090524,0.3711435463818823
D5_FULL_B_001,D5,FULL,B,1,125.25,0.9377372966772093,0.11395981570687688,0.09783201744134933,0.9377372966221236,0.11395981569289068,0.09783201747601522,0.21132843813074711,0.21379601706300172,0.3367836404938095,0.34023802032198003,0.02377001255862658,0.0023570369808355906,0.22703257463933985,0.20085257730074954,0.05050229900966445,0.0043617841994298655,0.05676462531374551,0.0365382973334846,0.06933674275615966,0.11917037256578515,0.024481667097907268,0.08268589423473363,0.7572436516665668,0.798914665822523,0.5949341189178962,0.6553790029479665,0.33968521080905234,0.3549374924551978
D5_FULL_B_002,D5,FULL,B,2,126.172,0.9413396305110276,0.12532835436411782,0.10588571843094483,0.9413396304647322,0.12532835435013162,0.10588571845223592,0.2050619003064016,0.21379601706300172,0.30947041472889675,0.34023802032198003,0.046909269463007525,0.0023570369808355906,0.2183863903209255,0.20085257730074954,0.014684212940802037,0.0043617841994298655,0.08945817745388232,0.0365382973334846,0.050699793682162875,0.11917037256578515,0.06532984110392141,0.08268589423473363,0.7572436516665668,0.7798279748192314,0.5949341189178962,0.6186747054299826,0.33968521080905234,0.31735517639237404
D5_FULL_B_003,D5,FULL,B,3,126.25,0.9457429097029562,0.11157650481686815,0.08733913263951353,0.9457429096433223,0.11157650489612428,0.08733913270320062,0.23006134594656522,0.21379601706300172,0.31598906671354693,0.34023802032198003,0.03434218775607091,0.0023570369808355906,0.20565479651917368,0.20085257730074954,0.036439646651245876,0.0043617841994298655,0.06298424082131367,0.0365382973334846,0.08520227768603873,0.11917037256578515,0.02932643790604488,0.08268589423473363,0.7572436516665668,0.7860473969353567,0.5949341189178962,0.6454743001326717,0.33968521080905234,0.38604545803992074
D5_FULL_B_004,D5,FULL,B,4,126.187,0.9288597058599136,0.14552538841664509,0.12771171856391889,0.9288597058012669,0.1455253884959012,0.1277117186060784,0.22058126093256333,0.21379601706300172,0.2823975425896342,0.34023802032198003,0.053063252340001296,0.0023570369808355906,0.2032580029192195,0.20085257730074954,0.009589007145294233,0.0043617841994298655,0.11693957795706793,0.0365382973334846,0.07362428215071336,0.11917037256578515,0.040547073965506115,0.08268589423473363,0.7572436516665668,0.7593000587814183,0.5949341189178962,0.6295073886245596,0.33968521080905234,0.35685780256857225
D5_FULL_B_005,D5,FULL,B,5,126.219,0.9420034352298495,0.11817216931810501,0.0984925450314512,0.9420034351892422,0.11817216927903955,0.098492545009944,0.16494974936249693,0.21379601706300172,0.3330510604410278,0.34023802032198003,0.027794263688815535,0.0023570369808355906,0.23069594790506667,0.20085257730074954,0.0367349045198817,0.0043617841994298655,0.06503642321514179,0.0365382973334846,0.12119069836948398,0.11917037256578515,0.020546952498085615,0.08268589423473363,0.7572436516665668,0.7564910213974069,0.5949341189178962,0.5997721375385482,0.33968521080905234,0.35066961594067814
D5_L0_A_006,D5,L0,A,6,123.187,0.8797984024207923,0.11968645117831753,0.13154884538001418,0.44797702188962296,0.6782246365616318,0.6186724242297773,0.6375572004882493,0.7572436516665668,0.02101728500832238,0.0,0.01764288208079194,0.0,0.02856688022825796,0.0,0.24353939212941825,0.24275634833343324,0.015346445931501532,0.0,0.034213789285219606,0.0,0.0021161248482390554,0.0,0.7572436516665668,0.7047842478056214,1.0,0.9174603235574914,1.0,0.932953263983679
D5_L0_A_007,D5,L0,A,7,122.25,0.8515515646090789,0.14765957817647604,0.1506915171850367,0.4630433497493085,0.6705853426403982,0.6014075042200172,0.622798720085575,0.7572436516665668,0.02572886416075603,0.0,0.038759758953701866,0.0,0.02944449674559462,0.0,0.22954170173794894,0.24275634833343324,0.017363953667251616,0.0,0.03341234431063659,0.0,0.002950160338535226,0.0,0.7572436516665668,0.7167318399456275,1.0,0.8954332396515317,1.0,0.9245125250878624
D5_L0_A_008,D5,L0,A,8,121.109,0.8780458513131777,0.12188780940929245,0.11559795947934633,0.4233732586359901,0.6936362487048797,0.6314953397438465,0.6583662418894349,0.7572436516665668,0.014881357430754675,0.0,0.036038896250999916,0.0,0.023545394826898457,0.0,0.21974594870127273,0.24275634833343324,0.024228712759094037,0.0,0.019534815166410768,0.0,0.0036586329751346364,0.0,0.7572436516665668,0.7328318903980879,1.0,0.9172222607805564,1.0,0.9336859020081183
D5_L0_A_009,D5,L0,A,9,123.203,0.837968990809554,0.1604463108338275,0.17007907465259206,0.46251177817521955,0.6668492770073773,0.591322250952901,0.6036835261326992,0.7572436516665668,0.029631686193403967,0.0,0.047810425978032374,0.0,0.029905436994779964,0.0,0.2358701630334734,0.24275634833343324,0.02988358156034076,0.0,0.017854604197421402,0.0,0.00536057590984905,0.0,0.7572436516665668,0.7110310752989155,1.0,0.8990689569199173,1.0,0.9052187193416263
D5_L0_A_010,D5,L0,A,10,123.156,0.9123231700240927,0.08767458551196576,0.07992011081670819,0.36736076847281246,0.719717102255435,0.6643491244224695,0.6920785279302805,0.7572436516665668,0.004273348887610514,0.0,0.027906525904228274,0.0,0.01322615243352331,0.0,0.22024688655775376,0.24275634833343324,0.020278555422222382,0.0,0.008863316417309338,0.0,0.013126686447071878,0.0,0.7572436516665668,0.7374845551556426,1.0,0.9368773187978671,1.0,0.9490952568095719
D5_L01_A_006,D5,L01,A,6,124.204,0.8107163655563545,0.19510394264383607,0.15641720582856122,0.6706688427767983,0.48267390554143774,0.4546792376210558,0.5016356492551227,0.5540340373849817,0.03652984082312318,0.0,0.1054617353089837,0.20320961428158515,0.08207098528382215,0.0,0.05836314044588035,0.040900081532914426,0.025844961319709543,0.0,0.1568985912591431,0.20185626680051869,0.03319509630421533,0.0,0.7572436516665668,0.7256982106710518,0.5949341189178962,0.6223735918438358,1.0,0.8223591162691298
D5_L01_A_007,D5,L01,A,7,125.266,0.8151365090787224,0.1878246357183637,0.14522323603310622,0.6513316847949996,0.49977480046130596,0.46621817236065,0.5048447616248931,0.5540340373849817,0.03739489458361343,0.0,0.11087525109049742,0.20320961428158515,0.04839468578199487,0.0,0.05327296091222764,0.040900081532914426,0.051450064850541564,0.0,0.15555527003333136,0.20185626680051869,0.03821211112290065,0.0,0.7572436516665668,0.7015095930809989,0.5949341189178962,0.6469626819712758,1.0,0.8245482436609496
D5_L01_A_008,D5,L01,A,8,122.156,0.8380299325798974,0.17477024992289192,0.1393495968541009,0.6533578143975655,0.5065757908868816,0.4492438757087895,0.48663076545018075,0.5540340373849817,0.06992710176073946,0.0,0.12287058320091188,0.20320961428158515,0.02749096713443194,0.0,0.061931333070380144,0.040900081532914426,0.031019601124668495,0.0,0.17482831989310105,0.20185626680051869,0.025301328365586382,0.0,0.7572436516665668,0.7069194175462639,0.5949341189178962,0.6495088014059688,1.0,0.8462610016145737
D5_L01_A_009,D5,L01,A,9,124.234,0.8110135162888377,0.19177806232429237,0.15322525644008989,0.687864531131687,0.4856857173251686,0.45396504616114247,0.5124334923489517,0.5540340373849817,0.059414192817171155,0.0,0.0975625309671594,0.20320961428158515,0.04995155982113043,0.0,0.05804907191006749,0.040900081532914426,0.023851990815168655,0.0,0.15732583282668205,0.20185626680051869,0.04141132849366909,0.0,0.7572436516665668,0.7193617759544128,0.5949341189178962,0.6537487478913591,1.0,0.8253709280528607
D5_L01_A_010,D5,L01,A,10,123.156,0.8155407185130182,0.1878920473537254,0.14747297847708146,0.6585056410337756,0.5000560624385555,0.4644127215324126,0.506906613620065,0.5540340373849817,0.041327190591808984,0.0,0.10266130464909273,0.20320961428158515,0.04801764770587149,0.0,0.056468322245730604,0.040900081532914426,0.048603377129649905,0.0,0.1616399528442025,0.20185626680051869,0.034375591213578874,0.0,0.7572436516665668,0.6989127565668382,0.5949341189178962,0.6533055035872545,1.0,0.8276761933590908
D5_FULL_A_006,D5,FULL,A,6,127.234,0.9599270782030686,0.1379821202369489,0.10400990096284066,0.9599270781728785,0.13798212019788336,0.10400990094432412,0.18038517195189863,0.21379601706300183,0.2809305875566401,0.3402380203219799,0.027263251261913236,0.002357036980835589,0.23570179223901974,0.20085257730074949,0.01810953716192926,0.004361784199429865,0.07284182783364668,0.03653829733348458,0.14734578012072463,0.11917037256578512,0.03742205187422785,0.08268589423473365,0.7572436516665667,0.7242808030094717,0.5949341189178962,0.5522671245041146,0.3396852108090524,0.3731037404964658
D5_FULL_A_007,D5,FULL,A,7,125.219,0.94775126078342,0.09083198694496622,0.0828137792952753,0.9477512607419375,0.09083198696915491,0.08281377930647565,0.19454514478720564,0.21379601706300183,0.31620768793197307,0.3402380203219799,0.07150284041749781,0.002357036980835589,0.17843654228000835,0.20085257730074949,0.009509377780921924,0.004361784199429865,0.05307688726029647,0.03653829733348458,0.10889950582104822,0.11917037256578512,0.06782201372104844,0.08268589423473365,0.7572436516665667,0.7606922154166849,0.5949341189178962,0.5733390977603972,0.3396852108090524,0.3844568688066736
D5_FULL_A_008,D5,FULL,A,8,126.203,0.9613825159907611,0.08495428842991051,0.07232179524573064,0.9613825159495174,0.08495428854734165,0.07232179528656843,0.21718208155635357,0.21379601706300183,0.3042320405446656,0.3402380203219799,0.049727624779406863,0.002357036980835589,0.17627430074102,0.20085257730074949,0.013928921757884719,0.004361784199429865,0.06116879591301723,0.03653829733348458,0.10068690533605476,0.11917037256578512,0.0767993293715973,0.08268589423473365,0.7572436516665667,0.7474160476214461,0.5949341189178962,0.5965118397719212,0.3396852108090524,0.38152553342969997
D5_FULL_A_009,D5,FULL,A,9,126.203,0.9551345087383216,0.09127927752935287,0.07264578454737365,0.9551345086969244,0.09127927755354157,0.07264578455329586,0.1857392063472928,0.21379601706300183,0.33161169935128254,0.3402380203219799,0.04765577343662239,0.002357036980835589,0.1762312882086761,0.20085257730074949,0.026160054334017375,0.004361784199429865,0.060720568272463124,0.03653829733348458,0.11532825134596873,0.11917037256578512,0.056553158703676956,0.08268589423473365,0.7572436516665667,0.7412379673438738,0.5949341189178962,0.6042315283050558,0.3396852108090524,0.3748832854639013
D5_FULL_A_010,D5,FULL,A,10,126.203,0.9464185415171261,0.14510057072465105,0.11454111710768804,0.9464185414865153,0.14510057068558552,0.11454111707599515,0.1638279139698698,0.21379601706300183,0.27007068696234804,0.3402380203219799,0.04368380698647622,0.002357036980835589,0.2376847127750517,0.20085257730074949,0.029131062279588373,0.004361784199429865,0.07357540315690009,0.03653829733348458,0.12430565390691926,0.11917037256578512,0.05772075996284649,0.08268589423473365,0.7572436516665667,0.7152671206937458,0.5949341189178962,0.5366050663687063,0.3396852108090524,0.36094843714285363
D5_FULL_B_006,D5,FULL,B,6,126.282,0.9048590010676437,0.1471999006264087,0.12345725261635851,0.9048590010127254,0.1471999006255181,0.1234572526133227,0.15999125939428768,0.21379601706300172,0.3269174410973362,0.34023802032198003,0.02944647140535079,0.0023570369808355906,0.1921199367324899,0.20085257730074954,0.06189273646332489,0.0043617841994298655,0.09020693636321424,0.0365382973334846,0.1280812474740539,0.11917037256578515,0.011343971069942367,0.08268589423473363,0.7572436516665668,0.7084751086294647,0.5949341189178962,0.6390083733181631,0.33968521080905234,0.3794117147370173
D5_FULL_B_007,D5,FULL,B,7,126.235,0.9445134689802268,0.15312014073147834,0.12188475798660948,0.9445134689322332,0.15312014081073444,0.12188475802183478,0.23049706455403965,0.21379601706300172,0.2822098674536702,0.34023802032198003,0.03244993383463293,0.0023570369808355906,0.24032483741591845,0.20085257730074954,0.016835318602282143,0.0043617841994298655,0.09091869920210643,0.0365382973334846,0.048044718846374866,0.11917037256578515,0.05871956009097536,0.08268589423473363,0.7572436516665668,0.7854817032582613,0.5949341189178962,0.6204609498120985,0.33968521080905234,0.3278270358373296
D5_FULL_B_008,D5,FULL,B,8,126.281,0.8953948149166203,0.22923898478045918,0.18524219444333856,0.8953948148875259,0.2292389847413937,0.18524219441496523,0.1320728292835062,0.21379601706300172,0.22960356686537675,0.34023802032198003,0.02192587957864603,0.0023570369808355906,0.22630234612875277,0.20085257730074954,0.07852222792755838,0.0043617841994298655,0.11848275253199816,0.0365382973334846,0.1472858469937885,0.11917037256578515,0.045804550690373196,0.08268589423473363,0.7572436516665668,0.6099046218562817,0.5949341189178962,0.5586813766084394,0.33968521080905234,0.3798067837834991
D5_FULL_B_009,D5,FULL,B,9,126.234,0.9363727946380151,0.1276632486974163,0.10538121595089707,0.9363727945984691,0.1276632486834301,0.10538121595536534,0.1888911073564273,0.21379601706300172,0.29718507420489604,0.34023802032198003,0.014582339322523147,0.0023570369808355906,0.21700973307151825,0.20085257730074954,0.08039019662923681,0.0043617841994298655,0.05979067548863764,0.0365382973334846,0.09698314163720802,0.11917037256578515,0.04516773228955282,0.08268589423473363,0.7572436516665668,0.7176682539553648,0.5949341189178962,0.6262570536791978,0.33968521080905234,0.38084678494539526
D5_FULL_B_010,D5,FULL,B,10,126.282,0.883984347063153,0.1992451075665988,0.166816286718026,0.8839843470102171,0.19924510759078745,0.16681628671098064,0.15868735354257082,0.21379601706300172,0.2373840284814404,0.34023802032198003,0.08025941366025516,0.0023570369808355906,0.19758478038671234,0.20085257730074954,0.061017805056611724,0.0043617841994298655,0.10122500736348186,0.0365382973334846,0.1029446029844214,0.11917037256578515,0.06089700852450621,0.08268589423473363,0.7572436516665668,0.6739155760709787,0.5949341189178962,0.5583141944441048,0.33968521080905234,0.40290917524385916
D5_L0_A_011,D5,L0,A,11,123.235,0.8988399531117084,0.10056832757434711,0.08438985649250377,0.4306606053172949,0.7028013966502676,0.6541465865082651,0.7005602059023341,0.7572436516665668,0.021122244708204594,0.0,0.023884562361442516,0.0,0.012784307641499569,0.0,0.1988714665233187,0.24275634833343324,0.012691205356837628,0.0,0.024765177476214043,0.0,0.005320830030148659,0.0,0.7572436516665668,0.7583513206134808,1.0,0.933245122490695,1.0,0.9480814122633094
D5_L0_A_012,D5,L0,A,12,123.234,0.8823496655392212,0.11736799336895964,0.12038154357962365,0.362295809075536,0.7064109785706504,0.6410225404712074,0.6546877756830968,0.7572436516665668,0.004639569177939314,0.0,0.0432204750231656,0.0,0.01318155745652362,0.0,0.22794423094794355,0.24275634833343324,0.037611632375765106,0.0,0.016483563625766137,0.0,0.002231195709799783,0.0,0.7572436516665668,0.7157293773407253,1.0,0.9248832081847448,1.0,0.9423360452799721
D5_L0_A_013,D5,L0,A,13,123.218,0.8574634740808864,0.1414920002813498,0.1486896042427328,0.4691140071530409,0.6618370772092617,0.60177052097141,0.6238997477840851,0.7572436516665668,0.02252913837469553,0.0,0.023843915627439136,0.0,0.043988723879415034,0.0,0.23460825193456514,0.24275634833343324,0.020217379711986023,0.0,0.02894648530745627,0.0,0.00196635738035777,0.0,0.7572436516665668,0.7142615256656347,1.0,0.9012545178053317,1.0,0.9112984006535456
D5_L0_A_014,D5,L0,A,14,120.156,0.8598252833317097,0.13893869813073487,0.1491938247115767,0.4319283275908059,0.6880270703468335,0.6093342104039583,0.6234428541339361,0.7572436516665668,0.02872371903685748,0.0,0.047480606614396056,0.0,0.018942135882534957,0.0,0.2376184477353291,0.24275634833343324,0.023733919494614297,0.0,0.01799829779286463,0.0,0.0020600193094674484,0.0,0.7572436516665668,0.7185893156677244,1.0,0.913518940400737,1.0,0.9265402062765259
D5_L0_A_015,D5,L0,A,15,123.281,0.904649781133884,0.09534869921978777,0.08815799278012985,0.41401237989824186,0.7111218626597193,0.6499349274332,0.6840352593673658,0.7572436516665668,0.016498006500991116,0.0,0.026985400016334742,0.0,0.025874700517879587,0.0,0.22061604141284646,0.24275634833343324,0.010523400037905974,0.0,0.011043782865856078,0.0,0.004423409280820199,0.0,0.7572436516665668,0.7533933664025712,1.0,0.9316727073191093,1.0,0.942680483662403
D5_L01_A_011,D5,L01,A,11,123.188,0.7951058465110673,0.2105353308330981,0.1684704830594062,0.7033952433408343,0.4704938922254758,0.43197395706697306,0.48337257115646703,0.5540340373849817,0.05965361693219453,0.0,0.09341491431655584,0.20320961428158515,0.06631081197280993,0.0,0.06161451531918038,0.040900081532914426,0.03366586758173555,0.0,0.17177710216096453,0.20185626680051869,0.03019060056009213,0.0,0.7572436516665668,0.7027519143780273,0.5949341189178962,0.6383065709895774,1.0,0.8101791029531678
D5_L01_A_012,D5,L01,A,12,123.219,0.8298737160226781,0.15921607232311663,0.1479896549135198,0.6557478482832796,0.5085342138780732,0.4867922552952611,0.5469936707013099,0.5540340373849817,0.03678881637929917,0.0,0.08725378391266188,0.20320961428158515,0.0660419860895996,0.0,0.048335578461796286,0.040900081532914426,0.032394783894908644,0.0,0.16563639152999712,0.20185626680051869,0.016554989030427333,0.0,0.7572436516665668,0.7370782570828707,0.5949341189178962,0.664512849437314,1.0,0.8482194246057652
D5_L01_A_013,D5,L01,A,13,123.25,0.8183827614140097,0.19095455158200111,0.15015432319613423,0.6426446366180537,0.49856938157566355,0.4810115812192726,0.5291564246151391,0.5540340373849817,0.03703822325257579,0.0,0.10210257780166988,0.20320961428158515,0.04603541797906251,0.0,0.06848125087760774,0.040900081532914426,0.03816627186315646,0.0,0.13688636446827546,0.20185626680051869,0.04213346914251309,0.0,0.7572436516665668,0.7143326436484473,0.5949341189178962,0.6728421706084791,1.0,0.8366266177626922
D5_L01_A_014,D5,L01,A,14,123.14,0.7973948470720154,0.23329215422466684,0.182495133581887,0.6471666046144524,0.4766944143469007,0.44095375055476965,0.46915095633958886,0.5540340373849817,0.034397401665837005,0.0,0.12078063386198003,0.20320961428158515,0.10044251057342454,0.0,0.09057186083217417,0.040900081532914426,0.027743981436392468,0.0,0.13587617404084987,0.20185626680051869,0.021036481249753176,0.0,0.7572436516665668,0.7247715024408304,0.5949341189178962,0.6218642002739925,1.0,0.8163796250745929
D5_L01_A_015,D5,L01,A,15,121.078,0.8307300733946719,0.16153721265145976,0.14202706575354593,0.6557844421510105,0.5088055025588457,0.48607519670163646,0.5432555213508256,0.5540340373849817,0.04480984097036808,0.0,0.09122597245146723,0.20320961428158515,0.04044939902393742,0.0,0.05003045965320398,0.040900081532914426,0.03743584514020103,0.0,0.16308121201333312,0.20185626680051869,0.029711749396663774,0.0,0.7572436516665668,0.7197407337965983,0.5949341189178962,0.6755316671145987,1.0,0.8475931654688299
D5_FULL_A_011,D5,FULL,A,11,125.203,0.9449514371948292,0.14249826374871197,0.1297361546777603,0.9449514371563795,0.14249826373472574,0.12973615468638938,0.21004912021728186,0.21379601706300183,0.23556837482104356,0.3402380203219799,0.03030856460473426,0.002357036980835589,0.23520025370267197,0.20085257730074949,0.04207017889164317,0.004361784199429865,0.07902896236416206,0.03653829733348458,0.09532937867818665,0.11917037256578512,0.07244516672027645,0.08268589423473365,0.7572436516665667,0.7111263133457316,0.5949341189178962,0.5667166362941306,0.3396852108090524,0.37775724239184594
D5_FULL_A_012,D5,FULL,A,12,126.281,0.9335589283471316,0.15070527170425607,0.12750450544491884,0.933558928315603,0.15070527172844478,0.12750450542654784,0.1544301979673658,0.21379601706300183,0.2930514175996521,0.3402380203219799,0.032802917987538496,0.002357036980835589,0.18234472181166683,0.20085257730074949,0.03674337636944505,0.004361784199429865,0.12441609586102262,0.03653829733348458,0.09806769674665942,0.11917037256578512,0.07814357565664982,0.08268589423473365,0.7572436516665667,0.6626292553662232,0.5949341189178962,0.6086410877974856,0.3396852108090524,0.32204418907100874
D5_FULL_A_013,D5,FULL,A,13,138.375,0.9365526989323489,0.13947260819220653,0.11097165151053913,0.9365526988976774,0.13947260815314103,0.11097165147518559,0.1461557878455382,0.21379601706300183,0.3049182867101016,0.3402380203219799,0.04609621548786932,0.002357036980835589,0.20993238472431344,0.20085257730074949,0.03497504741993046,0.004361784199429865,0.08266729420253188,0.03653829733348458,0.12908173473784612,0.11917037256578512,0.04617324887186909,0.08268589423473365,0.7572436516665667,0.7071026747678226,0.5949341189178962,0.5687164161781022,0.3396852108090524,0.3563087854911841
D5_FULL_A_014,D5,FULL,A,14,141.391,0.9599400426919005,0.08240546273520732,0.0705273104264894,0.9599400426462216,0.08240546275939602,0.07052731046700049,0.20766324808812836,0.21379601706300183,0.33033625747444906,0.3402380203219799,0.046314709438642576,0.002357036980835589,0.1872844822188957,0.20085257730074949,0.00999201428334865,0.004361784199429865,0.06935585752696609,0.03653829733348458,0.1032406808070309,0.11917037256578512,0.045812750162538614,0.08268589423473365,0.7572436516665667,0.7715986972201158,0.5949341189178962,0.6173473773728921,0.3396852108090524,0.3672106526171505
D5_FULL_A_015,D5,FULL,A,15,125.203,0.9572446891113412,0.14907993096938957,0.11445880801703603,0.9572446890826712,0.14907993093032407,0.11445880800215484,0.1825207233798378,0.21379601706300183,0.2701155911244726,0.3402380203219799,0.017361907344690945,0.002357036980835589,0.23186028532127484,0.20085257730074949,0.0271082668768381,0.004361784199429865,0.07565492769241179,0.03653829733348458,0.16037461211445853,0.11917037256578512,0.03500368614601543,0.08268589423473365,0.7572436516665667,0.7018585071702762,0.5949341189178962,0.5553995090735603,0.3396852108090524,0.3873655097158254
D5_FULL_B_011,D5,FULL,B,11,126.266,0.9574036538187156,0.10283849170467393,0.09464239741854223,0.9574036537795246,0.10283849169068773,0.0946423974278079,0.20562416320731894,0.21379601706300172,0.33675609184525,0.34023802032198003,0.015012210379842244,0.0023570369808355906,0.2588788838092179,0.20085257730074954,0.033515033798792684,0.0043617841994298655,0.0395420595313207,0.0365382973334846,0.08651661412894257,0.11917037256578515,0.024154943299315064,0.08268589423473363,0.7572436516665668,0.8162713492416291,0.5949341189178962,0.6154373483826824,0.33968521080905234,0.34066802151489645
D5_FULL_B_012,D5,FULL,B,12,138.343,0.9644996720683585,0.07427143268673105,0.06437081611811335,0.9644996720232029,0.07427143271091972,0.06437081616186321,0.21064859140875872,0.21379601706300172,0.3328969121367129,0.34023802032198003,0.036449232327001355,0.0023570369808355906,0.1993473182391839,0.20085257730074954,0.018305282972070267,0.0043617841994298655,0.06277403590140936,0.0365382973334846,0.09486064034440314,0.11917037256578515,0.04471798667046023,0.08268589423473363,0.7572436516665668,0.7793420541116569,0.5949341189178962,0.6246248224189512,0.33968521080905234,0.3602637470522335
D5_FULL_B_013,D5,FULL,B,13,126.25,0.9638264624337735,0.0889046983279933,0.0776168648157216,0.9638264623933451,0.08890469840724943,0.07761686485546673,0.21957191312023489,0.21379601706300172,0.32861690542972094,0.34023802032198003,0.008546267681549223,0.0023570369808355906,0.23066853152575656,0.20085257730074954,0.032991961914276384,0.0043617841994298655,0.055031736963677434,0.0365382973334846,0.10028456974408871,0.11917037256578515,0.024288113620695707,0.08268589423473363,0.7572436516665668,0.7874036177572616,0.5949341189178962,0.6362125174279096,0.33968521080905234,0.3613947124601492
D5_FULL_B_014,D5,FULL,B,14,126.266,0.9296736188204886,0.1709156930765913,0.15498079745176935,0.9296736187871026,0.1709156930626051,0.15498079744025403,0.17659405352149438,0.21379601706300172,0.2271815721488387,0.34023802032198003,0.04591617970878805,0.0023570369808355906,0.23043658753282303,0.20085257730074954,0.02142094389569919,0.0043617841994298655,0.1172516777537806,0.0365382973334846,0.10328916075679194,0.11917037256578515,0.07790982468178421,0.08268589423473363,0.7572436516665668,0.6801283929119442,0.5949341189178962,0.5424482473198129,0.33968521080905234,0.34722033788277357
D5_FULL_B_015,D5,FULL,B,15,126.234,0.9061049525125933,0.20283450849621854,0.15083606075811154,0.9061049524652952,0.20283450848223233,0.15083606075237346,0.16904735276857036,0.21379601706300172,0.2697923517161962,0.34023802032198003,0.023613346382107374,0.0023570369808355906,0.24684943507582716,0.20085257730074954,0.07954860603907384,0.0043617841994298655,0.09693281681370972,0.0365382973334846,0.08159464535102016,0.11917037256578515,0.032621445853495246,0.08268589423473363,0.7572436516665668,0.7093024859427011,0.5949341189178962,0.6153211273375501,0.33968521080905234,0.35380395054077174
D5_L0_A_016,D5,L0,A,16,124.187,0.894706557801568,0.10510904225547255,0.10379696293392038,0.4459308309711581,0.6960241174195327,0.6328566680554947,0.6665414035123929,0.7572436516665668,0.029956711895539615,0.0,0.02164799781183291,0.0,0.023459982279690705,0.0,0.22834955423213463,0.24275634833343324,0.00197170495475243,0.0,0.010499340574006644,0.0,0.01757330473965024,0.0,0.7572436516665668,0.7416060954994561,1.0,0.9268193745948196,1.0,0.9270382961303671
D5_L0_A_017,D5,L0,A,17,121.156,0.9105798783426612,0.08941818266590175,0.0824618459001377,0.3887661367330129,0.7170702907773197,0.6591801217090671,0.6883918927614652,0.7572436516665668,0.0061830222334521845,0.0,0.027003311580049136,0.0,0.016655407339098177,0.0,0.2221899245726331,0.24275634833343324,0.007176444934537194,0.0,0.018958720250065262,0.0,0.013441276328699752,0.0,0.7572436516665668,0.7382336339140647,1.0,0.9239412845020877,1.0,0.9565438491642126
D5_L0_A_018,D5,L0,A,18,121.156,0.886431514050267,0.11337601559490447,0.11260863879606427,0.4229412462575465,0.6954999007071713,0.6334225067269408,0.6600908543507713,0.7572436516665668,0.011533181604538895,0.0,0.029390754438903398,0.0,0.0400094396569539,0.0,0.2265331300543243,0.24275634833343324,0.012096550014684406,0.0,0.0064345627040652085,0.0,0.013911527175758675,0.0,0.7572436516665668,0.7410242300511675,1.0,0.9102537160243189,1.0,0.9224493015480641
D5_L0_A_019,D5,L0,A,19,123.188,0.9094170333016827,0.09044903416091266,0.08116083498747324,0.412872840463819,0.7116212411333346,0.6544100003500062,0.6981464171219807,0.7572436516665668,0.021507519105020117,0.0,0.022585113431074888,0.0,0.03251373422075026,0.0,0.21140454871710676,0.24275634833343324,0.0044598895048517904,0.0,0.0016955458971147032,0.0,0.00768723200210091,0.0,0.7572436516665668,0.774752783878826,1.0,0.9355183744489594,1.0,0.933831625167277
D5_L0_A_020,D5,L0,A,20,123.297,0.8728854137333382,0.12593788920322638,0.13760882841718522,0.4477411492213723,0.6787394464731631,0.6151759585529287,0.6337908589457707,0.7572436516665668,0.014308074118823033,0.0,0.025192173813217044,0.0,0.046870764155333464,0.0,0.24027125185100298,0.24275634833343324,0.011423356591609183,0.0,0.02202992697189851,0.0,0.006113593552345152,0.0,0.7572436516665668,0.7201618710331442,1.0,0.8997935415072059,1.0,0.9212842115818892
D5_L01_A_016,D5,L01,A,16,125.297,0.8276800840301551,0.17950527038182412,0.14766860286864775,0.6714575925026353,0.5027188046942017,0.45649144266368546,0.5065653455844101,0.5540340373849817,0.05046021707806652,0.0,0.09929605751500721,0.20320961428158515,0.06293344678494164,0.0,0.06280936733663245,0.040900081532914426,0.022191497291856592,0.0,0.173733244985844,0.20185626680051869,0.022010823423241285,0.0,0.7572436516665668,0.7192550669624255,0.5949341189178962,0.6420264272909656,1.0,0.8424040154218938
D5_L01_A_017,D5,L01,A,17,121.203,0.8403846256412895,0.17812390236492193,0.13955152976823246,0.6100827796082731,0.5166696697959702,0.4698951212007752,0.48327135173455504,0.5540340373849817,0.02250988789329615,0.0,0.11789861196835301,0.20320961428158515,0.046946504101007785,0.0,0.07125325176635108,0.040900081532914426,0.040663909977640515,0.0,0.17980605239925557,0.20185626680051869,0.03765043015954081,0.0,0.7572436516665668,0.670626355697212,0.5949341189178962,0.6176984013718427,1.0,0.8522292678685148
D5_L01_A_018,D5,L01,A,18,121.234,0.8155275040338228,0.18404026384514455,0.1493209715690518,0.6661654197217157,0.49069668855909826,0.4721847527179361,0.5258367835527579,0.5540340373849817,0.04259256629787922,0.0,0.09739494199299983,0.20320961428158515,0.04824845716356672,0.0,0.05532224466484939,0.040900081532914426,0.02617614070626173,0.0,0.15182792907618328,0.20185626680051869,0.052600936545501964,0.0,0.7572436516665668,0.7140727490072036,0.5949341189178962,0.6499277352217482,1.0,0.8303818992867903
D5_L01_A_019,D5,L01,A,19,124.25,0.8421015131761406,0.15993140124569535,0.13391568481341212,0.6361079735414613,0.5113243557059687,0.477256576738082,0.5339087840515334,0.5540340373849817,0.07520502833524204,0.0,0.1281574906439565,0.20320961428158515,0.01667057979523653,0.0,0.05184104921227057,0.040900081532914426,0.025555833019266776,0.0,0.13710224252590025,0.20185626680051869,0.03155899241659388,0.0,0.7572436516665668,0.7539418828259685,0.5949341189178962,0.6865106946183128,1.0,0.8510095664336608
D5_L01_A_020,D5,L01,A,20,125.265,0.8382671929234887,0.1538374040366294,0.13126484940007063,0.6338620355017636,0.5180438480987107,0.4949661773877568,0.5480420895325482,0.5540340373849817,0.04468591694639359,0.0,0.11830486919541694,0.20320961428158515,0.03603112576806409,0.0,0.043200209749732314,0.040900081532914426,0.045804631968707314,0.0,0.13891555570249106,0.20185626680051869,0.02501560113664658,0.0,0.7572436516665668,0.7470640014424228,0.5949341189178962,0.6817328481973813,1.0,0.8484627241801884
D5_FULL_A_016,D5,FULL,A,16,124.25,0.9626312875227604,0.11851105170867021,0.09264688790839684,0.9626312874918165,0.11851105166960468,0.092646887889278,0.18669057999363833,0.21379601706300183,0.29094393529267537,0.3402380203219799,0.037880669584352725,0.002357036980835589,0.2431680341245695,0.20085257730074949,0.012983819355416574,0.004361784199429865,0.050983923810524696,0.03653829733348458,0.13677467321409134,0.11917037256578512,0.04057436462473149,0.08268589423473365,0.7572436516665667,0.7586832189952359,0.5949341189178962,0.5416022584522551,0.3396852108090524,0.374329742147499
D5_FULL_A_017,D5,FULL,A,17,126.282,0.9468678442384356,0.09837053094386605,0.084548285861914,0.9468678441883916,0.09837053096805473,0.0845482858903851,0.19885573196697018,0.21379601706300183,0.3241303604304154,0.3402380203219799,0.05912748633316591,0.002357036980835589,0.1835982666827912,0.20085257730074949,0.01103126599203998,0.004361784199429865,0.07146889713241014,0.03653829733348458,0.11184363129357694,0.11917037256578512,0.03994436016863023,0.08268589423473365,0.7572436516665667,0.7657118454133427,0.5949341189178962,0.6054862555218357,0.3396852108090524,0.380858115585753
D5_FULL_A_018,D5,FULL,A,18,126.187,0.9477941068065607,0.10358490078289773,0.08524312347042978,0.9477941067564664,0.1035849008070864,0.08524312349726071,0.2000761000022087,0.21379601706300183,0.30707434808607614,0.3402380203219799,0.05189799913136849,0.002357036980835589,0.19098326037974694,0.20085257730074949,0.020168632801062687,0.004361784199429865,0.07477538736421659,0.03653829733348458,0.1133336969022231,0.11917037256578512,0.041690575333097404,0.08268589423473365,0.7572436516665667,0.7500317075994003,0.5949341189178962,0.6020944682535643,0.3396852108090524,0.385476428836863
D5_FULL_A_019,D5,FULL,A,19,126.172,0.9673001246655866,0.08301860988260612,0.07345528683260129,0.9673001246295222,0.08301860990679483,0.07345528686808601,0.2131070538561476,0.21379601706300183,0.31115076515701184,0.3402380203219799,0.03506374369369936,0.002357036980835589,0.18874386118821035,0.20085257730074949,0.008224875999643147,0.004361784199429865,0.08298710870301369,0.03653829733348458,0.08606596674822445,0.11917037256578512,0.0746566246540497,0.08268589423473365,0.7572436516665667,0.7480654238950692,0.5949341189178962,0.6154698037158164,0.3396852108090524,0.34246164029771453
D5_FULL_A_020,D5,FULL,A,20,126.266,0.9681442480888448,0.0802676526060889,0.0651358715083814,0.9681442480541448,0.08026765263027758,0.06513587152890526,0.199690056759728,0.21379601706300183,0.32075125844264135,0.3402380203219799,0.03820567906991226,0.002357036980835589,0.17132697793069826,0.20085257730074949,0.013094577954285392,0.004361784199429865,0.07222451409564122,0.03653829733348458,0.11286132653435854,0.11917037256578512,0.0718456092127349,0.08268589423473365,0.7572436516665667,0.7299739722029799,0.5949341189178962,0.605760407252296,0.3396852108090524,0.3638516403182842
D5_FULL_B_016,D5,FULL,B,16,126.266,0.9125179935932726,0.19476865202945887,0.15978861207649203,0.9125179935504403,0.19476865201547267,0.15978861207122866,0.1762367718893574,0.21379601706300172,0.24094500669614094,0.34023802032198003,0.05301785925074552,0.0023570369808355906,0.23191531273639943,0.20085257730074954,0.0319541502212466,0.0043617841994298655,0.12199102563556682,0.0365382973334846,0.06795766055198321,0.11917037256578515,0.07598221301856001,0.08268589423473363,0.7572436516665668,0.7021149505726433,0.5949341189178962,0.5711269544423118,0.33968521080905234,0.3291664419133327
D5_FULL_B_017,D5,FULL,B,17,126.25,0.9351594695784478,0.13925675770890839,0.11149813085374548,0.9351594695266748,0.13925675769492218,0.11149813087233193,0.19351731224737104,0.21379601706300172,0.29535547964848746,0.34023802032198003,0.05103362996197345,0.0023570369808355906,0.20770828174037168,0.20085257730074954,0.020369520267372553,0.0043617841994298655,0.10425502155369014,0.0365382973334846,0.08332233543642022,0.11917037256578515,0.04443841914431325,0.08268589423473363,0.7572436516665668,0.7476147035982037,0.5949341189178962,0.6134973337169213,0.33968521080905234,0.3482427979131372
D5_FULL_B_018,D5,FULL,B,18,153.5,0.9502788938845768,0.13338382347612232,0.1215871551157734,0.9502788938441782,0.1333838234621361,0.12158715513099688,0.20735781158052072,0.21379601706300172,0.2515185295383742,0.34023802032198003,0.03381835500615773,0.0023570369808355906,0.22101585796985918,0.20085257730074954,0.01924969180212953,0.0043617841994298655,0.10340961451247536,0.0365382973334846,0.10507846820937741,0.11917037256578515,0.05855167138110576,0.08268589423473363,0.7572436516665668,0.7137105540949118,0.5949341189178962,0.5815356474334998,0.33968521080905234,0.36550432659818544
D5_FULL_B_019,D5,FULL,B,19,126.156,0.9299907080172352,0.15941498333688453,0.1280393702884946,0.92999070798029,0.15941498327651862,0.1280393702898347,0.19668051486491755,0.21379601706300172,0.2653177177870287,0.34023802032198003,0.03242480250358148,0.0023570369808355906,0.21712336872447155,0.20085257730074954,0.04742294557525287,0.0043617841994298655,0.08694062086515611,0.0365382973334846,0.051791193961936065,0.11917037256578515,0.1022988357176557,0.08268589423473363,0.7572436516665668,0.7115464038799992,0.5949341189178962,0.5963617990923552,0.33968521080905234,0.3283194569056879
D5_FULL_B_020,D5,FULL,B,20,126.234,0.9469211152406908,0.12619048476771713,0.09774422763599305,0.9469211152001182,0.12619048475373093,0.09774422764091512,0.19390532522347137,0.21379601706300172,0.2811010579912253,0.34023802032198003,0.027142366918304694,0.0023570369808355906,0.2200342514976632,0.20085257730074954,0.054007423036606717,0.0043617841994298655,0.06911613912964205,0.0365382973334846,0.10009968718909468,0.11917037256578515,0.054593749013991964,0.08268589423473363,0.7572436516665668,0.7221830016306646,0.5949341189178962,0.5981299453809455,0.33968521080905234,0.37515480236747745
D5_L0_A_021,D5,L0,A,21,123.188,0.896981173458231,0.10296865389348508,0.09036497135689309,0.4300323034479219,0.7053174030211724,0.646885306195409,0.6849980010271324,0.7572436516665668,0.020181058951215462,0.0,0.028800895051485143,0.0,0.01831139705867919,0.0,0.21203334507938262,0.24275634833343324,0.010177602971234836,0.0,0.013688842837638509,0.0,0.011808857023231967,0.0,0.7572436516665668,0.7522913520885122,1.0,0.9273900080289653,1.0,0.9395210839956386
D5_L0_A_022,D5,L0,A,22,122.281,0.8843197785926793,0.12108873218338634,0.1327153689131591,0.4212430215861053,0.6894085921040976,0.625452900132416,0.6361549194831805,0.7572436516665668,0.007860960037909717,0.0,0.02383419317204621,0.0,0.04023693567694478,0.0,0.24993431758569867,0.24275634833343324,0.012534301408134803,0.0,0.020194669304890396,0.0,0.009249703331194998,0.0,0.7572436516665668,0.7080870083700811,1.0,0.9064844985149237,1.0,0.9301180995458158
D5_L0_A_023,D5,L0,A,23,123.235,0.8683784849710654,0.13162093101725247,0.12132008375809723,0.44717830733028957,0.6792544100443165,0.6227668464560009,0.6569635782575213,0.7572436516665668,0.01744265283123925,0.0,0.03139017919839663,0.0,0.0404863357477139,0.0,0.21141549072522625,0.24275634833343324,0.021794194207389754,0.0,0.004499643425094928,0.0,0.016007925607417987,0.0,0.7572436516665668,0.746282746034871,1.0,0.9076159160213765,1.0,0.904268891606239
D5_L0_A_024,D5,L0,A,24,122.14,0.863294657210957,0.1377686449836933,0.15206853758072328,0.4581769196193406,0.6819038422780554,0.6028259929420026,0.6194750066828735,0.7572436516665668,0.03309761573189774,0.0,0.03722606212718368,0.0,0.03721489540380612,0.0,0.24571761160482605,0.24275634833343324,0.007004101928244344,0.0,0.007366075656194462,0.0,0.012898630864974071,0.0,0.7572436516665668,0.727013579945761,1.0,0.9052943359478416,1.0,0.9097847560710778
D5_L0_A_025,D5,L0,A,25,122.172,0.884029238177646,0.11596335660677881,0.10503052776627696,0.4205269685605236,0.6984470505999221,0.6392134919589826,0.671621319383378,0.7572436516665668,0.017081751106794815,0.0,0.034925245343528644,0.0,0.021234764531947385,0.0,0.2124153240098432,0.24275634833343324,0.026028355792740824,0.0,0.00791733037266558,0.0,0.008775909459101509,0.0,0.7572436516665668,0.7448630803656487,1.0,0.9271467502927568,1.0,0.9268792191094155
D5_L01_A_021,D5,L01,A,21,123.218,0.8026708419201062,0.20195322782968356,0.16413634624208948,0.6927019408743601,0.4816147761395007,0.44647727923573993,0.505482170807227,0.5540340373849817,0.05848918563384335,0.0,0.08804075035232856,0.20320961428158515,0.06599524140831169,0.0,0.06415329622979087,0.040900081532914426,0.033071505532871755,0.0,0.16362376947784643,0.20185626680051869,0.02114408055778034,0.0,0.7572436516665668,0.7180073482017105,0.5949341189178962,0.6611961582037329,1.0,0.8212999868671929
D5_L01_A_022,D5,L01,A,22,126.25,0.8250535338542109,0.18105831679217788,0.14237000794350027,0.6629816244199427,0.4975862653345327,0.4514941326128694,0.49024429096549255,0.5540340373849817,0.05985936777523974,0.0,0.11555776267121186,0.20320961428158515,0.033079445449901414,0.0,0.05507165101157935,0.040900081532914426,0.040696520698230806,0.0,0.1722395480382033,0.20185626680051869,0.03325141339014103,0.0,0.7572436516665668,0.6987408668618456,0.5949341189178962,0.6458718304505424,1.0,0.8331132526864871
D5_L01_A_023,D5,L01,A,23,137.391,0.804886958362669,0.21028601089492088,0.15955955146051687,0.6671914977207738,0.4911182226882512,0.4502497802316227,0.4911668810197136,0.5540340373849817,0.04913373717704367,0.0,0.10261777520896419,0.20320961428158515,0.050573479866756754,0.0,0.07181212738381315,0.040900081532914426,0.04671569578245857,0.0,0.1550292513434869,0.20185626680051869,0.032951052217763205,0.0,0.7572436516665668,0.6934918732724783,0.5949341189178962,0.6588284413630291,1.0,0.8206260349559779
D5_L01_A_024,D5,L01,A,24,123.172,0.8577763727272831,0.15069740271587612,0.12648577329076802,0.613323984884912,0.5331267823197733,0.5018596209785788,0.548814564197045,0.5540340373849817,0.03601363119212281,0.0,0.11148203246981415,0.20320961428158515,0.03307714492516567,0.0,0.06440947729625596,0.040900081532914426,0.02475071782706726,0.0,0.1481059190843503,0.20185626680051869,0.03334651300817886,0.0,0.7572436516665668,0.7293873727841477,0.5949341189178962,0.6739883905124912,1.0,0.8728119930474654
D5_L01_A_025,D5,L01,A,25,123.125,0.8174163116964692,0.17629372534724574,0.14249451945011243,0.6586634267771941,0.4967304505377277,0.47609406754528294,0.5272851204319579,0.5540340373849817,0.04399614626603744,0.0,0.10602606516563408,0.20320961428158515,0.04098086319686107,0.0,0.04545806751417916,0.040900081532914426,0.04468969795389377,0.0,0.14949500752224792,0.20185626680051869,0.04206903194918876,0.0,0.7572436516665668,0.7182881950604905,0.5949341189178962,0.6614290321660682,1.0,0.8282642606340189
D5_FULL_A_021,D5,FULL,A,21,126.219,0.9519709335230775,0.10105838011612192,0.08177235481292361,0.9519709334746717,0.10105838014031063,0.08177235485150255,0.2073491509352633,0.21379601706300183,0.32314479056398004,0.3402380203219799,0.0525466631427801,0.002357036980835589,0.17982562386790982,0.20085257730074949,0.014428243317573024,0.004361784199429865,0.07734059216951879,0.03653829733348458,0.08704849835061243,0.11917037256578512,0.05831643765236245,0.08268589423473365,0.7572436516665667,0.7628662285099332,0.5949341189178962,0.6222627769863351,0.3396852108090524,0.36137255574622884
D5_FULL_A_022,D5,FULL,A,22,126.281,0.9388382061173064,0.15112607873089806,0.12472962481894735,0.9388382060789943,0.15112607871691183,0.12472962481129171,0.17937529059740345,0.21379601706300183,0.25541035966281445,0.3402380203219799,0.03524169682615529,0.002357036980835589,0.22343668213226714,0.20085257730074949,0.03959845663937032,0.004361784199429865,0.09695893894760481,0.03653829733348458,0.11285305499882513,0.11917037256578512,0.057125520195559394,0.08268589423473365,0.7572436516665667,0.6934640292186403,0.5949341189178962,0.571343045847193,0.3396852108090524,0.3670684990617542
D5_FULL_A_023,D5,FULL,A,23,126.203,0.9304437734807165,0.1426394070617953,0.11805864227234487,0.9304437734420854,0.142639407085984,0.1180586422520103,0.14699522931226963,0.21379601706300183,0.33538641777760053,0.3402380203219799,0.05170277925084027,0.002357036980835589,0.17779965156853772,0.20085257730074949,0.029051937861300923,0.004361784199429865,0.10514180846340418,0.03653829733348458,0.09199115566616875,0.11917037256578512,0.061931020099878095,0.08268589423473365,0.7572436516665667,0.7118840779092482,0.5949341189178962,0.6165753934145752,0.3396852108090524,0.3197411020905796
D5_FULL_A_024,D5,FULL,A,24,126.156,0.9693884519728773,0.07927466922647194,0.06594242963171223,0.9693884519454248,0.0792746692046885,0.06594242959818508,0.17365860578719994,0.21379601706300183,0.3457417734635464,0.3402380203219799,0.03950469638386558,0.002357036980835589,0.2125803974952352,0.20085257730074949,0.011150548403738967,0.004361784199429865,0.054644969616565266,0.03653829733348458,0.10459219432120609,0.11917037256578512,0.05812681452864265,0.08268589423473365,0.7572436516665667,0.771485473129847,0.5949341189178962,0.5851958972710506,0.3396852108090524,0.3289060448960106
D5_FULL_A_025,D5,FULL,A,25,126.265,0.9469651066119915,0.09383223125974248,0.07843925418339645,0.9469651065672041,0.09383223128393119,0.0784392541969878,0.193332621597939,0.21379601706300183,0.3216992331373686,0.3402380203219799,0.06251740790377051,0.002357036980835589,0.17409678583751437,0.20085257730074949,0.026279472564656237,0.004361784199429865,0.048292469305065755,0.03653829733348458,0.10974351659908238,0.11917037256578512,0.06403849305460318,0.08268589423473365,0.7572436516665667,0.7516460484765923,0.5949341189178962,0.5896037966050296,0.3396852108090524,0.3918730186654481
D5_FULL_B_021,D5,FULL,B,21,129.172,0.9142284587748235,0.1941765030181687,0.1496343293501243,0.9142284587324571,0.1941765030041825,0.1496343293355681,0.16308341324578624,0.21379601706300172,0.262911900901103,0.34023802032198003,0.022253854784816434,0.0023570369808355906,0.25491129557519093,0.20085257730074954,0.06513472724877042,0.0043617841994298655,0.09598632122389042,0.0365382973334846,0.1096236647681472,0.11917037256578515,0.02609482225229531,0.08268589423473363,0.7572436516665668,0.7031604645068966,0.5949341189178962,0.58711636261955,0.33968521080905234,0.36009566004752025
D5_FULL_B_022,D5,FULL,B,22,123.187,0.9645579021128818,0.10288082288423975,0.08582452891012445,0.9645579020719655,0.10288082287025355,0.08582452893917304,0.2131966663205588,0.21379601706300172,0.31023097282123135,0.34023802032198003,0.016177125947010384,0.0023570369808355906,0.23457608800714705,0.20085257730074954,0.019043273485950616,0.0043617841994298655,0.07719403125863124,0.0365382973334846,0.10115174946962968,0.11917037256578515,0.028430092689840866,0.08268589423473363,0.7572436516665668,0.7741808530959475,0.5949341189178962,0.6196649438863719,0.33968521080905234,0.3495688152231495
D5_FULL_B_023,D5,FULL,B,23,126.172,0.9269552608586287,0.17386111403430998,0.13536268265454326,0.9269552608230445,0.1738611139952445,0.1353626826271424,0.15127963732238614,0.21379601706300172,0.2679151068393773,0.34023802032198003,0.03561741667560609,0.0023570369808355906,0.23498020564586292,0.20085257730074954,0.04853894911102045,0.0043617841994298655,0.095058606963025,0.0365382973334846,0.12294600401908021,0.11917037256578515,0.04366407342364188,0.08268589423473363,0.7572436516665668,0.6897923664832324,0.5949341189178962,0.562792300235809,0.33968521080905234,0.35838200712809287
D5_FULL_B_024,D5,FULL,B,24,126.172,0.9218046368809402,0.14501192424365544,0.11602589652995783,0.9218046368327255,0.145011924260047,0.11602589652086165,0.1618962803149578,0.21379601706300172,0.37043167376681463,0.34023802032198003,0.07790692222086347,0.0023570369808355906,0.17979618222649954,0.20085257730074954,0.032452426668554926,0.0043617841994298655,0.0477160404231524,0.0365382973334846,0.07325390710138621,0.11917037256578515,0.05654656727777096,0.08268589423473363,0.7572436516665668,0.7900310585291355,0.5949341189178962,0.6124964211734798,0.33968521080905234,0.3455095363057624
D5_FULL_B_025,D5,FULL,B,25,126.25,0.9558596854028815,0.127994341846816,0.10434171856420332,0.9558596853721535,0.12799434180209668,0.10434171855004439,0.18121250893272703,0.21379601706300172,0.30394364891794884,0.34023802032198003,0.026668466050365578,0.0023570369808355906,0.24958649676371142,0.20085257730074954,0.0033920977146274464,0.0043617841994298655,0.08204753243415348,0.0365382973334846,0.12861013077944028,0.11917037256578515,0.024539118407025808,0.08268589423473363,0.7572436516665668,0.7614111206647529,0.5949341189178962,0.5705957879994569,0.33968521080905234,0.33988320347716033
D6_L0_A_001,D6,L0,A,1,124.031,0.8526466176153673,0.14486276876868737,0.1579192323347955,0.3641696750952643,0.7421756916126357,0.6974499841326591,0.3531176328925692,0.36037797830414325,0.05294893417670803,0.0,0.02500968717047714,0.0,0.0035307035579028364,0.0,0.5020195983387434,0.6396220216958568,0.0489205952577013,0.0,0.009689897943652827,0.0,0.00476295066224518,0.0,0.36037797830414325,0.43460695779765723,1.0,0.957006760665722,1.0,0.8898368163454426
D6_L0_A_002,D6,L0,A,2,123.047,0.928974681679478,0.07042313958449842,0.07772079427931972,0.3315747550935856,0.7871254828016809,0.7437593950380895,0.360520874458098,0.36037797830414325,0.010960430128771568,0.0,0.025628117576447274,0.0,0.01072974112711529,0.0,0.5691988821113584,0.6396220216958568,0.005566125132998333,0.0,0.00686285601455017,0.0,0.010532973450661034,0.0,0.36037797830414325,0.4078391632904321,1.0,0.9462463118312263,1.0,0.9622107301604538
D6_L0_A_003,D6,L0,A,3,119.984,0.8661679756246066,0.13554655104275298,0.14719999149643417,0.4040991447197957,0.7336001043794658,0.6962223335656617,0.3653652092364715,0.36037797830414325,0.030069898285275464,0.0,0.020149524607937327,0.0,0.007507834734943009,0.0,0.5040754706531038,0.6396220216958568,0.017009239970136657,0.0,0.022614250865811758,0.0,0.0332085716463205,0.0,0.36037797830414325,0.42309246686462726,1.0,0.9165198181449874,1.0,0.9122044553633244
D6_L0_A_004,D6,L0,A,4,120.078,0.9091927853009518,0.09042830445462496,0.08878481002963678,0.3382341191134792,0.7669774217775998,0.734232737362176,0.3457178499923163,0.36037797830414325,0.017827470875662138,0.0,0.021098404320296967,0.0,0.004476026969311204,0.0,0.5638538455530587,0.6396220216958568,0.006175798227011181,0.0,0.008774465067928474,0.0,0.03207613899441493,0.0,0.36037797830414325,0.3891197521575866,1.0,0.9335749646480483,1.0,0.9394445649336005
D6_L0_A_005,D6,L0,A,5,122.063,0.9111968662280107,0.08861481903217922,0.08161899733383857,0.34947285242413284,0.7687909072000454,0.735666453377518,0.341073951885029,0.36037797830414325,0.017005157967714905,0.0,0.016032139061327277,0.0,0.007603529863161594,0.0,0.5703112290827919,0.6396220216958568,0.01257798262351564,0.0,0.010756593567081314,0.0,0.024639415949378487,0.0,0.36037797830414325,0.38171477877723275,1.0,0.9409683215590513,1.0,0.9381739135962295
D6_L01_A_001,D6,L01,A,1,125.125,0.9053938199189088,0.10548650002688621,0.09112297905611529,0.9091884714929132,0.15285986721211015,0.14982567133862526,0.04924628943460997,0.07484764759525528,0.017115415111284567,0.0,0.23110957952011235,0.28553033070888795,0.008638794989287088,0.0,0.1662560465516907,0.15149809765916333,0.05838812276450384,0.0,0.46265953335922816,0.48812392403669347,0.006586218269283356,0.0,0.3603779783041432,0.30611007905529397,0.2263457452544186,0.2910058738620891,1.0,0.9092714488656412
D6_L01_A_002,D6,L01,A,2,123.093,0.8760999373246485,0.17100123011134621,0.1568905823510755,0.9332404967493426,0.2153109036405873,0.18608636109489285,0.06350023381118998,0.07484764759525528,0.02515544493171739,0.0,0.2520922258160083,0.28553033070888795,0.05200516131913233,0.0,0.21023364186006882,0.15149809765916333,0.021675505029881855,0.0,0.36190821260229217,0.48812392403669347,0.013429574629709166,0.0,0.3603779783041432,0.39275306587804804,0.2263457452544186,0.32056482563285804,1.0,0.8877343140895593
D6_L01_A_003,D6,L01,A,3,123.063,0.8898606833725284,0.1687245075996528,0.14536933129494564,0.9251469425319673,0.20560216579571203,0.1848278929427394,0.0582253069616,0.07484764759525528,0.02212860547800729,0.0,0.2364713433102617,0.28553033070888795,0.035345934648447624,0.0,0.22325995827463793,0.15149809765916333,0.02876705087689341,0.0,0.3850807444693221,0.48812392403669347,0.010721055980829742,0.0,0.3603779783041432,0.35217119039831657,0.2263457452544186,0.33238092159113863,1.0,0.9030373530158218
D6_L01_A_004,D6,L01,A,4,122.985,0.893775537296583,0.16206775210408686,0.1363988069612069,0.9196460896011224,0.19851589502397576,0.18163315549547226,0.04926263212014069,0.07484764759525528,0.006567674331127155,0.0,0.23928513103918728,0.28553033070888795,0.03445487012665951,0.0,0.22005375923068332,0.15149809765916333,0.012811929407491795,0.0,0.39788638707742185,0.48812392403669347,0.03967761666728838,0.0,0.3603779783041432,0.3295703076171146,0.2263457452544186,0.288695995089443,1.0,0.9064879094674332
D6_L01_A_005,D6,L01,A,5,122.922,0.8941929032162363,0.1523006176259112,0.14002255658321533,0.9202117920526894,0.2195485915862583,0.19429376752402527,0.06036933798451122,0.07484764759525528,0.021958166948702944,0.0,0.26295642778480594,0.28553033070888795,0.024512104532725475,0.0,0.20857726856772885,0.15149809765916333,0.030521491710493672,0.0,0.37287551894560833,0.48812392403669347,0.018229683525423594,0.0,0.3603779783041432,0.36979603725074556,0.2263457452544186,0.3214262652114367,1.0,0.9047785532826543
D6_FULL_A_001,D6,FULL,A,1,126.015,0.9522701803172727,0.19356925504040134,0.17002057421256495,0.9522701802612015,0.1935692551252855,0.17002057433290305,0.12697253800609587,0.051531447553190605,0.0509381803779915,0.023316200042064663,0.12825090965615213,0.16976016903537233,0.09006105035647734,0.11577016167351568,0.12757631080241796,0.09106282630284275,0.11305680778913241,0.06043527135632056,0.31999141249632174,0.44634229684046456,0.043152790515411085,0.04178162719622896,0.36037797830414325,0.3962226783967168,0.22634574525441858,0.41854383697563774,0.7586967397318702,0.7027911709609878
D6_FULL_A_002,D6,FULL,A,2,126.016,0.9443564419652166,0.21965909215356721,0.18720375112135462,0.944356441919495,0.21965909223845137,0.18720375123450467,0.12026324927352301,0.051531447553190605,0.047044926259091124,0.023316200042064663,0.11846002620607148,0.16976016903537233,0.09008904408718854,0.11577016167351568,0.1470397606299574,0.09106282630284275,0.081209209348833,0.06043527135632056,0.30366446510252526,0.44634229684046456,0.09222931909281015,0.04178162719622896,0.36037797830414325,0.37585724582587415,0.22634574525441858,0.39555714551140453,0.7586967397318702,0.6894275012120772
D6_FULL_A_003,D6,FULL,A,3,126.921,0.9650520786332895,0.16605912476850485,0.12853728275685747,0.965052078608148,0.166059124853389,0.12853728282989532,0.08368793024926643,0.051531447553190605,0.05358277541657224,0.023316200042064663,0.09902351233979297,0.16976016903537233,0.09114373022115049,0.11577016167351568,0.13750972818191018,0.09106282630284275,0.09827776686352034,0.06043527135632056,0.3756462602199042,0.44634229684046456,0.06112829650788315,0.04178162719622896,0.36037797830414325,0.3274379482267822,0.22634574525441858,0.3730582007112692,0.7586967397318702,0.6958674309908738
D6_FULL_A_004,D6,FULL,A,4,126.016,0.9142911472458032,0.2667023731714965,0.20585881927320954,0.9142911472119456,0.26670237325638063,0.20585881934971673,0.103311711835496,0.051531447553190605,0.03359522818062222,0.023316200042064663,0.08632461646047118,0.16976016903537233,0.041702919159832284,0.11577016167351568,0.16840621791317978,0.09106282630284275,0.1479010552318732,0.06043527135632056,0.33714271875755264,0.44634229684046456,0.08161553246097289,0.04178162719622896,0.36037797830414325,0.2649344756364217,0.22634574525441858,0.4532142131611712,0.7586967397318702,0.6951852649666996
D6_FULL_A_005,D6,FULL,A,5,126.015,0.9502582018217778,0.20360390918168964,0.15915200682484834,0.9502582017847139,0.2036039092665738,0.15915200691752107,0.12537943536626867,0.051531447553190605,0.038856567786145914,0.023316200042064663,0.10996520598405214,0.16976016903537233,0.0700136610605861,0.11577016167351568,0.12915451971356828,0.09106282630284275,0.09962807773680568,0.06043527135632056,0.3482898513230246,0.44634229684046456,0.07871268102954854,0.04178162719622896,0.36037797830414325,0.3442148701970528,0.22634574525441858,0.3930186006027886,0.7586967397318702,0.7127890123869136
D6_FULL_B_001,D6,FULL,B,1,125.984,0.9785328857799073,0.10012785065782026,0.09176812028664039,0.9785328857787247,0.10012785074270447,0.09176812027963939,0.07416184199979352,0.051531447553190585,0.04165808738683706,0.02331620004206466,0.09164236456459605,0.16976016903537225,0.10739781367031938,0.11577016167351559,0.10966200150634083,0.09106282630284278,0.0759169034342963,0.06043527135632056,0.4327045986566168,0.4463422968404646,0.06685638878120016,0.041781627196228965,0.3603779783041431,0.314860107621546,0.2263457452544186,0.3013988343272677,0.7586967397318702,0.7081708067273472
D6_FULL_B_002,D6,FULL,B,2,125.938,0.9774296863723495,0.09502437831136656,0.0980485609059985,0.9774296863739754,0.09502437839625077,0.0980485608873432,0.07498785406226836,0.051531447553190585,0.026906537902524036,0.02331620004206466,0.08364508321165062,0.16976016903537225,0.11216820918617455,0.11577016167351559,0.11664764873474633,0.09106282630284278,0.0861215804904792,0.06043527135632056,0.44103495684016075,0.4463422968404646,0.05848812957199622,0.041781627196228965,0.3603779783041431,0.2977076843626176,0.2263457452544186,0.30466362119001794,0.7586967397318702,0.716315542848826
D6_FULL_B_003,D6,FULL,B,3,126.937,0.9789639430511521,0.10128002957598264,0.0984900336829669,0.9789639430471659,0.1012800296464117,0.09849003369644474,0.07357659779349272,0.051531447553190585,0.021191891966798795,0.02331620004206466,0.09288603666149783,0.16976016903537225,0.1135809364245001,0.11577016167351559,0.14042346320881335,0.09106282630284278,0.0732570057043923,0.06043527135632056,0.4262499329626377,0.4463422968404646,0.058834135277867114,0.041781627196228965,0.3603779783041431,0.30123546284628944,0.2263457452544186,0.3084489586734972,0.7586967397318702,0.7331360306264416
D6_FULL_B_004,D6,FULL,B,4,126.062,0.97961902784454,0.1108641412974755,0.08730127134249889,0.9796190278505811,0.110864141334062,0.08730127135480359,0.045554705250581334,0.051531447553190585,0.0400900080352371,0.02331620004206466,0.11596519695032347,0.16976016903537225,0.09219842116783311,0.11577016167351559,0.11549987734025581,0.09106282630284278,0.08915632431420062,0.06043527135632056,0.4188216104363296,0.4463422968404646,0.0827138565052389,0.041781627196228965,0.3603779783041431,0.293808331403975,0.2263457452544186,0.2903009149402749,0.7586967397318702,0.6958413899774902
D6_FULL_B_005,D6,FULL,B,5,125.954,0.9876988730720386,0.08857386885566715,0.07779879238655275,0.9876988730641222,0.0885738689358688,0.07779879243290809,0.060682956400087626,0.051531447553190585,0.03503306876550287,0.02331620004206466,0.1161009479687747,0.16976016903537225,0.11664787632389881,0.11577016167351559,0.12559198024519838,0.09106282630284278,0.07963736547726866,0.06043527135632056,0.41142764905139506,0.4463422968404646,0.05487815576787399,0.041781627196228965,0.3603779783041431,0.32846484945826404,0.2263457452544186,0.3009453708880575,0.7586967397318702,0.7138035336654558
D6_L0_A_006,D6,L0,A,6,122.89,0.8439239601083637,0.15518632951865508,0.15211527065802344,0.4574407150743274,0.7165331556499497,0.6642352248699553,0.3310122616250338,0.36037797830414325,0.037629958963989595,0.0,0.023512028905323414,0.0,0.0021080228163636895,0.0,0.5138014088563112,0.6396220216958568,0.022316474029103226,0.0,0.06265883757423008,0.0,0.006961007229645038,0.0,0.36037797830414325,0.3942622723107104,1.0,0.9047601034744378,1.0,0.9309845369608984
D6_L0_A_007,D6,L0,A,7,122.953,0.8289963331042811,0.17047926610450403,0.16021312329474108,0.4874859198476651,0.6930785576326659,0.6536822586229503,0.3191081195304905,0.36037797830414325,0.029468297532554758,0.0,0.02553708760381643,0.0,0.008926462912570484,0.0,0.5104126143650055,0.6396220216958568,0.03833825310105517,0.0,0.06471259453497312,0.0,0.0034965704195340608,0.0,0.36037797830414325,0.3830399675794322,1.0,0.897327284529106,1.0,0.9197704160342857
D6_L0_A_008,D6,L0,A,8,122.922,0.9082914495985435,0.09075226395782705,0.09635314971104801,0.3502654277756526,0.7697646422464637,0.7279812034628486,0.3562393116498386,0.36037797830414325,0.02642737999967568,0.0,0.019378365382269044,0.0,0.001709011538768191,0.0,0.5530084243923344,0.6396220216958568,0.007977116445571563,0.0,0.016456414734606455,0.0,0.018803975856936155,0.0,0.36037797830414325,0.4037540685705515,1.0,0.9436522324874203,1.0,0.9450825161590486
D6_L0_A_009,D6,L0,A,9,120.891,0.887885262521822,0.1114921043704353,0.1076249674266335,0.3944593128894594,0.747916858606775,0.7105772481028954,0.3429494998487119,0.36037797830414325,0.025319436772595256,0.0,0.02245914485345153,0.0,0.0032039422351836885,0.0,0.5455583957808529,0.6396220216958568,0.016376197723027917,0.0,0.02616584558750518,0.0,0.017967537198671748,0.0,0.36037797830414325,0.39393202370994235,1.0,0.9302035301251879,1.0,0.9371328860705216
D6_L0_A_010,D6,L0,A,10,122.922,0.9259141706263617,0.07367996547546798,0.07459460294631823,0.3484084061422854,0.7837257607567566,0.7377508287916764,0.35255296306700606,0.36037797830414325,0.013990984990222074,0.0,0.014270220160861966,0.0,0.002264469027470574,0.0,0.5737670714575259,0.6396220216958568,0.005590484571302313,0.0,0.022314712751269623,0.0,0.015249093974341356,0.0,0.36037797830414325,0.3830786372455607,1.0,0.9459015040860563,1.0,0.9629049674366635
D6_L01_A_006,D6,L01,A,6,124.937,0.8849337286795183,0.196958707580283,0.2023279791804564,0.8990869493509903,0.2732808399668285,0.24504019685785794,0.0633639053576384,0.07484764759525528,0.013493599337848612,0.0,0.26042243164328416,0.28553033070888795,0.038790017571801665,0.0,0.26184894571669365,0.15149809765916333,0.01850434201458586,0.0,0.32775685775963115,0.48812392403669347,0.015819900598516547,0.0,0.3603779783041432,0.37606995391057285,0.2263457452544186,0.3572107924267665,1.0,0.9133921404772474
D6_L01_A_007,D6,L01,A,7,123.875,0.8772458328176151,0.18972290117072305,0.19208151525710396,0.9126738099725286,0.25754188915388854,0.2283348678015159,0.06666164550710012,0.07484764759525528,0.011951285870034986,0.0,0.26226153363281246,0.28553033070888795,0.04035762088671177,0.0,0.24097315276476355,0.15149809765916333,0.03645229001726202,0.0,0.329855822030201,0.48812392403669347,0.011486649291113992,0.0,0.3603779783041432,0.38123208589665936,0.2263457452544186,0.3560383741591607,1.0,0.8997521539348772
D6_L01_A_008,D6,L01,A,8,126.89,0.8920690208446468,0.13931597917340524,0.1303617661454685,0.9292384213816628,0.20839988558838618,0.18020443600053035,0.0688868947084625,0.07484764759525528,0.011890906001010238,0.0,0.26228784701894403,0.28553033070888795,0.026202214430911946,0.0,0.18957958661176724,0.15149809765916333,0.02824919498121807,0.0,0.3780111814400248,0.48812392403669347,0.03489217480766099,0.0,0.3603779783041432,0.3692678621593287,0.2263457452544186,0.29860658230245807,1.0,0.8987655097791987
D6_L01_A_009,D6,L01,A,9,123.969,0.8881191009774869,0.16099667343832713,0.13873547262336203,0.9146518065582938,0.1918381455608918,0.1778594871247844,0.06804158282098213,0.07484764759525528,0.012131098465036502,0.0,0.22475909327998167,0.28553033070888795,0.013528352040361177,0.0,0.21095682562469414,0.15149809765916333,0.03366178116173571,0.0,0.39470455280154576,0.48812392403669347,0.04221671380566295,0.0,0.3603779783041432,0.31846012660636147,0.2263457452544186,0.3247912880724485,1.0,0.8984620545272037
D6_L01_A_010,D6,L01,A,10,121.985,0.8769144734249984,0.18988325791693036,0.15997687207962896,0.9219218040489862,0.19813580661543345,0.18976642921703651,0.050784710462452226,0.07484764759525528,0.018210431581409836,0.0,0.2230855958814939,0.28553033070888795,0.038222721586818,0.0,0.23587320597983438,0.15149809765916333,0.012051802956081744,0.0,0.3847483380799602,0.48812392403669347,0.0370231934719497,0.0,0.3603779783041432,0.33030345951217394,0.2263457452544186,0.3169201509797782,1.0,0.8944918504037407
D6_FULL_A_006,D6,FULL,A,6,126.093,0.9416672646862184,0.22793777930137116,0.18415953018260162,0.9416672646501669,0.2279377793862553,0.18415953027638923,0.10152898582064977,0.051531447553190605,0.046728730423031106,0.023316200042064663,0.090778539454698,0.16976016903537233,0.09261448371742759,0.11577016167351568,0.1519377959340064,0.09106282630284275,0.11663208311525879,0.06043527135632056,0.3205418250758557,0.44634229684046456,0.07923755645907254,0.04178162719622896,0.36037797830414325,0.3316507394158065,0.22634574525441858,0.41682759529294605,0.7586967397318702,0.6647871462852099
D6_FULL_A_007,D6,FULL,A,7,141.266,0.9358081523935622,0.23188221665887532,0.21769795967511282,0.9358081523420949,0.23188221674375947,0.21769795979393103,0.10585688992881682,0.051531447553190605,0.03945201063944069,0.023316200042064663,0.12213261520839426,0.16976016903537233,0.10103549921458423,0.11577016167351568,0.1929838992025067,0.09106282630284275,0.07018227592575545,0.06043527135632056,0.2768222964674986,0.44634229684046456,0.09153451341300305,0.04178162719622896,0.36037797830414325,0.368477014991236,0.22634574525441858,0.40847507569651964,0.7586967397318702,0.6977957008072164
D6_FULL_A_008,D6,FULL,A,8,126.031,0.9388267216179258,0.22086724438979957,0.17165593817405572,0.9388267215952899,0.2208672444746837,0.17165593824100198,0.09934860405370416,0.051531447553190605,0.04906212385692898,0.023316200042064663,0.07701769462398528,0.16976016903537233,0.0839220481447052,0.11577016167351568,0.1278638560525079,0.09106282630284275,0.12495984910590878,0.06043527135632056,0.35006564039086246,0.44634229684046456,0.08776018377139722,0.04178162719622896,0.36037797830414325,0.30935047067932364,0.22634574525441858,0.4012344330690499,0.7586967397318702,0.6542957951210597
D6_FULL_A_009,D6,FULL,A,9,125.906,0.9722301193790952,0.14196455107571299,0.1440387220691633,0.972230119339187,0.14196455116059714,0.14403872220113642,0.10370737721179049,0.051531447553190605,0.028678365147721308,0.023316200042064663,0.15361592091589038,0.16976016903537233,0.11238336234435431,0.11577016167351568,0.13177050886577776,0.09106282630284275,0.07450935063109625,0.06043527135632056,0.32390879321339483,0.44634229684046456,0.07142632166997466,0.04178162719622896,0.36037797830414325,0.3983850256197565,0.22634574525441858,0.33866560185638583,0.7586967397318702,0.7130026002068535
D6_FULL_A_010,D6,FULL,A,10,125.984,0.9439455224152926,0.21710984531727834,0.1671549366896495,0.9439455223720721,0.21710984540216247,0.16715493679101479,0.11121016264059574,0.051531447553190605,0.0674612294790337,0.023316200042064663,0.11610718447998704,0.16976016903537233,0.06460237416330439,0.11577016167351568,0.13441659614306894,0.09106282630284275,0.09535570097503909,0.06043527135632056,0.33405322358878276,0.44634229684046456,0.07679352853018832,0.04178162719622896,0.36037797830414325,0.35938095076292087,0.22634574525441858,0.4084436892377375,0.7586967397318702,0.6957871668524345
D6_FULL_B_006,D6,FULL,B,6,127.016,0.9577850219640864,0.13951781418342893,0.13146560625434073,0.9577850219741517,0.13951781421533288,0.13146560625141804,0.0506336700194933,0.051531447553190585,0.03849410492368044,0.02331620004206466,0.061091386678354086,0.16976016903537225,0.1295808406554605,0.11577016167351559,0.13436690653248715,0.09106282630284278,0.09724630800490829,0.06043527135632056,0.4163910425477511,0.4463422968404646,0.07219574063786512,0.041781627196228965,0.3603779783041431,0.2798000022769883,0.2263457452544186,0.32074098948056917,0.7586967397318702,0.6624830057780856
D6_FULL_B_007,D6,FULL,B,7,125.906,0.9705874060147391,0.11122903490289308,0.11112112350497295,0.970587406029805,0.11122903485521568,0.11112112345716059,0.054431416971848376,0.051531447553190585,0.027907655956051138,0.02331620004206466,0.07470032131033476,0.16976016903537225,0.09960097449565998,0.11577016167351559,0.1265804362836593,0.09106282630284278,0.08722115036312506,0.06043527135632056,0.4574880868836887,0.4463422968404646,0.07206995773563267,0.041781627196228965,0.3603779783041431,0.25664036873389423,0.2263457452544186,0.2961406595746839,0.7586967397318702,0.7132002614495312
D6_FULL_B_008,D6,FULL,B,8,123.953,0.9741624895865162,0.11346608105061134,0.102112116481441,0.9741624895949628,0.11346608108719783,0.10211211646741178,0.04466060555229297,0.051531447553190585,0.04075649295202001,0.02331620004206466,0.08872479214898805,0.16976016903537225,0.10309112463602635,0.11577016167351559,0.13157453669825764,0.09106282630284278,0.08816984492345233,0.06043527135632056,0.4334614717146244,0.4463422968404646,0.0695611313743384,0.041781627196228965,0.3603779783041431,0.2772330152893274,0.2263457452544186,0.30516148012602295,0.7586967397318702,0.6984214061141631
D6_FULL_B_009,D6,FULL,B,9,125.062,0.9736131188457895,0.1289991485587639,0.10186462977792782,0.9736131188421023,0.12899914864364811,0.10186462979424579,0.0724451758937036,0.051531447553190585,0.04019332345083577,0.02331620004206466,0.09750439460531606,0.16976016903537225,0.08678524435867678,0.11577016167351559,0.11756619255035675,0.09106282630284278,0.08912476412500345,0.06043527135632056,0.4185838400265957,0.4463422968404646,0.07779706498951189,0.041781627196228965,0.3603779783041431,0.2969281383085322,0.2263457452544186,0.3193294560198996,0.7586967397318702,0.7060996030759721
D6_FULL_B_010,D6,FULL,B,10,126.062,0.9804592434695398,0.11105806140602227,0.09140465398314547,0.9804592434649573,0.11105806149090648,0.09140465400290954,0.07176435994851993,0.051531447553190585,0.031196063384041794,0.02331620004206466,0.10186749444330985,0.16976016903537225,0.0982424795181254,0.11577016167351559,0.12134630122336099,0.09106282630284278,0.08845421781818866,0.06043527135632056,0.42070459218189493,0.4463422968404646,0.06642449148255844,0.041781627196228965,0.3603779783041431,0.303070397293997,0.2263457452544186,0.31276094237411134,0.7586967397318702,0.7156827477970857
D6_L0_A_011,D6,L0,A,11,122.907,0.820113995197503,0.1787602872282718,0.17203339770766693,0.4886718792552575,0.6969255287937254,0.6478775716430261,0.3254468494773576,0.36037797830414325,0.04159628981738206,0.0,0.031096025155177762,0.0,0.006557548328842108,0.0,0.49579286329437067,0.6396220216958568,0.03165034943042254,0.0,0.06260079184017057,0.0,0.005259282656276713,0.0,0.36037797830414325,0.4046967127787595,1.0,0.8944863520195329,1.0,0.9149365297670766
D6_L0_A_012,D6,L0,A,12,121.938,0.9115758899436776,0.08788579590944771,0.08823393081587354,0.36025674897172094,0.7695199303227769,0.7296408689098127,0.3501270580015271,0.36037797830414325,0.014035933627516447,0.0,0.02900075531147799,0.0,0.0021924258459659718,0.0,0.5619871460890252,0.6396220216958568,0.012827588417529642,0.0,0.015497164019514505,0.0,0.01433192868744315,0.0,0.36037797830414325,0.3953561727864875,1.0,0.9389777261355984,1.0,0.9566121234215448
D6_L0_A_013,D6,L0,A,13,123.953,0.8506282898012338,0.14847869280426365,0.1437171242928033,0.43773809072267594,0.7263245133846635,0.6782665097760702,0.3335838234523109,0.36037797830414325,0.040713679984312176,0.0,0.021983129603483427,0.0,0.0035508992053129834,0.0,0.5179374837434255,0.6396220216958568,0.030711200950520726,0.0,0.044545069287619754,0.0,0.006974713773014605,0.0,0.36037797830414325,0.3998315322454195,1.0,0.9229461881305693,1.0,0.9180495060868397
D6_L0_A_014,D6,L0,A,14,122.0,0.8227743403635154,0.17678528883174524,0.16634361176995724,0.4492700460689069,0.7246868132312401,0.6618610969298685,0.31506907820234137,0.36037797830414325,0.06738257585837022,0.0,0.03152256510479855,0.0,0.0018170230188994817,0.0,0.5081456329659134,0.6396220216958568,0.013282641696231404,0.0,0.04937289487239936,0.0,0.013407588281046236,0.0,0.36037797830414325,0.4157912421844096,1.0,0.9038799287228564,1.0,0.9041101711454528
D6_L0_A_015,D6,L0,A,15,121.969,0.922572076271781,0.07693833621926324,0.07850475203502347,0.3523962420090665,0.7804673900129613,0.7349118295023875,0.3531951383707589,0.36037797830414325,0.014735861668224765,0.0,0.015590866865173664,0.0,0.0016731853062947285,0.0,0.569866525409978,0.6396220216958568,0.00796003755034937,0.0,0.022701713786002584,0.0,0.014276671043218177,0.0,0.36037797830414325,0.3851950522104521,1.0,0.945757562999311,1.0,0.9613542444319131
D6_L01_A_011,D6,L01,A,11,122.953,0.8875564709179832,0.1683167713117988,0.17057364258156357,0.915651651536809,0.2479611496203254,0.2145051892677121,0.07345726142452884,0.07484764759525528,0.015913067876146877,0.0,0.26269195068616075,0.28553033070888795,0.03066978872297569,0.0,0.22416638026042354,0.15149809765916333,0.03266394315429117,0.0,0.3440359189183483,0.48812392403669347,0.016401688957124905,0.0,0.3603779783041432,0.3827320687098122,0.2263457452544186,0.3462006527153904,1.0,0.9043515112894615
D6_L01_A_012,D6,L01,A,12,123.969,0.899629980793851,0.1850149806446835,0.17193673493229097,0.8999306989893067,0.23736079325841525,0.21945696802569858,0.05487597000502351,0.07484764759525528,0.004366071486974007,0.0,0.23522097399664765,0.28553033070888795,0.026151503021918262,0.0,0.2596182920075318,0.15149809765916333,0.022964893689795006,0.0,0.373389977694482,0.48812392403669347,0.023412318097627765,0.0,0.3603779783041432,0.32061451851056344,0.2263457452544186,0.3418252271893243,1.0,0.923105213703685
D6_L01_A_013,D6,L01,A,13,122.906,0.8804617811219414,0.19386771350080287,0.20658773657414772,0.8978346989841546,0.28025738215847695,0.2531728877927527,0.051954901776998325,0.07484764759525528,0.0038900254011984383,0.0,0.2889610979695749,0.28553033070888795,0.04382536943050661,0.0,0.25169582516269134,0.15149809765916333,0.025179031667559172,0.0,0.31714895635414747,0.48812392403669347,0.01734479223732361,0.0,0.3603779783041432,0.38863139457827833,0.2263457452544186,0.3327197840084473,1.0,0.9097607812634121
D6_L01_A_014,D6,L01,A,14,121.953,0.870282018713684,0.20387886128973864,0.1845350496351297,0.9137789009699494,0.2280599608520012,0.2159745478062173,0.05850835503316546,0.07484764759525528,0.010413016728029424,0.0,0.23434285677862163,0.28553033070888795,0.025751958499704013,0.0,0.24756319179100172,0.15149809765916333,0.03391526888965225,0.0,0.3517718292393109,0.48812392403669347,0.03773352304051446,0.0,0.3603779783041432,0.3290161870395205,0.2263457452544186,0.35039983244184886,1.0,0.8921862328420997
D6_L01_A_015,D6,L01,A,15,121.89,0.8682346367022651,0.2121175242697413,0.21286752850340931,0.8919836666885468,0.2763261897976447,0.2570138351167422,0.04402201356883951,0.07484764759525528,0.014907370834520282,0.0,0.27233490075609385,0.28553033070888795,0.02502507400220371,0.0,0.26481428428744563,0.15149809765916333,0.045403325326025146,0.0,0.32002746374616203,0.48812392403669347,0.013465567478709849,0.0,0.3603779783041432,0.3562893591616573,0.2263457452544186,0.36914699401683054,1.0,0.9011986623585411
D6_FULL_A_011,D6,FULL,A,11,124.953,0.9551418220865232,0.1953086109483251,0.1581696337815319,0.9551418220402813,0.19530861103320926,0.15816963389281175,0.10489225023088156,0.051531447553190605,0.06143421389769324,0.023316200042064663,0.12115142184023128,0.16976016903537233,0.08050840872755599,0.11577016167351568,0.1527395062241036,0.09106282630284275,0.08122428206672772,0.06043527135632056,0.3349041860332401,0.44634229684046456,0.06314573097956647,0.04178162719622896,0.36037797830414325,0.36798629469636207,0.22634574525441858,0.4002902524194061,0.7586967397318702,0.7136873643284566
D6_FULL_A_012,D6,FULL,A,12,126.969,0.9576737086485577,0.15962596974275534,0.12725617297900788,0.9576737086274579,0.15962596978767926,0.1272561730205279,0.1159981926051688,0.051531447553190605,0.05227774778858035,0.023316200042064663,0.09803728309841883,0.16976016903537233,0.0727533032857424,0.11577016167351568,0.08927637423749091,0.09106282630284275,0.10227855185385878,0.06043527135632056,0.4032425234877879,0.44634229684046456,0.06613602364295218,0.04178162719622896,0.36037797830414325,0.3390665267779104,0.22634574525441858,0.3598308664850989,0.7586967397318702,0.7065543734288664
D6_FULL_A_013,D6,FULL,A,13,126.0,0.932365766253949,0.23442906343649564,0.17651328428517968,0.932365766216009,0.2344290635213798,0.17651328436282582,0.11632462591391494,0.051531447553190605,0.06451303304509677,0.023316200042064663,0.0827954675181529,0.16976016903537233,0.06393419780989847,0.11577016167351568,0.14015502686610729,0.09106282630284275,0.11253813726052407,0.06043527135632056,0.35071389878480547,0.44634229684046456,0.06902561280150002,0.04178162719622896,0.36037797830414325,0.3275673242870631,0.22634574525441858,0.43353082308564306,0.7586967397318702,0.6899890190829805
D6_FULL_A_014,D6,FULL,A,14,126.047,0.9587598189926909,0.1789530946550842,0.14897836543520498,0.9587598189495221,0.17895309476338078,0.14897836553594515,0.08621869889745884,0.051531447553190605,0.052257167531984595,0.023316200042064663,0.11813518409061714,0.16976016903537233,0.10255202872452884,0.11577016167351568,0.13172239493270568,0.09106282630284275,0.1351005785473536,0.06043527135632056,0.34700694519187525,0.44634229684046456,0.02700700208347608,0.04178162719622896,0.36037797830414325,0.3591630792445894,0.22634574525441858,0.40529883990950266,0.7586967397318702,0.6830832231126569
D6_FULL_A_015,D6,FULL,A,15,125.984,0.9515464341891926,0.1960905535298848,0.15552667119910923,0.9515464341455916,0.1960905536381814,0.1555266712864443,0.11073756529319889,0.051531447553190605,0.03298456801919744,0.023316200042064663,0.10699209823190535,0.16976016903537233,0.06912947496931274,0.11577016167351568,0.1558996690787121,0.09106282630284275,0.12281449639319492,0.06043527135632056,0.3667890487930784,0.44634229684046456,0.0346530792214002,0.04178162719622896,0.36037797830414325,0.3198437065136144,0.22634574525441858,0.4224362987843034,0.7586967397318702,0.7404183813968948
D6_FULL_B_011,D6,FULL,B,11,126.047,0.968036371397163,0.142484651878995,0.12578705083783923,0.968036371389928,0.14248465196387922,0.12578705089410339,0.0732384918652327,0.051531447553190585,0.025067353422527715,0.02331620004206466,0.10187598921673044,0.16976016903537225,0.10455257559831714,0.11577016167351559,0.1504297127954749,0.09106282630284278,0.06484287704907753,0.06043527135632056,0.3829594108553099,0.4463422968404646,0.09703358919732974,0.041781627196228965,0.3603779783041431,0.304734410102808,0.2263457452544186,0.3135784351323128,0.7586967397318702,0.708503604732748
D6_FULL_B_012,D6,FULL,B,12,126.031,0.9860548072668495,0.08144834618021746,0.07639940007475608,0.9860548072695752,0.08144834626510168,0.07639940004819966,0.06340695813530574,0.051531447553190585,0.03223234985454682,0.02331620004206466,0.10563639549512512,0.16976016903537225,0.09911136118588855,0.11577016167351559,0.11155545624347263,0.09106282630284278,0.08048520108226724,0.06043527135632056,0.44567652468812124,0.4463422968404646,0.06189575331527251,0.041781627196228965,0.3603779783041431,0.30038706467086623,0.2263457452544186,0.2876799653155924,0.7586967397318702,0.7262753345620248
D6_FULL_B_013,D6,FULL,B,13,141.047,0.9676846361981067,0.1421256131502518,0.12105633972375013,0.9676846361950424,0.142125613235136,0.12105633975488252,0.06946778318253775,0.051531447553190585,0.029569852934850347,0.02331620004206466,0.08460064421099123,0.16976016903537225,0.10385115784044523,0.11577016167351559,0.1412128184568983,0.09106282630284278,0.08894746323343239,0.06043527135632056,0.4012952123476642,0.4463422968404646,0.08105506779318054,0.041781627196228965,0.3603779783041431,0.28748943816882455,0.2263457452544186,0.3291979178077188,0.7586967397318702,0.6965764581980914
D6_FULL_B_014,D6,FULL,B,14,126.891,0.9888416576108258,0.08746850368749759,0.07422967714938576,0.9888416575960012,0.08746850376769924,0.0742296772386011,0.07141344980280945,0.051531447553190585,0.04433431383846902,0.02331620004206466,0.1352435738740275,0.16976016903537225,0.12353974346964994,0.11577016167351559,0.10623607550001209,0.09106282630284278,0.06489915402727604,0.06043527135632056,0.3933903883143118,0.4463422968404646,0.060943301173444195,0.041781627196228965,0.3603779783041431,0.3745310809849559,0.2263457452544186,0.2868829931685666,0.7586967397318702,0.7062834874911608
D6_FULL_B_015,D6,FULL,B,15,125.984,0.9842463854027762,0.09273649973838093,0.08376134886911123,0.9842463853930348,0.09273649982326515,0.08376134889087888,0.06503417177396573,0.051531447553190585,0.039711075516266,0.02331620004206466,0.10796011353513449,0.16976016903537225,0.10324959770522768,0.11577016167351559,0.13695015477723282,0.09106282630284278,0.06848255434054067,0.06043527135632056,0.4279264165706093,0.4463422968404646,0.05068591578102321,0.041781627196228965,0.3603779783041431,0.3159549585305939,0.2263457452544186,0.3101779564080052,0.7586967397318702,0.7378708566569423
D6_L0_A_016,D6,L0,A,16,124.078,0.9083659717729972,0.09153654844457283,0.0871189551798019,0.34120397912814143,0.7658691777876517,0.73482756998355,0.33645307449622364,0.36037797830414325,0.008404509150282954,0.0,0.023499471632028493,0.0,0.00590959735982643,0.0,0.5720103770592035,0.6396220216958568,0.002800091887952597,0.0,0.00990858947892738,0.0,0.04101428893555495,0.0,0.36037797830414325,0.3742666526383615,1.0,0.9196680525936628,1.0,0.941871512666383
D6_L0_A_017,D6,L0,A,17,125.0,0.8250278804849793,0.174004894451615,0.16676502872943527,0.4725423597347593,0.7098402336184617,0.6557271386095368,0.3250654854992857,0.36037797830414325,0.049755601865461685,0.0,0.03008071355037404,0.0,0.005651874708217869,0.0,0.5009296200490994,0.6396220216958568,0.027546667240477246,0.0,0.05596163394690356,0.0,0.005008403140180597,0.0,0.36037797830414325,0.41055367562333933,1.0,0.903297374654324,1.0,0.9120374530456627
D6_L0_A_018,D6,L0,A,18,121.938,0.9148761196762574,0.08491411927609316,0.09374479368566313,0.35866760131904407,0.7752647962235992,0.7285576772928178,0.3612982442897086,0.36037797830414325,0.025169123309511914,0.0,0.018337540804308133,0.0,0.0045151530994590435,0.0,0.5547079024197636,0.6396220216958568,0.004281422826700038,0.0,0.021599303379671808,0.0,0.01009130987087689,0.0,0.36037797830414325,0.4093200615029877,1.0,0.9454566928456842,1.0,0.9559429908934522
D6_L0_A_019,D6,L0,A,19,121.0,0.8263861255334567,0.17329727159564376,0.1594670322278663,0.4852604787839795,0.6968096874148697,0.6539600309594871,0.3135455946125158,0.36037797830414325,0.03601743280589841,0.0,0.03402686057009001,0.0,0.0040966524106316364,0.0,0.5131571337918405,0.6396220216958568,0.02929611578189421,0.0,0.062066263484941556,0.0,0.007793946542187931,0.0,0.36037797830414325,0.38768654039913586,1.0,0.8920162769921488,1.0,0.9227958524593879
D6_L0_A_020,D6,L0,A,20,123.937,0.9180911547058145,0.08164365044132874,0.07861102333891672,0.3337551099069787,0.7757620757908958,0.7404475753186517,0.3460123720800036,0.36037797830414325,0.016670204515431587,0.0,0.01573511764116004,0.0,0.0060679265845211584,0.0,0.5723439774786677,0.6396220216958568,0.006309730960783367,0.0,0.009333343910060013,0.0,0.027527326829372614,0.0,0.36037797830414325,0.3844856208211164,1.0,0.9413362850348863,1.0,0.9434248111098914
D6_L01_A_016,D6,L01,A,16,123.047,0.8829117831884538,0.16766595633119014,0.14295370103909324,0.9271862459525784,0.19610812894219287,0.1772701757231717,0.061171369815092885,0.07484764759525528,0.020752097592089343,0.0,0.23435704986660905,0.28553033070888795,0.03714828547233064,0.0,0.21293415201127863,0.15149809765916333,0.011797481760406844,0.0,0.3853075263279446,0.48812392403669347,0.03653203715424798,0.0,0.3603779783041432,0.3534288027461219,0.2263457452544186,0.30665510117886774,1.0,0.8937700980209252
D6_L01_A_017,D6,L01,A,17,122.953,0.8930389812904278,0.17200861410789486,0.1512764679145483,0.9075307750151004,0.21635971734678947,0.20236101876963133,0.05166645569019585,0.07484764759525528,0.011091254648107913,0.0,0.24441600583693687,0.28553033070888795,0.019115825584116466,0.0,0.23263169857044444,0.15149809765916333,0.021868977382234988,0.0,0.3804108267058091,0.48812392403669347,0.03879895558215436,0.0,0.3603779783041432,0.3262895417593571,0.2263457452544186,0.3172583862909832,1.0,0.9091249868033864
D6_L01_A_018,D6,L01,A,18,123.953,0.8860171535215892,0.18541163768001145,0.16333918004996933,0.9110409632584551,0.23087951602803428,0.20868407949167359,0.040550586399001415,0.07484764759525528,0.009819787391484555,0.0,0.24714602384705767,0.28553033070888795,0.035814377922027844,0.0,0.24455648742687142,0.15149809765916333,0.013570963914240463,0.0,0.37539365441476613,0.48812392403669347,0.03314811868455048,0.0,0.3603779783041432,0.33333077555957147,0.2263457452544186,0.30849782513159785,1.0,0.9076467520876966
D6_L01_A_019,D6,L01,A,19,120.922,0.8756813018264253,0.1972803572713074,0.18547910650767227,0.9141251881193467,0.2398872227029366,0.21936873569994383,0.0640256078151139,0.07484764759525528,0.009352285331385834,0.0,0.24185020030950105,0.28553033070888795,0.03130454444994116,0.0,0.24636585732910937,0.15149809765916333,0.027911496670857676,0.0,0.3453457369449143,0.48812392403669347,0.033844271149176736,0.0,0.3603779783041432,0.3465326379059419,0.2263457452544186,0.3476552471464668,1.0,0.8975874023986387
D6_L01_A_020,D6,L01,A,20,122.844,0.8952876029964683,0.18826973697471217,0.17687202604048544,0.90240405714742,0.23907810457288778,0.2192396851046667,0.06603415588467132,0.07484764759525528,0.01564590569846711,0.0,0.22678936695210683,0.28553033070888795,0.0262375640880207,0.0,0.2586090244868973,0.15149809765916333,0.017887672101759268,0.0,0.36740864252934635,0.48812392403669347,0.021387668258731094,0.0,0.3603779783041432,0.334706992623266,0.2263457452544186,0.358176758171795,1.0,0.9188411898530218
D6_FULL_A_016,D6,FULL,A,16,125.016,0.9669898910832225,0.1707015673171793,0.1442066576917291,0.966989891050175,0.17070156740206344,0.14420665780544734,0.07485321810858522,0.051531447553190605,0.04634677948309715,0.023316200042064663,0.13924618142351455,0.16976016903537233,0.08801304658376959,0.11577016167351568,0.1392522831007749,0.09106282630284275,0.107366676675842,0.06043527135632056,0.33391183222488907,0.44634229684046456,0.07100998239952751,0.04178162719622896,0.36037797830414325,0.3484592255989665,0.22634574525441858,0.3678189573682993,0.7586967397318702,0.6872635148577637
D6_FULL_A_017,D6,FULL,A,17,125.953,0.9576738080443534,0.18773082866856522,0.14883368887153223,0.9576738080010603,0.18773082875344935,0.14883368897837387,0.0945041592845646,0.051531447553190605,0.06143133350480062,0.023316200042064663,0.12483401383145036,0.16976016903537233,0.07490403781816078,0.11577016167351568,0.1381260394820397,0.09106282630284275,0.11000344820086169,0.06043527135632056,0.3444037472311762,0.44634229684046456,0.05179322064694613,0.04178162719622896,0.36037797830414325,0.35567354443897636,0.22634574525441858,0.4040649804722666,0.7586967397318702,0.7018679598292308
D6_FULL_A_018,D6,FULL,A,18,125.969,0.96365172025628,0.17006769749285677,0.14983672451456978,0.9636517202169219,0.17006769757305845,0.14983672462041353,0.10902187907503523,0.051531447553190605,0.042311664312247026,0.023316200042064663,0.10913081656385121,0.16976016903537233,0.12023530513669493,0.11577016167351568,0.13033194755250566,0.09106282630284275,0.09816542556156467,0.06043527135632056,0.3369039518191288,0.44634229684046456,0.0538990099789724,0.04178162719622896,0.36037797830414325,0.38069966508782843,0.22634574525441858,0.37983091650135253,0.7586967397318702,0.685388595010521
D6_FULL_A_019,D6,FULL,A,19,126.0,0.9511567332338077,0.19511329343840356,0.17141136090868556,0.9511567331968837,0.1951132935232877,0.1714113610099335,0.10928892367593875,0.051531447553190605,0.04841647390115261,0.023316200042064663,0.10185869145716892,0.16976016903537233,0.11245786508472463,0.11577016167351568,0.14892079100025235,0.09106282630284275,0.07008214282561306,0.06043527135632056,0.32244277756905537,0.44634229684046456,0.08653233448609421,0.04178162719622896,0.36037797830414325,0.37202195411898487,0.22634574525441858,0.3767083314029568,0.7586967397318702,0.6825111837024154
D6_FULL_A_020,D6,FULL,A,20,126.968,0.9272273202680319,0.23208029197081748,0.1970901849953243,0.9272273202450535,0.23208029205011804,0.1970901850743042,0.1048204496754801,0.051531447553190605,0.046774232836474416,0.023316200042064663,0.10811412673141267,0.16976016903537233,0.0770566674390304,0.11577016167351568,0.13454070389645606,0.09106282630284275,0.05406625580304353,0.06043527135632056,0.320990556961369,0.44634229684046456,0.15363700665673383,0.04178162719622896,0.36037797830414325,0.3367654766823976,0.22634574525441858,0.3402016422114541,0.7586967397318702,0.6684658372647179
D6_FULL_B_016,D6,FULL,B,16,125.985,0.9724592003178664,0.14344787559355188,0.12031605578348789,0.9724592003031167,0.14344787567375356,0.12031605584832093,0.0702005045694544,0.051531447553190585,0.04146279134669974,0.02331620004206466,0.09555109794852619,0.16976016903537225,0.12483998574182559,0.11577016167351559,0.13264314420555867,0.09106282630284278,0.09613802748309626,0.06043527135632056,0.37710349233375884,0.4463422968404646,0.0620609563710804,0.041781627196228965,0.3603779783041431,0.3320543796065059,0.2263457452544186,0.34044446760480906,0.7586967397318702,0.6754982390572981
D6_FULL_B_017,D6,FULL,B,17,123.032,0.9825408769146878,0.09139412205724047,0.08886407258362126,0.9825408769145872,0.09139412213744214,0.08886407258958057,0.05452982443355667,0.051531447553190585,0.03912321527382184,0.02331620004206466,0.0984208100131787,0.16976016903537225,0.127969691038461,0.11577016167351559,0.1325817014910981,0.09106282630284278,0.06295004274175349,0.06043527135632056,0.42628753380541773,0.4463422968404646,0.058137181202712544,0.041781627196228965,0.3603779783041431,0.3200435407590182,0.2263457452544186,0.2891847839402301,0.7586967397318702,0.7118198697432512
D6_FULL_B_018,D6,FULL,B,18,125.859,0.9867343909328252,0.09173390794714423,0.07861617020152062,0.9867343909254486,0.09173390802734588,0.07861617024210858,0.0704965562585491,0.051531447553190585,0.034156053020538875,0.02331620004206466,0.112161942348915,0.16976016903537225,0.11850455187099752,0.11577016167351559,0.11576592688127416,0.09106282630284278,0.07568429117972233,0.06043527135632056,0.4122066155797776,0.4463422968404646,0.061024062860225346,0.041781627196228965,0.3603779783041431,0.3353191034990005,0.2263457452544186,0.2961028273400845,0.7586967397318702,0.7106310410685159
D6_FULL_B_019,D6,FULL,B,19,126.0,0.9814706362172518,0.10741486515524705,0.08928794935172567,0.9814706362025967,0.10741486524013127,0.08928794941176303,0.06842147922743648,0.051531447553190585,0.052911506878235974,0.02331620004206466,0.11324829685781718,0.16976016903537225,0.11259949405148424,0.11577016167351559,0.11329392844336535,0.09106282630284278,0.08634790104040986,0.06043527135632056,0.398609971484804,0.4463422968404646,0.05456742201644694,0.041781627196228965,0.3603779783041431,0.34718077701497385,0.2263457452544186,0.3209748155894476,0.7586967397318702,0.693573676013423
D6_FULL_B_020,D6,FULL,B,20,126.047,0.9786958360634451,0.10905511491416171,0.08617085225524077,0.978695836050598,0.10905511499904594,0.08617085230068167,0.0721119264890841,0.051531447553190585,0.062258686837208546,0.02331620004206466,0.11648128658093311,0.16976016903537225,0.09700713102622635,0.11577016167351559,0.10758606258963067,0.09106282630284278,0.0696300376054155,0.06043527135632056,0.4093290950280313,0.4463422968404646,0.06559577384347046,0.041781627196228965,0.3603779783041431,0.34785903093345205,0.2263457452544186,0.3115867135213388,0.7586967397318702,0.7055083706876791
D6_L0_A_021,D6,L0,A,21,123.0,0.8386789830531787,0.15933441697260198,0.15871995539358902,0.46843913226079453,0.7088305712706955,0.6690947071475479,0.34270649988665036,0.36037797830414325,0.034075462038682384,0.0,0.027341286819517235,0.0,0.020914982885808522,0.0,0.49795908314074777,0.6396220216958568,0.02944661499295006,0.0,0.03906434109297742,0.0,0.008491729142666386,0.0,0.36037797830414325,0.4250382316306585,1.0,0.9041876600590306,1.0,0.9070712109398928
D6_L0_A_022,D6,L0,A,22,122.891,0.8219873909554458,0.17695142177490003,0.16990699963905057,0.47525471417408377,0.7119636515334666,0.6553384677846679,0.325264468117272,0.36037797830414325,0.05482554710375154,0.0,0.03634355451156347,0.0,0.009940076951571404,0.0,0.497784110107828,0.6396220216958568,0.021371264943922032,0.0,0.05123197182906458,0.0,0.0032390064350270305,0.0,0.36037797830414325,0.4263736466841584,1.0,0.8992453902727736,1.0,0.9106241045657281
D6_L0_A_023,D6,L0,A,23,122.954,0.9119898222216696,0.0878818391291094,0.08073102064919907,0.3502438157634716,0.7695238871031151,0.7356828811432781,0.33913143818735847,0.36037797830414325,0.01612796361573897,0.0,0.020857398529064913,0.0,0.007567832329314021,0.0,0.5729867226835321,0.6396220216958568,0.0050435629202115195,0.0,0.01155658294961939,0.0,0.026728498785160513,0.0,0.36037797830414325,0.3836846326614764,1.0,0.933289687406841,1.0,0.9445321423495749
D6_L0_A_024,D6,L0,A,24,120.922,0.9139235027340791,0.08579754927832522,0.08178273505817099,0.35280443296571595,0.7716081769538994,0.7334351973129586,0.3448679213179522,0.36037797830414325,0.01433066287745646,0.0,0.022566944398596432,0.0,0.001746041119816406,0.0,0.5693345294037226,0.6396220216958568,0.010810149593704736,0.0,0.01566734849669261,0.0,0.02067640279205855,0.0,0.36037797830414325,0.38351156971382144,1.0,0.939343263192836,1.0,0.9524367436169638
D6_L0_A_025,D6,L0,A,25,119.938,0.8390447673257058,0.1602225036900738,0.154042761351194,0.44669308731497853,0.7272246068296356,0.6688796118388631,0.3266505931774359,0.36037797830414325,0.05335758431509433,0.0,0.03218103388569987,0.0,0.0023451450295224295,0.0,0.5131269031324903,0.6396220216958568,0.011974809008794426,0.0,0.0493805618310004,0.0,0.010983369619962269,0.0,0.36037797830414325,0.41453435640775255,1.0,0.905109889633815,1.0,0.9213390920266264
D6_L01_A_021,D6,L01,A,21,127.125,0.8832422859064156,0.1900026043110692,0.19706651607922968,0.8949307034448196,0.2701482658745125,0.24665524631427854,0.0518905003928404,0.07484764759525528,0.016893279511667234,0.0,0.2787760222231779,0.28553033070888795,0.0312866476442396,0.0,0.2518361860092819,0.15149809765916333,0.03446915494229761,0.0,0.3278327754137492,0.48812392403669347,0.007015433862746138,0.0,0.3603779783041432,0.3788464497719251,0.2263457452544186,0.3550891208560872,1.0,0.9103354840390494
D6_L01_A_022,D6,L01,A,22,123.953,0.8909444864102588,0.12340746139930771,0.12093487594528333,0.932962068212932,0.19415459040975952,0.16893554915017783,0.06202782779129095,0.07484764759525528,0.013126336662519167,0.0,0.2748491413333784,0.28553033070888795,0.03624291518486733,0.0,0.16963206403587788,0.15149809765916333,0.050180221867902754,0.0,0.3882174718168596,0.48812392403669347,0.00572402130730391,0.0,0.3603779783041432,0.38624622097205585,0.2263457452544186,0.2949664503575908,1.0,0.8947265049774069
D6_L01_A_023,D6,L01,A,23,125.0,0.8797748453715954,0.19377760550853917,0.18360523305390342,0.9151851650132281,0.24281141989190158,0.21968962741788936,0.05601233934450245,0.07484764759525528,0.014163467415720965,0.0,0.2518141392078763,0.28553033070888795,0.043819917732271146,0.0,0.24733938409031048,0.15149809765916333,0.029197600367400888,0.0,0.3468978182799187,0.48812392403669347,0.01075533356199905,0.0,0.3603779783041432,0.36580986370037083,0.2263457452544186,0.3467127912179348,1.0,0.9020636809226079
D6_L01_A_024,D6,L01,A,24,122.969,0.900087104719343,0.17456674280467827,0.1943400803268289,0.8807466553316768,0.2855996190532576,0.25097535626532075,0.05960101056007416,0.07484764759525528,0.008495092015786325,0.0,0.2862246651108405,0.28553033070888795,0.03285907506250099,0.0,0.2521283861331306,0.15149809765916333,0.029461882119530228,0.0,0.3288038182671963,0.48812392403669347,0.0024260707309408966,0.0,0.3603779783041432,0.3871798427492019,0.2263457452544186,0.3496863708285213,1.0,0.9267578800712416
D6_L01_A_025,D6,L01,A,25,122.968,0.9095109524502352,0.15197203352663938,0.1385060125740919,0.9024702862261064,0.224427629363755,0.2004060923662709,0.05949766091230194,0.07484764759525528,0.012958124987849255,0.0,0.2509977751823623,0.28553033070888795,0.02094528205411789,0.0,0.22628663601987847,0.15149809765916333,0.011715189610896088,0.0,0.38603443271953314,0.48812392403669347,0.031564898513061074,0.0,0.3603779783041432,0.34439884313663144,0.2263457452544186,0.3104576115309257,1.0,0.922816504834076
D6_FULL_A_021,D6,FULL,A,21,126.156,0.9630632473211642,0.16897677818383738,0.1485703708790518,0.9630632472738707,0.16897677826872154,0.14857037099604464,0.12429276997166244,0.051531447553190605,0.04698587830558728,0.023316200042064663,0.1248874773418532,0.16976016903537233,0.10063611637540097,0.11577016167351568,0.12977789183856983,0.09106282630284275,0.08125632152320622,0.06043527135632056,0.33737225564826095,0.44634229684046456,0.05479128899545912,0.04178162719622896,0.36037797830414325,0.3968022419945039,0.22634574525441858,0.3823128616390258,0.7586967397318702,0.7163303948003463
D6_FULL_A_022,D6,FULL,A,22,126.078,0.9428374906782795,0.21735915340315703,0.16878177404089298,0.9428374906361205,0.2173591534880412,0.16878177413259948,0.1017852117636227,0.051531447553190605,0.06584997806168058,0.023316200042064663,0.10310793870321065,0.16976016903537233,0.06961268679962475,0.11577016167351568,0.1356110407663246,0.09106282630284275,0.12749035451028054,0.06043527135632056,0.3417928486433601,0.44634229684046456,0.05474994075189615,0.04178162719622896,0.36037797830414325,0.3403558153281387,0.22634574525441858,0.4307365851019085,0.7586967397318702,0.682297039876518
D6_FULL_A_023,D6,FULL,A,23,126.063,0.9598595116210183,0.17104850099964594,0.14064639597899484,0.9598595115957075,0.1710485010845301,0.1406463960453394,0.09956784343074547,0.051531447553190605,0.029118222247061013,0.023316200042064663,0.0918991942999422,0.16976016903537233,0.09123513392933225,0.11577016167351568,0.13294096955958423,0.09106282630284275,0.12522646870607632,0.06043527135632056,0.37768979832043215,0.44634229684046456,0.052322369506826415,0.04178162719622896,0.36037797830414325,0.31182039390708094,0.22634574525441858,0.38685350394346707,0.7586967397318702,0.7020978056107041
D6_FULL_A_024,D6,FULL,A,24,127.0,0.924647284915486,0.24660111108837404,0.19979924155947829,0.924647284884433,0.2466011111732582,0.1997992416421858,0.10742548213116694,0.051531447553190605,0.04827705608780887,0.023316200042064663,0.0922039712566738,0.16976016903537233,0.06790641240035791,0.11577016167351568,0.17021828703708194,0.09106282630284275,0.06393614238682925,0.06043527135632056,0.32516113280394676,0.44634229684046456,0.12487151589613452,0.04178162719622896,0.36037797830414325,0.3158129218760075,0.22634574525441858,0.389856967642887,0.7586967397318702,0.6950088732288695
D6_FULL_A_025,D6,FULL,A,25,122.953,0.978837942188286,0.1317256088379654,0.11829520739345327,0.9788379421658995,0.1317256089181671,0.11829520748398945,0.06925419058630201,0.051531447553190605,0.031002250613293238,0.023316200042064663,0.11541811072567167,0.16976016903537233,0.13045347607052205,0.11577016167351568,0.15464106261455624,0.09106282630284275,0.07820263065379174,0.06043527135632056,0.36895874631219977,0.44634229684046456,0.05206953242366329,0.04178162719622896,0.36037797830414325,0.34612802799578896,0.22634574525441858,0.33310013446794323,0.7586967397318702,0.7082721102387297
D6_FULL_B_021,D6,FULL,B,21,126.0,0.9769113504017425,0.12601659703846263,0.10120941246675111,0.9769113503783419,0.12601659712334684,0.10120941253888549,0.10076806358456249,0.051531447553190585,0.040622533780587465,0.02331620004206466,0.1143517036290999,0.16976016903537225,0.09596913409943497,0.11577016167351559,0.12176082302790159,0.09106282630284278,0.06708794838440504,0.06043527135632056,0.3955351927823549,0.4463422968404646,0.06390460071165353,0.041781627196228965,0.3603779783041431,0.3517114350936848,0.2263457452544186,0.3302393687774565,0.7586967397318702,0.7324157830239189
D6_FULL_B_022,D6,FULL,B,22,126.031,0.9850295757360373,0.08176436698334824,0.08127287207802641,0.9850295757326321,0.08176436706823245,0.08127287206454073,0.06505572226968465,0.051531447553190585,0.03616884208947588,0.02331620004206466,0.10145369089560163,0.16976016903537225,0.10474102505577707,0.11577016167351559,0.12665445574462056,0.09106282630284278,0.07109683329769526,0.06043527135632056,0.4439135446146255,0.4463422968404646,0.050915886032519446,0.041781627196228965,0.3603779783041431,0.3074192803105392,0.2263457452544186,0.29897585340147637,0.7586967397318702,0.7370774135245324
D6_FULL_B_023,D6,FULL,B,23,125.859,0.9793192549627866,0.11367096550542158,0.09789584423630283,0.9793192549474328,0.11367096560903567,0.09789584427333077,0.06778454716259343,0.051531447553190585,0.032735033053324196,0.02331620004206466,0.09928453482700551,0.16976016903537225,0.12766537004660009,0.11577016167351559,0.135362394268706,0.09106282630284278,0.09223952790213209,0.06043527135632056,0.41436371413476925,0.4463422968404646,0.03056487860486953,0.041781627196228965,0.3603779783041431,0.3274694850895232,0.2263457452544186,0.3281215023867557,0.7586967397318702,0.7167951903930742
D6_FULL_B_024,D6,FULL,B,24,127.047,0.9852710917183497,0.09325645865871204,0.07944877069315526,0.9852710917030107,0.09325645874359627,0.07944877075787568,0.056131056875375444,0.051531447553190585,0.050865835220484094,0.02331620004206466,0.12478656289808883,0.16976016903537225,0.10742444287302674,0.11577016167351559,0.12811462115880903,0.09106282630284278,0.08201678491449409,0.06043527135632056,0.4064051631195248,0.4463422968404646,0.0442555329401969,0.041781627196228965,0.3603779783041431,0.33920789786697514,0.2263457452544186,0.31712829816916266,0.7586967397318702,0.7154374040517981
D6_FULL_B_025,D6,FULL,B,25,126.0,0.985919968326219,0.08858030915312334,0.07608400221212316,0.9859199683072596,0.08858030923800755,0.07608400227139382,0.08284866650120841,0.051531447553190585,0.04412788318572345,0.02331620004206466,0.11953310645043116,0.16976016903537225,0.11214356358241742,0.11577016167351559,0.10663909132091556,0.09106282630284278,0.08016060532310243,0.06043527135632056,0.41161564836338055,0.4463422968404646,0.04293143527282107,0.041781627196228965,0.3603779783041431,0.3586532197197805,0.2263457452544186,0.31377624633094986,0.7586967397318702,0.7206365126359358
D4_L0_A_001,D4,L0,A,1,109.937,0.945140784697053,0.05462339222189502,0.05141996620151423,0.39711609979263207,0.615376607778105,0.6013569925354513,0.48761767141164336,0.5000000000974484,0.009007192322158011,0.0,0.02058927797641632,0.0,0.0011273957316738717,0.0,0.4577589363664616,0.4999999999025517,0.009072292760418463,0.0,0.00939283221985671,0.0,0.005434401211371566,0.0,0.5000000000974484,0.5183415374418916,1.0,0.9634560928606813,1.0,0.975358717974378
D4_L0_A_002,D4,L0,A,2,123.016,0.941695771534393,0.05799535863800914,0.05392486340631148,0.41712555442085925,0.6120046413619908,0.5991737452158428,0.4880569802710493,0.5000000000974484,0.010931684250984808,0.0,0.014933727999290498,0.0,0.007592682786612635,0.0,0.45394766109094153,0.4999999999025517,0.003133459318946806,0.0,0.01234362230600625,0.0,0.009060181976168088,0.0,0.5000000000974484,0.5215150753079373,1.0,0.9560697849319225,1.0,0.9692819916672877
D4_L0_A_003,D4,L0,A,3,126.047,0.8630235458944442,0.13660771542932593,0.11952097266998638,0.49794200615261835,0.5333922845706741,0.5517009112017941,0.4495351490645185,0.5000000000974484,0.019255756965895803,0.0,0.03799951585398347,0.0,0.005173050215387439,0.0,0.4138571355061556,0.4999999999025517,0.029654338038694737,0.0,0.0396671358288841,0.0,0.0048579185264803525,0.0,0.5000000000974484,0.5119634720997852,1.0,0.9123023795752647,1.0,0.9410589362535418
D4_L0_A_004,D4,L0,A,4,123.078,0.8434765121781596,0.15647342701435824,0.13368868243213491,0.5265002237904609,0.5135265729856417,0.5323491032417469,0.4282613720847562,0.5000000000974484,0.028329345609683025,0.0,0.05429410507804608,0.0,0.006481987602457906,0.0,0.4152652009008856,0.4999999999025517,0.02985897259330243,0.0,0.02766539122554741,0.0,0.009843624905321292,0.0,0.5000000000974484,0.5173668103749431,1.0,0.9017148911886271,1.0,0.9254860692892353
D4_L0_A_005,D4,L0,A,5,121.047,0.8426517477847987,0.1572124505771546,0.13438850396529187,0.5144005443257615,0.5127875494228453,0.5369477225056078,0.4320911337036568,0.5000000000974484,0.03340448737662288,0.0,0.04684694157805806,0.0,0.006483213765284023,0.0,0.4106964157191886,0.4999999999025517,0.017750723632869263,0.0,0.040782922255136446,0.0,0.01194416196918388,0.0,0.5000000000974484,0.5188257764236218,1.0,0.8939427604323374,1.0,0.93041741325604
D4_L01_A_001,D4,L01,A,1,121.891,0.9122935658745122,0.08673702954987061,0.07063516433837227,0.7106182074387364,0.4132629704501294,0.4298631919332857,0.05205896954184907,0.07000000006475912,0.02743791653236406,0.0,0.40960699029399006,0.43000000003268934,0.018991480565201634,0.0,0.3822136911261155,0.4299999999327046,0.0247249867467387,0.0,0.06938331948817471,0.06999999996984699,0.015582645705566115,0.0,0.5000000000974485,0.5080953569334048,0.4999999999974637,0.4864355639470673,1.0000000000000002,0.9132629704501293
D4_L01_A_002,D4,L01,A,2,124.031,0.8934996195983574,0.1046078966119553,0.10210935580850931,0.7431383055002887,0.3953921033880447,0.3944192393825733,0.06254826722401075,0.07000000006475912,0.027183632812448774,0.0,0.3456873430964323,0.43000000003268934,0.020104845401087153,0.0,0.41847682104777245,0.4299999999327046,0.04173121676123106,0.0,0.06867967201982922,0.06999999996984699,0.015588201637188295,0.0,0.5000000000974485,0.45552408853397897,0.4999999999974637,0.549939937845463,1.0000000000000002,0.8953921033880448
D4_L01_A_003,D4,L01,A,3,125.953,0.9074453857247807,0.09128530374442301,0.0773042003006389,0.7127602828188754,0.41485276914003943,0.4166792449163963,0.05964179754863604,0.07000000006475912,0.008960552046180266,0.0,0.37641318140510566,0.43000000003268934,0.016881144794446582,0.0,0.42020064450768063,0.4299999999327046,0.03930553401933369,0.0,0.052459072794154626,0.06999999996984699,0.026138072884462377,0.0,0.5000000000974485,0.46189667579436855,0.4999999999974637,0.5281085281218306,1.0000000000000002,0.9087146962555769
D4_L01_A_004,D4,L01,A,4,122.016,0.889129183046767,0.11521752433016379,0.09476220755354745,0.747547479627356,0.3962084207155567,0.40310999275159703,0.07514411524260414,0.07000000006475912,0.015390195328270842,0.0,0.38724642851555674,0.43000000003268934,0.03466494482045337,0.0,0.3689422754515181,0.4299999999327046,0.03373643913571913,0.0,0.058593771638002334,0.06999999996984699,0.02628182986787542,0.0,0.5000000000974485,0.512445683906885,0.4999999999974637,0.49321302515811216,1.0000000000000002,0.8899265908476812
D4_L01_A_005,D4,L01,A,5,124.094,0.9511524810536244,0.052340327874019044,0.040262341280981925,0.6578487714106378,0.45457949698663214,0.45561779051440493,0.04425693440747485,0.07000000006475912,0.00852506708770294,0.0,0.4191652799911181,0.43000000003268934,0.01459769299151957,0.0,0.4369198247933557,0.4299999999327046,0.008884611523649546,0.0,0.054237457794683426,0.06999999996984699,0.0134131314104958,0.0,0.5000000000974485,0.4865449744778155,0.4999999999974637,0.4985864378121831,1.0000000000000002,0.9545794969866321
D4_FULL_A_001,D4,FULL,A,1,127.015,0.8680628986897266,0.30683100093506505,0.2555571530212935,0.8680628986263589,0.3068310010273364,0.25555715307659893,0.08575016772086166,0.020000000026403574,0.19059319500059935,0.05000000003835553,0.12253194318816381,0.12000000005766528,0.17901257848660146,0.30999999997502403,0.18265949414348367,0.30999999997812266,0.07149692634257847,0.11999999995458202,0.08040366611291284,0.04999999998288754,0.08755202900479873,0.019999999986959498,0.5000000000974485,0.5778878843962263,0.4999999999974638,0.5304997832075231,0.500000000045079,0.471345271165422
D4_FULL_A_002,D4,FULL,A,2,126.016,0.9341625783397794,0.2155388530066942,0.17345785325081448,0.9341625783098958,0.21553885304130027,0.17345785328890723,0.05352946909741584,0.020000000026403574,0.13174425071326398,0.05000000003835553,0.10153262914560868,0.12000000005766528,0.2023609368873583,0.30999999997502403,0.24543644711356266,0.30999999997812266,0.09513113381217012,0.11999999995458202,0.1165734609532506,0.04999999998288754,0.053691672277369866,0.019999999986959498,0.5000000000974485,0.4891672858436468,0.4999999999974638,0.5258413007364126,0.500000000045079,0.5170720063098377
D4_FULL_A_003,D4,FULL,A,3,125.984,0.8885753386771991,0.2760017289922505,0.23869519594216868,0.8885753386245753,0.27600172902685655,0.23869519598349648,0.09725169016826805,0.020000000026403574,0.17481559739559752,0.05000000003835553,0.09109951486260695,0.12000000005766528,0.16425068687337194,0.30999999997502403,0.21007868074747224,0.30999999997812266,0.11856938848969233,0.11999999995458202,0.10473055055425183,0.04999999998288754,0.03920389090873918,0.019999999986959498,0.5000000000974485,0.5274174892998444,0.4999999999974638,0.6007153568010302,0.500000000045079,0.5031604363325991
D4_FULL_A_004,D4,FULL,A,4,125.969,0.9295062241228728,0.2121313507821408,0.16868165578930905,0.9295062240955551,0.21213135081674686,0.16868165582926578,0.06442808294754719,0.020000000026403574,0.09577729201230069,0.05000000003835553,0.1169680460456086,0.12000000005766528,0.2038146462706543,0.30999999997502403,0.24550921313425986,0.30999999997812266,0.0815767437327304,0.11999999995458202,0.10701432382205046,0.04999999998288754,0.08491165203484853,0.019999999986959498,0.5000000000974485,0.48098806727611076,0.4999999999974638,0.48729133182683815,0.500000000045079,0.5339196659494662
D4_FULL_A_005,D4,FULL,A,5,153.203,0.9100914132462463,0.27611372102723303,0.21608316515629314,0.9100914131883984,0.2761137211195044,0.2160831652173991,0.06737811244458282,0.020000000026403574,0.13268074298120336,0.05000000003835553,0.17026863129325015,0.12000000005766528,0.21610081702601203,0.30999999997502403,0.17405215547835337,0.30999999997812266,0.07373330637613018,0.11999999995458202,0.12088471258939425,0.04999999998288754,0.04490152181107377,0.019999999986959498,0.5000000000974485,0.5864283037450484,0.4999999999974638,0.44784431728026974,0.500000000045079,0.5325836118055806
D4_FULL_B_001,D4,FULL,B,1,126.985,0.9126063890817022,0.2509678659647465,0.19378434378298398,0.9126063890570943,0.2509678659993526,0.19378434380945736,0.07095120442934455,0.02000000002640357,0.14015008002300533,0.05000000003835552,0.0690683214251872,0.12000000005766523,0.20827347970740948,0.309999999975024,0.22265214705082428,0.3099999999781227,0.10903818581722645,0.119999999954582,0.11206937078984748,0.04999999998288753,0.06779721075715531,0.019999999986959487,0.5000000000974483,0.48844308558494653,0.4999999999974638,0.5427916173204006,0.500000000045079,0.47474104369520354
D4_FULL_B_002,D4,FULL,B,2,126.062,0.8911958870706033,0.27938167331552044,0.23714922302241156,0.8911958870484579,0.2793816733501265,0.23714922305118596,0.05679486452084884,0.02000000002640357,0.1274598452946316,0.05000000003835552,0.10562693491315772,0.12000000005766523,0.18659933013296395,0.309999999975024,0.17328982441587168,0.3099999999781227,0.11510223718788012,0.119999999954582,0.15606280888628882,0.04999999998288753,0.0790641546483572,0.019999999986959487,0.5000000000974483,0.4764809748616021,0.4999999999974638,0.4726467714192323,0.500000000045079,0.49177443273616706
D4_FULL_B_003,D4,FULL,B,3,125.953,0.847414329800584,0.35086804382252645,0.29085678918741376,0.847414329761817,0.35086804385713255,0.29085678922299596,0.060048929448472864,0.02000000002640357,0.19710767841471877,0.05000000003835552,0.08871616748607926,0.12000000005766523,0.14967714785539835,0.309999999975024,0.17528152252505397,0.3099999999781227,0.09545711827633589,0.119999999954582,0.16734411460745394,0.04999999998288753,0.066367321386487,0.019999999986959487,0.5000000000974483,0.4955499232046692,0.4999999999974638,0.5278952486645815,0.500000000045079,0.49139073406706
D4_FULL_B_004,D4,FULL,B,4,126.015,0.8227074211584148,0.3638377586607957,0.2974026559230421,0.8227074211153165,0.3638377586954018,0.2974026559557989,0.1088768536599329,0.02000000002640357,0.18790638316627795,0.05000000003835552,0.061416777005052145,0.12000000005766523,0.11103843227077527,0.309999999975024,0.2158153231151894,0.3099999999781227,0.10789170891358142,0.119999999954582,0.1257397372776179,0.04999999998288753,0.0813147845915731,0.019999999986959487,0.5000000000974483,0.46923844610203824,0.4999999999974638,0.6204902688549817,0.500000000045079,0.5118486910577923
D4_FULL_B_005,D4,FULL,B,5,125.954,0.90474645586342,0.26505178647406,0.20766880292031092,0.904746455855177,0.2650517865086661,0.20766880293816728,0.04987705398331098,0.02000000002640357,0.11102866578311651,0.05000000003835552,0.07784714551108245,0.12000000005766523,0.22534372850757464,0.309999999975024,0.1965241211067176,0.3099999999781227,0.09523321836595915,0.119999999954582,0.15842781062600986,0.04999999998288753,0.08571825611622877,0.019999999986959487,0.5000000000974483,0.4640965937850846,0.4999999999974638,0.45266305923910427,0.500000000045079,0.4826761312271209
D4_L0_A_006,D4,L0,A,6,122.906,0.8484417470070904,0.15062101067962358,0.13524185283491774,0.5012949524132523,0.5193789893203764,0.5502700542248175,0.4528887058248844,0.5000000000974484,0.018150849098502286,0.0,0.04121126528842129,0.0,0.004763656735586549,0.0,0.39649028349549204,0.4999999999025517,0.034379042958289446,0.0,0.045630293062138914,0.0,0.006485903536685026,0.0,0.5000000000974484,0.5170144769473946,1.0,0.9019088813771682,1.0,0.9362205476709367
D4_L0_A_007,D4,L0,A,7,122.016,0.8254606172587132,0.17442629226291723,0.14943730987763124,0.5288543121096048,0.49557370773708276,0.5256996196054131,0.42244872416550916,0.5000000000974484,0.046047654985605965,0.0,0.05208989903931024,0.0,0.005527720184537281,0.0,0.4031249835715737,0.4999999999025517,0.03098454148262584,0.0,0.032480194816135524,0.0,0.007296281754702449,0.0,0.5000000000974484,0.5261139983749626,1.0,0.9026059042053147,1.0,0.9101438015925286
D4_L0_A_008,D4,L0,A,8,123.016,0.8555753023641917,0.1441553965551751,0.12402199686950197,0.5018196496028943,0.525844603444825,0.5461168200448,0.44310147679947,0.5000000000974484,0.025811624346432006,0.0,0.04755870421119148,0.0,0.004060507802459812,0.0,0.4127431266453549,0.4999999999025517,0.027267338580273633,0.0,0.02537440039307331,0.0,0.014082821221744748,0.0,0.5000000000974484,0.5205323131595533,1.0,0.9089235663715306,1.0,0.9287777080490897
D4_L0_A_009,D4,L0,A,9,121.078,0.9048843749432061,0.09467451207192032,0.08383125843709788,0.4913246661493506,0.5753254879280797,0.5728531204425032,0.47264163910662643,0.5000000000974484,0.014880574341807553,0.0,0.02682067783347028,0.0,0.01574442112907276,0.0,0.4326838488214533,0.4999999999025517,0.019782443850981577,0.0,0.011510247626628767,0.0,0.005936147289959335,0.0,0.5000000000974484,0.5300873124109771,1.0,0.9399885061208689,1.0,0.9436564133881787
D4_L0_A_010,D4,L0,A,10,121.125,0.9145650488206543,0.08535183697319887,0.07577412845597084,0.42476691613522743,0.5846481630268011,0.5795743800427812,0.4660426450164271,0.5000000000974484,0.008980523703638494,0.0,0.031724779864982885,0.0,0.0007679433921984327,0.0,0.44860551801037407,0.4999999999025517,0.010890939690346029,0.0,0.026413943745188347,0.0,0.006573706576844694,0.0,0.5000000000974484,0.5075158919772469,1.0,0.9345196264207858,1.0,0.9727868866369724
D4_L01_A_006,D4,L01,A,6,120.938,0.8873548886812701,0.11115793403298765,0.09387352534816587,0.7457307811524914,0.39662489933910244,0.3985003965856985,0.06575462874344465,0.07000000006475912,0.021178543120481095,0.0,0.36000914448598914,0.43000000003268934,0.02567344088770593,0.0,0.4119915607401334,0.4299999999327046,0.03652311665271051,0.0,0.051086731997445206,0.06999999996984699,0.02778283337209009,0.0,0.5000000000974485,0.47261575723762084,0.4999999999974637,0.5354478492567696,1.0000000000000002,0.8888420659670123
D4_L01_A_007,D4,L01,A,7,121.921,0.8695858508565333,0.1285282407650734,0.10415919292350063,0.7567882817289444,0.38432437049408175,0.3935678452197289,0.05872335381760636,0.07000000006475912,0.023844355515801923,0.0,0.3588278343330758,0.43000000003268934,0.025005191175838166,0.0,0.40756290730423905,0.4299999999327046,0.05046841903427277,0.0,0.04635766378000537,0.06999999996984699,0.029210275039160474,0.0,0.5000000000974485,0.46640073484232225,0.4999999999974637,0.5405990356719201,1.0000000000000002,0.8714717592349266
D4_L01_A_008,D4,L01,A,8,124.016,0.9187333684366162,0.07355183424068679,0.059245575177263206,0.6711446150326608,0.45133408231258587,0.4538653291673706,0.048618796397536204,0.07000000006475912,0.013382344714796659,0.0,0.4241020596948959,0.43000000003268934,0.012142851267675812,0.0,0.4219189865783337,0.4299999999327046,0.021332398616394178,0.0,0.0318083230885475,0.06999999996984699,0.02669423964182018,0.0,0.5000000000974485,0.4982460520749046,0.4999999999974637,0.5052525263070607,1.0000000000000002,0.9264481657593133
D4_L01_A_009,D4,L01,A,9,123.031,0.8657383258509956,0.1337512846423149,0.10990750615706296,0.7863006581888988,0.36875211722359547,0.3765777589908247,0.05938644180127457,0.07000000006475912,0.03382642313970077,0.0,0.35397963822474277,0.43000000003268934,0.043863619200290985,0.0,0.3927096368120564,0.4299999999327046,0.033557840436412745,0.0,0.060172998519611415,0.06999999996984699,0.022503401865910357,0.0,0.5000000000974485,0.4910561223660091,0.4999999999974637,0.5194803421894445,1.0000000000000002,0.8662487153576851
D4_L01_A_010,D4,L01,A,10,123.046,0.896780373536027,0.10240396119271401,0.08493344545957934,0.7156093995496479,0.40724652643168735,0.4274135855973445,0.05631791007866266,0.07000000006475912,0.02366177333612736,0.0,0.41133442329607406,0.43000000003268934,0.020244678238594806,0.0,0.3671949197294525,0.4299999999327046,0.028847021993590526,0.0,0.06274878570309686,0.06999999996984699,0.02965048762440134,0.0,0.5000000000974485,0.5115587849494588,0.4999999999974637,0.476021625137833,1.0000000000000002,0.8975960388072861
D4_FULL_A_006,D4,FULL,A,6,125.985,0.8663646526689744,0.3226092092305455,0.26287526618632495,0.8663646526339747,0.3226092092651515,0.26287526622313173,0.062020309435252635,0.020000000026403574,0.14636598785553148,0.05000000003835553,0.11173631085077344,0.12000000005766528,0.17412757442958138,0.30999999997502403,0.17185906275613624,0.30999999997812266,0.07966784269835737,0.11999999995458202,0.1724680770059686,0.04999999998288754,0.0817548349683988,0.019999999986959498,0.5000000000974485,0.49425018257113895,0.4999999999974638,0.4599132027452777,0.500000000045079,0.518083760048131
D4_FULL_A_007,D4,FULL,A,7,126.062,0.9318514186987475,0.2092766292648861,0.17461445596685957,0.9318514186774169,0.20927662935715746,0.1746144560032758,0.05757908452858435,0.020000000026403574,0.09096159782050099,0.05000000003835553,0.12778112661900282,0.12000000005766528,0.20683040144091286,0.30999999997502403,0.21559505393350833,0.30999999997812266,0.10829791526842138,0.11999999995458202,0.10486380302202876,0.04999999998288754,0.08809101736704057,0.019999999986959498,0.5000000000974485,0.483152210409001,0.4999999999974638,0.472433651551015,0.500000000045079,0.5058190681031243
D4_FULL_A_008,D4,FULL,A,8,125.985,0.874941115012228,0.3079817206653791,0.2570723024466054,0.8749411149738541,0.3079817206999852,0.2570723024870215,0.056529109852119466,0.020000000026403574,0.15652146877820877,0.05000000003835553,0.11904791034641261,0.12000000005766528,0.1716901184837636,0.30999999997502403,0.1778102589231369,0.30999999997812266,0.08346999154670169,0.11999999995458202,0.1630002214603116,0.04999999998288754,0.07193092060934538,0.019999999986959498,0.5000000000974485,0.5037886074605045,0.4999999999974638,0.47433082910016683,0.500000000045079,0.5163875005819806
D4_FULL_A_009,D4,FULL,A,9,126.109,0.9053647885426593,0.2462260746326379,0.1965758363059051,0.9053647884950891,0.246226074667244,0.19657583634819184,0.0972759633668156,0.020000000026403574,0.14596561981362655,0.05000000003835553,0.0802513692186636,0.12000000005766528,0.18487809855358445,0.30999999997502403,0.2726187201292303,0.30999999997812266,0.07602573743127772,0.11999999995458202,0.0757410362087169,0.04999999998288754,0.067243455278085,0.019999999986959498,0.5000000000974485,0.5083710509526902,0.4999999999974638,0.5918860407409502,0.500000000045079,0.5258870889234264
D4_FULL_A_010,D4,FULL,A,10,127.078,0.9032762647493129,0.23646568694679287,0.21768138748095053,0.9032762647052136,0.23646568693598097,0.21768138751752059,0.1019961824558096,0.020000000026403574,0.12493677404049239,0.05000000003835553,0.10213845561402934,0.12000000005766528,0.13845100364698865,0.30999999997502403,0.26294485380300103,0.30999999997812266,0.12399908644231158,0.11999999995458202,0.09814358327806873,0.04999999998288754,0.04739006071929867,0.019999999986959498,0.5000000000974485,0.46752241575731995,0.4999999999974638,0.6138768967416146,0.500000000045079,0.5652230751509087
D4_FULL_B_006,D4,FULL,B,6,126.094,0.8680510839644401,0.2997419875362363,0.253795874631319,0.8680510839336405,0.2997419875254244,0.2537958746595174,0.0813662635539924,0.02000000002640357,0.1587682867313959,0.05000000003835552,0.07282776101867246,0.12000000005766523,0.12671036152907633,0.309999999975024,0.2407198899268268,0.3099999999781227,0.1216255278620966,0.119999999954582,0.11533543139421067,0.04999999998288753,0.08264647798372889,0.019999999986959487,0.5000000000974483,0.4396726728331371,0.4999999999974638,0.6024799680743117,0.500000000045079,0.5102493458937023
D4_FULL_B_007,D4,FULL,B,7,126.0,0.8825741317728876,0.28423383720571316,0.25076064772946816,0.8825741317567852,0.28423383719490125,0.2507606477529023,0.03230196928307606,0.02000000002640357,0.1928461796306862,0.05000000003835552,0.0655048595681673,0.12000000005766523,0.14271124300055585,0.309999999975024,0.2475500602363756,0.3099999999781227,0.13082989523344898,0.119999999954582,0.12254032596653067,0.04999999998288753,0.06571546708115938,0.019999999986959487,0.5000000000974483,0.4333642514824855,0.4999999999974638,0.6035281043835868,0.500000000045079,0.4678972150541496
D4_FULL_B_008,D4,FULL,B,8,126.031,0.8590697259941354,0.31767400343802343,0.27667543545852974,0.8590697259475852,0.31767400347262953,0.27667543549742346,0.07413510653610766,0.02000000002640357,0.21316120684489986,0.05000000003835552,0.08216563174332468,0.12000000005766523,0.13580103715060476,0.309999999975024,0.20925527421701007,0.3099999999781227,0.11510405341643094,0.119999999954582,0.10231944937773726,0.04999999998288753,0.06805824071388475,0.019999999986959487,0.5000000000974483,0.505262982274937,0.4999999999974638,0.6116556410144486,0.500000000045079,0.4678754618741797
D4_FULL_B_009,D4,FULL,B,9,126.0,0.90252214183756,0.2673550257800766,0.2078292852888975,0.9025221418085713,0.2673550258146827,0.20782928531938363,0.07765612371053505,0.02000000002640357,0.12780299144486093,0.05000000003835552,0.08456471143332102,0.12000000005766523,0.23586877510431153,0.309999999975024,0.17762751215253522,0.3099999999781227,0.0945839754951495,0.119999999954582,0.12588938661627283,0.04999999998288753,0.07600652404301383,0.019999999986959487,0.5000000000974483,0.5258926016930285,0.4999999999974638,0.4776706028030807,0.500000000045079,0.46573773391266415
D4_FULL_B_010,D4,FULL,B,10,126.219,0.8895042060672149,0.2811121451457317,0.23370623869437512,0.8895042060340507,0.2811121451803378,0.23370623873281,0.05560217904298011,0.02000000002640357,0.14111373992167822,0.05000000003835552,0.1156859385834802,0.12000000005766523,0.225658365544538,0.309999999975024,0.15429380355524144,0.3099999999781227,0.08324974713640253,0.119999999954582,0.14139594405724096,0.04999999998288753,0.08300028215843842,0.019999999986959487,0.5000000000974483,0.5380602230926765,0.4999999999974638,0.43425946965630235,0.500000000045079,0.4669778652389427
D4_L0_A_011,D4,L0,A,11,124.14,0.8461888041106246,0.15344790587589813,0.13276768629378424,0.5317399676715018,0.5165520941241019,0.5385561746756388,0.4408092140589211,0.5000000000974484,0.021883581528394473,0.0,0.04820698925204876,0.0,0.010614301747422282,0.0,0.4057428800651808,0.4999999999025517,0.03168269322101099,0.0,0.035974708930972564,0.0,0.005085631196049028,0.0,0.5000000000974484,0.5215140865867867,1.0,0.9001183688735074,1.0,0.9307337923071232
D4_L0_A_012,D4,L0,A,12,121.969,0.8922427555605585,0.10771635707161473,0.09194813520485688,0.4898721217244541,0.5622836429283853,0.5606802584688965,0.4521818097744127,0.5000000000974484,0.015465109688416247,0.0,0.03889709108701438,0.0,0.007851986896309317,0.0,0.4401018331539725,0.4999999999025517,0.017273535432780093,0.0,0.020008379120237074,0.0,0.008220254846857464,0.0,0.5000000000974484,0.5143959974461526,1.0,0.9250222880495815,1.0,0.9511891131356367
D4_L0_A_013,D4,L0,A,13,124.078,0.824783206625298,0.17452037142397395,0.1515988997661098,0.5584226689249855,0.49547962857602607,0.527589472008434,0.4367063979731154,0.5000000000974484,0.025829682256161696,0.0,0.05424401511473956,0.0,0.015140233645369015,0.0,0.38877323060291075,0.4999999999025517,0.041836807319498424,0.0,0.03125748892175733,0.0,0.0062121441664479485,0.0,0.5000000000974484,0.5319203289893856,1.0,0.8931461181516863,1.0,0.9109811326125229
D4_L0_A_014,D4,L0,A,14,121.953,0.8387566334609003,0.16121386183151223,0.13817882138671672,0.5486902833813293,0.5087861381684877,0.5255178066995524,0.42436773188895477,0.5000000000974484,0.03284099108252401,0.0,0.05904931195618531,0.0,0.012465707172965442,0.0,0.414418406279533,0.4999999999025517,0.029805947601789794,0.0,0.019604375215754165,0.0,0.007447528802293482,0.0,0.5000000000974484,0.5287237421006296,1.0,0.9014330768528016,1.0,0.9174398253404272
D4_L0_A_015,D4,L0,A,15,123.891,0.850509030450703,0.14948838295850486,0.12691002936801457,0.5216771535042847,0.5205116170414952,0.5339774479680865,0.42673902093736393,0.5000000000974484,0.027169765912500504,0.0,0.04769462972033809,0.0,0.005886373851939462,0.0,0.42377259610413126,0.4999999999025517,0.03078516660478957,0.0,0.029291831057607586,0.0,0.008660615811329667,0.0,0.5000000000974484,0.507489790422142,1.0,0.9084665495587854,1.0,0.9274980778194408
D4_L01_A_011,D4,L01,A,11,123.015,0.8992824711528297,0.10016082712099383,0.08028288977444979,0.7252928954299361,0.4074640618444171,0.4120683746638861,0.06438026675779117,0.07000000006475912,0.01265756028642591,0.0,0.3805259852487313,0.43000000003268934,0.020934918502719505,0.0,0.4014518997436123,0.4299999999327046,0.03894345936643745,0.0,0.053481021128871424,0.06999999996984699,0.027624888965410946,0.0,0.5000000000974485,0.4784987307956679,0.4999999999974637,0.5174331861542668,1.0000000000000002,0.8998391728790063
D4_L01_A_012,D4,L01,A,12,124.032,0.9088935417655735,0.08846964901988419,0.06942445076321106,0.7122125535858792,0.41987180921893946,0.4268013610550779,0.06059399043578272,0.07000000006475912,0.0100561743038705,0.0,0.3986631779800906,0.43000000003268934,0.01826203542734664,0.0,0.41061464080306614,0.4299999999327046,0.04285320226943256,0.0,0.04165854176117641,0.06999999996984699,0.017298237019234494,0.0,0.5000000000974485,0.4875753781470904,0.4999999999974637,0.5241180078121519,1.0000000000000002,0.9115303509801159
D4_L01_A_013,D4,L01,A,13,121.953,0.8764017813034459,0.13034068803019905,0.10566711782260206,0.7459454664371048,0.38109509024953636,0.39460204133957677,0.07867893146826463,0.07000000006475912,0.026794219497403224,0.0,0.36062502926550954,0.43000000003268934,0.02258459579548987,0.0,0.3890714643141271,0.4299999999327046,0.049563276132165324,0.0,0.0499628183254052,0.06999999996984699,0.022719665201635052,0.0,0.5000000000974485,0.48868277602666726,0.4999999999974637,0.5441078914119603,1.0000000000000002,0.8783382433733065
D4_L01_A_014,D4,L01,A,14,122.985,0.8771560097142449,0.13843998585405654,0.11477634300937507,0.7381129154632877,0.38823522625311957,0.3907653444912092,0.08865811976454555,0.07000000006475912,0.023215516506678333,0.0,0.34979355321591515,0.43000000003268934,0.02047829937455153,0.0,0.3829564148927861,0.4299999999327046,0.04807095786565054,0.0,0.058810045972483044,0.06999999996984699,0.028017092407389633,0.0,0.5000000000974485,0.48214548886169056,0.4999999999974637,0.5429010090296605,1.0000000000000002,0.8802181338457299
D4_L01_A_015,D4,L01,A,15,122.985,0.8626357370257077,0.13758382380240594,0.1106930414948697,0.7699805521933499,0.3762160861319318,0.388271012541874,0.07112395489708834,0.07000000006475912,0.022048864179875116,0.0,0.37270060058507054,0.43000000003268934,0.037976744016507635,0.0,0.3694276906915521,0.4299999999327046,0.04375830567168544,0.0,0.05028788485621227,0.06999999996984699,0.03267595510200848,0.0,0.5000000000974485,0.5038501636785416,0.4999999999974637,0.506358815440201,1.0000000000000002,0.8635401310299233
D4_FULL_A_011,D4,FULL,A,11,126.188,0.876729499829765,0.31272906418473967,0.2588733460977538,0.8767294997649381,0.3127290642770111,0.2588733461521555,0.07914626527056666,0.020000000026403574,0.17533727897052231,0.05000000003835553,0.1418481966066012,0.12000000005766528,0.18028536409024543,0.30999999997502403,0.16837486788760117,0.30999999997812266,0.07861070374514234,0.11999999995458202,0.1424001768758983,0.04999999998288754,0.03399714655342259,0.019999999986959498,0.5000000000974485,0.5766171049379356,0.4999999999974638,0.5014691158738325,0.500000000045079,0.5317695066406674
D4_FULL_A_012,D4,FULL,A,12,126.078,0.8775858901845063,0.30685301961704453,0.25666767512015304,0.8775858901486852,0.30685301970931583,0.25666767516060135,0.04936847077656059,0.020000000026403574,0.14080156916683317,0.05000000003835553,0.13282998823221215,0.12000000005766528,0.14996903687777782,0.30999999997502403,0.20360519778189012,0.30999999997812266,0.07957274563101627,0.11999999995458202,0.17519983838358377,0.04999999998288754,0.06865315315012625,0.019999999986959498,0.5000000000974485,0.47296906505338376,0.4999999999974638,0.47334798335630013,0.500000000045079,0.5610034951742466
D4_FULL_A_013,D4,FULL,A,13,127.0,0.8928817330750733,0.29064984328889726,0.23188818798355157,0.8928817330314163,0.2906498433811686,0.23188818803148017,0.07339816217564932,0.020000000026403574,0.11771373382819213,0.05000000003835553,0.15084905677445815,0.12000000005766528,0.20703086290707182,0.30999999997502403,0.15581872815661946,0.30999999997812266,0.08650056555514019,0.11999999995458202,0.13096188681408624,0.04999999998288754,0.07772700378878286,0.019999999986959498,0.5000000000974485,0.5489918156853714,0.4999999999974638,0.4334311897156011,0.500000000045079,0.5110278339208132
D4_FULL_A_014,D4,FULL,A,14,126.109,0.8619402184889363,0.3192424602466778,0.26226362078673826,0.8619402184447444,0.31924246028128384,0.26226362082611904,0.10524861423755863,0.020000000026403574,0.11846154304254047,0.05000000003835553,0.11841009026023364,0.12000000005766528,0.16982452581604432,0.30999999997502403,0.16486788672578093,0.30999999997812266,0.08765503691665717,0.11999999995458202,0.15890240715454598,0.04999999998288754,0.07662989584663871,0.019999999986959498,0.5000000000974485,0.5119447733563771,0.4999999999974638,0.4762330809225372,0.500000000045079,0.5474289983781192
D4_FULL_A_015,D4,FULL,A,15,126.047,0.9053263543869707,0.2665149241518053,0.2216631985315973,0.9053263543555468,0.26651492424407663,0.22166319857372668,0.04788162396065278,0.020000000026403574,0.1320346181597342,0.05000000003835553,0.13711734050214405,0.12000000005766528,0.18787497471647602,0.30999999997502403,0.1829443369636698,0.30999999997812266,0.10266576407577753,0.11999999995458202,0.1308951620434511,0.04999999998288754,0.07858617957809452,0.019999999986959498,0.5000000000974485,0.5049085573390071,0.4999999999974638,0.4655263431598343,0.500000000045079,0.4988384634699178
D4_FULL_B_011,D4,FULL,B,11,125.985,0.8948431730042922,0.27810638344152566,0.22047863835277276,0.8948431729764743,0.27810638347613176,0.2204786383807027,0.07669595112281401,0.02000000002640357,0.12586548426181182,0.05000000003835552,0.08317979668478694,0.12000000005766523,0.2438307748531116,0.309999999975024,0.1637930387335614,0.3099999999781227,0.09109000625240829,0.119999999954582,0.14625442944521294,0.04999999998288753,0.069290518646293,0.019999999986959487,0.5000000000974483,0.5295720069225244,0.4999999999974638,0.4574444803705955,0.500000000045079,0.4699232159863753
D4_FULL_B_012,D4,FULL,B,12,126.047,0.9147783403592564,0.2442924784870758,0.19925031562588447,0.9147783403244883,0.2442924785216819,0.19925031567149865,0.047230760391432765,0.02000000002640357,0.14609068196122496,0.05000000003835552,0.11913012468405046,0.12000000005766523,0.20842618968560683,0.309999999975024,0.20721789590104406,0.3099999999781227,0.08093331120761671,0.119999999954582,0.11093066242071567,0.04999999998288753,0.08004037374830851,0.019999999986959487,0.5000000000974483,0.5208777567223151,0.4999999999974638,0.4814726494613185,0.500000000045079,0.484509443397243
D4_FULL_B_013,D4,FULL,B,13,126.078,0.8936505315012762,0.2809215732849442,0.22365041440648997,0.8936505314838813,0.28092157331955026,0.2236504144297023,0.06302524788394782,0.02000000002640357,0.12513556904916695,0.05000000003835552,0.0817523641277967,0.12000000005766523,0.21245415612554822,0.309999999975024,0.1767218685058583,0.3099999999781227,0.10815003792124651,0.119999999954582,0.1454497603791701,0.04999999998288753,0.08731099600726548,0.019999999986959487,0.5000000000974483,0.48236733718645963,0.4999999999974638,0.47303272336021956,0.500000000045079,0.4669492408967729
D4_FULL_B_014,D4,FULL,B,14,125.938,0.9144085016338934,0.24849638286964323,0.19163922486107535,0.9144085016097384,0.24849638290424933,0.19163922489307791,0.06226033878411406,0.02000000002640357,0.11757240967303105,0.05000000003835552,0.09607204473686377,0.12000000005766523,0.23076226411791376,0.309999999975024,0.19654807912835054,0.3099999999781227,0.08812122911262263,0.119999999954582,0.12257710317865404,0.04999999998288753,0.08608653126845021,0.019999999986959487,0.5000000000974483,0.5066670573119226,0.4999999999974638,0.4645020566981183,0.500000000045079,0.47745756582798243
D4_FULL_B_015,D4,FULL,B,15,126.953,0.9063888591879832,0.2554630047427329,0.2063944189754065,0.906388859152699,0.255463004777339,0.2063944190136921,0.07285582135006846,0.02000000002640357,0.13062219896015073,0.05000000003835552,0.1043759013314959,0.12000000005766523,0.24180940097794076,0.309999999975024,0.16839284762452325,0.3099999999781227,0.08995884528870098,0.119999999954582,0.11379287899677523,0.04999999998288753,0.07819210547034454,0.019999999986959487,0.5000000000974483,0.5496633226196559,0.4999999999974638,0.4618297132234434,0.500000000045079,0.4594174493028629
D4_L0_A_016,D4,L0,A,16,120.046,0.8402068362974812,0.15969335438651305,0.1331171922674917,0.555218320109282,0.5103066456134869,0.5199516718633389,0.4109957866678569,0.5000000000974484,0.0380651959049123,0.0,0.03813092168439653,0.0,0.0158152253868709,0.0,0.4293108589456301,0.4999999999025517,0.022918558949432146,0.0,0.030169243661757498,0.0,0.014594208799143644,0.0,0.5000000000974484,0.5030071296440366,1.0,0.9012904004678315,1.0,0.908606810959641
D4_L0_A_017,D4,L0,A,17,119.954,0.9308817497061336,0.06911633875642947,0.05927996329111108,0.4381837196612898,0.6008836612435705,0.5825597477794073,0.466775777980564,0.5000000000974484,0.0015556048894879442,0.0,0.023188152438122597,0.0,0.010782451557311548,0.0,0.46410788326300645,0.4999999999025517,0.005348430718533021,0.0,0.009747807309906069,0.0,0.01849389184306819,0.0,0.5000000000974484,0.5023019868654861,1.0,0.9377876968515915,1.0,0.9638196209915991
D4_L0_A_018,D4,L0,A,18,122.906,0.8316882917032047,0.16811450664029737,0.14514789936478745,0.5357051428296852,0.5018854933597027,0.5281056838976185,0.4287493977209736,0.5000000000974484,0.021705077943105364,0.0,0.046353782879269584,0.0,0.006910468355701828,0.0,0.403136095638729,0.4999999999025517,0.051852855716203745,0.0,0.034785886288045915,0.0,0.006506435457970811,0.0,0.5000000000974484,0.5037187268990504,1.0,0.9054434270190118,1.0,0.913025162527018
D4_L0_A_019,D4,L0,A,19,121.032,0.8477345028254627,0.15216797075484878,0.1308385589880613,0.5237297425487302,0.5178320292451511,0.5361523959172255,0.43300867718143604,0.5000000000974484,0.023354251429897874,0.0,0.052099896394332657,0.0,0.007641052636331184,0.0,0.41482335206371523,0.4999999999025517,0.02627762920753768,0.0,0.03642085311319435,0.0,0.006374287973555055,0.0,0.5000000000974484,0.5161038776419978,1.0,0.897463909882587,1.0,0.9363527787526783
D4_L0_A_020,D4,L0,A,20,121.907,0.9166296083529368,0.08318805629646821,0.07319990252521909,0.45109935986678495,0.5903806567279491,0.5800894212715567,0.4713340027657866,0.5000000000974484,0.0052870710980997375,0.0,0.026298150905919058,0.0,0.011754143547619127,0.0,0.44547794093774523,0.4999999999025517,0.005129790394979688,0.0,0.011150187325433266,0.0,0.023568713024417282,0.0,0.5000000000974484,0.5146733683174245,1.0,0.9272288051966112,1.0,0.9542602819348841
D4_L01_A_016,D4,L01,A,16,135.141,0.881330400876502,0.12218621885103229,0.10091100643100016,0.7634304634669893,0.3825065678742059,0.3887963570706824,0.07469278678999726,0.07000000006475912,0.02943406459689563,0.0,0.3601742675264058,0.43000000003268934,0.03384227889760722,0.0,0.3926784238465092,0.4299999999327046,0.03672355442492077,0.0,0.054961089711293626,0.06999999996984699,0.017493534206370502,0.0,0.5000000000974485,0.4981433978109059,0.4999999999974637,0.5335288296583228,1.0000000000000002,0.8825065678742059
D4_L01_A_017,D4,L01,A,17,122.984,0.8799571842184946,0.11815153918368537,0.10123611834411964,0.7465201529831184,0.3863309713158265,0.39567102844414787,0.06985731360650277,0.07000000006475912,0.029149124203174195,0.0,0.3556527950951798,0.43000000003268934,0.02243649425840983,0.0,0.4075025194815748,0.4299999999327046,0.04324757758953218,0.0,0.0488358326330573,0.06999999996984699,0.02331834313256913,0.0,0.5000000000974485,0.4770957271632666,0.4999999999974637,0.549756534880784,1.0000000000000002,0.8818484608163146
D4_L01_A_018,D4,L01,A,18,122.984,0.9018863501165428,0.10572300218303447,0.09037164040458501,0.7309731064451018,0.4106325559648804,0.3998295401538765,0.0792357766381396,0.07000000006475912,0.021989710507032283,0.0,0.36008463617520525,0.43000000003268934,0.029957427149378633,0.0,0.4039556095559676,0.4299999999327046,0.0174203063787086,0.0,0.060236752021033506,0.06999999996984699,0.027119781574534384,0.0,0.5000000000974485,0.4912675504697558,0.4999999999974637,0.5226014030798481,1.0000000000000002,0.903512774390346
D4_L01_A_019,D4,L01,A,19,124.031,0.8974405825990581,0.10989182721259724,0.08953672630039022,0.7199864667298691,0.4171254196589571,0.4182210424059988,0.052002082161406366,0.07000000006475912,0.01452999837530655,0.0,0.3702593690304027,0.43000000003268934,0.0160320116607697,0.0,0.44312978056828817,0.4299999999327046,0.04446584864207752,0.0,0.037846721662889146,0.06999999996984699,0.021734187898859874,0.0,0.5000000000974485,0.4528234612278853,0.4999999999974637,0.5541277097470786,1.0000000000000002,0.9032379534229863
D4_L01_A_020,D4,L01,A,20,123.062,0.8934803133330625,0.10623998002125143,0.08739874539298469,0.7371068441770557,0.3989039204546329,0.41272373494940123,0.06134598765235762,0.07000000006475912,0.029024441687024446,0.0,0.39876276662477,0.43000000003268934,0.033700996628053405,0.0,0.3700027399038159,0.4299999999327046,0.01837064123028915,0.0,0.06364852579780501,0.06999999996984699,0.025143900475884322,0.0,0.5000000000974485,0.5228341925922054,0.4999999999974637,0.4787438104734871,1.0000000000000002,0.8937600199787485
D4_FULL_A_016,D4,FULL,A,16,126.0,0.870561842619212,0.3205792984557723,0.2620454311313532,0.8705618425872923,0.3205792984449604,0.2620454311565102,0.09477197230115439,0.020000000026403574,0.13551685824341755,0.05000000003835553,0.09213187147565319,0.12000000005766528,0.12306608599929113,0.30999999997502403,0.20422274408009528,0.30999999997812266,0.1718323660979525,0.11999999995458202,0.11618531170355587,0.04999999998288754,0.06227279009888015,0.019999999986959498,0.5000000000974485,0.44548678801951624,0.4999999999974638,0.6063439407226197,0.500000000045079,0.5073118995604587
D4_FULL_A_017,D4,FULL,A,17,126.015,0.6954078787978559,0.49929645204170486,0.4147193629906401,0.6954078787599579,0.4992964521339762,0.4147193630230549,0.07861374668331896,0.020000000026403574,0.1441230162705823,0.05000000003835553,0.12615428724695507,0.12000000005766528,0.06948633070469813,0.30999999997502403,0.11593758800326212,0.30999999997812266,0.05527962915806356,0.11999999995458202,0.2520293503360591,0.04999999998288754,0.1583760515970608,0.019999999986959498,0.5000000000974485,0.41837738090555443,0.4999999999974638,0.3939539801152269,0.500000000045079,0.5727349722695952
D4_FULL_A_018,D4,FULL,A,18,126.016,0.8741524431312131,0.2882073441196823,0.25610817395027735,0.8741524430810336,0.2882073441088704,0.25610817398789454,0.10116700661229328,0.020000000026403574,0.16689509815013265,0.05000000003835553,0.09756925775663768,0.12000000005766528,0.11901003182463442,0.30999999997502403,0.23521336630985742,0.30999999997812266,0.145008738496741,0.11999999995458202,0.07951176086201318,0.04999999998288754,0.0556247399876902,0.019999999986959498,0.5000000000974485,0.484641394343698,0.4999999999974638,0.6482842095690243,0.500000000045079,0.5134613915408015
D4_FULL_A_019,D4,FULL,A,19,127.047,0.8728837683248153,0.30066245823708593,0.24349891619986824,0.8728837682881474,0.30066245832935723,0.24349891624091413,0.07675601579795674,0.020000000026403574,0.1200788842463697,0.05000000003835553,0.12486097640843001,0.12000000005766528,0.1586416080669881,0.30999999997502403,0.2015847806040544,0.30999999997812266,0.07911115299960025,0.11999999995458202,0.11826872244865151,0.04999999998288754,0.1206978594279493,0.019999999986959498,0.5000000000974485,0.48033748451974456,0.4999999999974638,0.4775308336479811,0.500000000045079,0.5214704952590926
D4_FULL_A_020,D4,FULL,A,20,125.921,0.8980413571059467,0.2744047682321274,0.21773926728034518,0.8980413570676156,0.27440476832439875,0.21773926732751692,0.07128766800979026,0.020000000026403574,0.10833617754686668,0.05000000003835553,0.14515484338833376,0.12000000005766528,0.17105612469202255,0.30999999997502403,0.2101688173464182,0.30999999997812266,0.08437028963716046,0.11999999995458202,0.10472620615535268,0.04999999998288754,0.10489987322405538,0.019999999986959498,0.5000000000974485,0.4958348136370133,0.4999999999974638,0.4741629525402356,0.500000000045079,0.5313375348998949
D4_FULL_B_016,D4,FULL,B,16,125.938,0.8562709243714558,0.3288999991175973,0.29076814525126204,0.8562709243560519,0.32889999915220347,0.2907681452761164,0.02775078608202218,0.02000000002640357,0.15860114369978412,0.05000000003835552,0.09735892323967099,0.12000000005766523,0.16341925702303395,0.309999999975024,0.17043997282907575,0.3099999999781227,0.09988184775601594,0.119999999954582,0.22039585823526991,0.04999999998288753,0.06215221113512727,0.019999999986959487,0.5000000000974483,0.44713011004451125,0.4999999999974638,0.456673750366898,0.500000000045079,0.5159455403860389
D4_FULL_B_017,D4,FULL,B,17,126.047,0.8553970583575851,0.3263171473568458,0.2871908370499735,0.8553970583228511,0.3263171473460339,0.28719083708132503,0.05594314148341037,0.02000000002640357,0.19080355136705632,0.05000000003835552,0.10000937602917374,0.12000000005766523,0.1010223739262785,0.309999999975024,0.2126511026985138,0.3099999999781227,0.16096049886930314,0.119999999954582,0.11519356486660916,0.04999999998288753,0.06341639075965494,0.019999999986959487,0.5000000000974483,0.44777844280591894,0.4999999999974638,0.6203582944182837,0.500000000045079,0.4837971850777071
D4_FULL_B_018,D4,FULL,B,18,124.969,0.8890451879209402,0.2856286553472263,0.2346511028850975,0.8890451879309427,0.28562865533641446,0.23465110288795152,0.0435046007393195,0.02000000002640357,0.0996091025151763,0.05000000003835552,0.06147580045458652,0.12000000005766523,0.21101012224321797,0.309999999975024,0.18188542196578106,0.3099999999781227,0.13346283866432915,0.119999999954582,0.1842972221316686,0.04999999998288753,0.08475489128592088,0.019999999986959487,0.5000000000974483,0.41559962595230027,0.4999999999974638,0.458461963884606,0.500000000045079,0.47116304529135566
D4_FULL_B_019,D4,FULL,B,19,125.062,0.9146768716799814,0.24198799302327917,0.20484740527521106,0.9146768716611682,0.2419879930578852,0.2048474053042633,0.04467835141861747,0.02000000002640357,0.13132349493263581,0.05000000003835552,0.099637880467979,0.12000000005766523,0.1728754575378219,0.309999999975024,0.233316457061253,0.3099999999781227,0.11218221187506089,0.119999999954582,0.13092698090146232,0.04999999998288753,0.07505916580516969,0.019999999986959487,0.5000000000974483,0.44851518435705423,0.4999999999974638,0.5215005152875671,0.500000000045079,0.5085596698493118
D4_FULL_B_020,D4,FULL,B,20,126.031,0.8483189747588775,0.33928886267169894,0.2710130605077888,0.848318974719295,0.33928886266088704,0.2710130605378026,0.1153157055383356,0.02000000002640357,0.17442585823326126,0.05000000003835552,0.05723316205256948,0.12000000005766523,0.15659133730861025,0.309999999975024,0.18688663797793326,0.3099999999781227,0.12838537151380358,0.119999999954582,0.1064770427342724,0.04999999998288753,0.07468488464121423,0.019999999986959487,0.5000000000974483,0.5035660631327765,0.4999999999974638,0.6050135732633337,0.500000000045079,0.46591254830311074
D4_L0_A_021,D4,L0,A,21,122.141,0.9236568977431261,0.07634175472014074,0.06583155287798788,0.44246012982120064,0.5936582452798592,0.5784744872653724,0.4607134787013358,0.5000000000974484,0.0161747816060841,0.0,0.026824404693550512,0.0,0.005479472525418259,0.0,0.4629447665785235,0.4999999999025517,0.004937392963779883,0.0,0.019173351811648236,0.0,0.0037523511196597384,0.0,0.5000000000974484,0.5091921375263886,1.0,0.9447704198497233,1.0,0.9696560017850581
D4_L0_A_022,D4,L0,A,22,123.984,0.8357682536145128,0.1629515457215342,0.1489179074470821,0.5153099389491489,0.5070484542784658,0.5449723551036727,0.45123433381145545,0.5000000000974484,0.020132363240166717,0.0,0.05914104320516839,0.0,0.00746189394674767,0.0,0.3858141204670104,0.4999999999025517,0.025644772915677037,0.0,0.04608227073052346,0.0,0.004489201683250952,0.0,0.5000000000974484,0.5379696342035383,1.0,0.8828255904343096,1.0,0.9422717682141577
D4_L0_A_023,D4,L0,A,23,120.969,0.8571782330455116,0.14147056071744332,0.1293138824941134,0.5088568402211686,0.5285294392825567,0.5567105415486042,0.4632974183357241,0.5000000000974484,0.015488662315938349,0.0,0.04565600847029775,0.0,0.008276705881538598,0.0,0.39523202094683263,0.4999999999025517,0.03095984660668759,0.0,0.03062233525624842,0.0,0.01046700218673258,0.0,0.5000000000974484,0.5327187950034988,1.0,0.9049779482051827,1.0,0.9348077830091029
D4_L0_A_024,D4,L0,A,24,121.859,0.9085482069367687,0.09144319817923574,0.0772105521140407,0.4653926235442268,0.5785568018207643,0.5708739653602772,0.45707283590473524,0.5000000000974484,0.023132069099548992,0.0,0.023408503134830037,0.0,0.007349624016055731,0.0,0.451483965916029,0.4999999999025517,0.009377448908494759,0.0,0.022543168969906442,0.0,0.0056323840503997155,0.0,0.5000000000974484,0.51096303215517,1.0,0.9410663198288081,1.0,0.9545084739255008
D4_L0_A_025,D4,L0,A,25,123.0,0.8372643587224429,0.1619070680653556,0.14126943477514636,0.535846794935656,0.5080929319346444,0.5391830201016251,0.44538531224923644,0.5000000000974484,0.02886362030539841,0.0,0.04160543541164551,0.0,0.010875781910676355,0.0,0.392707619685408,0.4999999999025517,0.039851281142451796,0.0,0.03383537543031156,0.0,0.006875573864872018,0.0,0.5000000000974484,0.5267301498769568,1.0,0.9068078333824947,1.0,0.9135337427766015
D4_L01_A_021,D4,L01,A,21,122.938,0.8924468751311985,0.10681568958859813,0.09689229149462492,0.7432299648760539,0.3931843104114019,0.3973546046008694,0.062208936508090826,0.07000000006475912,0.02862718345304499,0.0,0.35986193004413203,0.43000000003268934,0.020341615080997237,0.0,0.40324110532987717,0.4299999999327046,0.048685440562549184,0.0,0.06787233852930183,0.06999999996984699,0.009161450492006616,0.0,0.5000000000974485,0.4710396650862651,0.4999999999974637,0.5427626658535621,1.0000000000000002,0.8931843104114019
D4_L01_A_022,D4,L01,A,22,123.968,0.8616330603286565,0.13625873177876463,0.1184541957548301,0.7649954847248104,0.3680722453266313,0.38394689766213214,0.06447377897920298,0.07000000006475912,0.0274332425556232,0.0,0.345101806396991,0.43000000003268934,0.02429260990688009,0.0,0.40655997010666867,0.4299999999327046,0.06259618947249267,0.0,0.0476057127383728,0.06999999996984699,0.021936689843768675,0.0,0.5000000000974485,0.46130143783869726,0.4999999999974637,0.5610631811139875,1.0000000000000002,0.8637412682212354
D4_L01_A_023,D4,L01,A,23,122.969,0.8730117265064715,0.1309960489793131,0.10612634264848272,0.7535713311065589,0.3872358070423647,0.3910103917027056,0.0753220113801539,0.07000000006475912,0.0216931601838759,0.0,0.3605220689627792,0.43000000003268934,0.028599809089963433,0.0,0.38620925882156526,0.4299999999327046,0.04247122368379583,0.0,0.052272623171583314,0.06999999996984699,0.032909844706283095,0.0,0.5000000000974485,0.48613704961677245,0.4999999999974637,0.5256956540693909,1.0000000000000002,0.8743259623360817
D4_L01_A_024,D4,L01,A,24,123.0,0.8540026610815142,0.14797873845742537,0.1256862438608571,0.7504616922792638,0.38919444458812713,0.38580144722036,0.07272326048557996,0.07000000006475912,0.020208411418456352,0.0,0.3555068277276141,0.43000000003268934,0.02839380105255538,0.0,0.36515192596140617,0.4299999999327046,0.042203342940861144,0.0,0.06136250778879524,0.06999999996984699,0.0544499226247316,0.0,0.5000000000974485,0.4768323006842058,0.4999999999974637,0.5002869408063036,1.0000000000000002,0.8547445219633955
D4_L01_A_025,D4,L01,A,25,121.094,0.8640775101297719,0.13575352342987018,0.1101419679127434,0.7754618347676504,0.3642464765701298,0.3837786762902164,0.0614716185876272,0.07000000006475912,0.041624030942405556,0.0,0.3610195874640924,0.43000000003268934,0.03482287883752061,0.0,0.3826362448319974,0.4299999999327046,0.04048547038086193,0.0,0.059119025686412835,0.06999999996984699,0.01882114326908207,0.0,0.5000000000974485,0.49893811583164577,0.4999999999974637,0.526217364742892,1.0000000000000002,0.8642464765701298
D4_FULL_A_021,D4,FULL,A,21,126.11,0.8953271946764153,0.2838162727902065,0.23343036643935308,0.895327194625887,0.2838162728824778,0.23343036649499624,0.054745286154839846,0.020000000026403574,0.16133369699634229,0.05000000003835553,0.152622371114645,0.12000000005766528,0.15597423477137523,0.30999999997502403,0.21347108003080967,0.30999999997812266,0.08673841231533728,0.11999999995458202,0.09388523669492527,0.04999999998288754,0.08122968192172549,0.019999999986959498,0.5000000000974485,0.5246755890372024,0.4999999999974638,0.516288475497329,0.500000000045079,0.5147239739952199
D4_FULL_A_022,D4,FULL,A,22,138.094,0.8808629177812103,0.27017232720903683,0.2426844684910731,0.8808629177320872,0.2701723271982249,0.24268446852960418,0.1095847221078836,0.020000000026403574,0.14641240136396308,0.05000000003835553,0.09905825199665673,0.12000000005766528,0.12564040780079463,0.30999999997502403,0.2451290130043237,0.30999999997812266,0.1291755767415011,0.11999999995458202,0.08286012266097002,0.04999999998288754,0.06213950432390708,0.019999999986959498,0.5000000000974485,0.48069578326929807,0.4999999999974638,0.6303017132176714,0.500000000045079,0.536632109769834
D4_FULL_A_023,D4,FULL,A,23,125.953,0.8966681201806255,0.2917561771254237,0.22275032929356317,0.8966681201342311,0.29175617721769503,0.22275032934761999,0.06666135239416861,0.020000000026403574,0.11923717352701975,0.05000000003835553,0.15934181210082557,0.12000000005766528,0.18409784418290942,0.30999999997502403,0.19413282241315197,0.30999999997812266,0.07001315618624353,0.11999999995458202,0.1198912640790425,0.04999999998288754,0.08662457511663853,0.019999999986959498,0.5000000000974485,0.5293381822049233,0.4999999999974638,0.45004450452058387,0.500000000045079,0.5400272509871886
D4_FULL_A_024,D4,FULL,A,24,126.156,0.8377675470792958,0.33576634818363943,0.2949467156826428,0.837767547015432,0.3357663481728275,0.29494671572601544,0.12996074660377052,0.020000000026403574,0.18998847750644743,0.05000000003835553,0.09941734219672327,0.12000000005766528,0.11685526447345908,0.30999999997502403,0.18796104515699014,0.30999999997812266,0.13657774271907222,0.11999999995458202,0.08222002317239295,0.04999999998288754,0.057019358171144376,0.019999999986959498,0.5000000000974485,0.5362218307804003,0.4999999999974638,0.6444880119862804,0.500000000045079,0.49955915712987686
D4_FULL_A_025,D4,FULL,A,25,125.985,0.8917141550167251,0.2832905727072883,0.23050893964410582,0.891714154956091,0.28329057279955966,0.23050893970109762,0.11553740926588064,0.020000000026403574,0.11149116000304672,0.05000000003835553,0.16166572369229165,0.12000000005766528,0.18541528451714553,0.30999999997502403,0.17297806238198662,0.30999999997812266,0.09831608030130823,0.11999999995458202,0.08378464920490089,0.04999999998288754,0.07081163063343981,0.019999999986959498,0.5000000000974485,0.5741095774783646,0.4999999999974638,0.4983227119522222,0.500000000045079,0.5339658445450598
D4_FULL_B_021,D4,FULL,B,21,125.968,0.8518968586155319,0.3462310670422427,0.28142777995929574,0.8518968585787884,0.3462310670768488,0.28142777999454605,0.061140018292661594,0.02000000002640357,0.16579876997559806,0.05000000003835552,0.10023552285092209,0.12000000005766523,0.18136440969593565,0.309999999975024,0.1552617198070275,0.3099999999781227,0.0769072805692659,0.119999999954582,0.18615088754553713,0.04999999998288753,0.07314139126305197,0.019999999986959487,0.5000000000974483,0.5085387208151173,0.4999999999974638,0.45910778864455304,0.500000000045079,0.5027881484961483
D4_FULL_B_022,D4,FULL,B,22,125.938,0.9146061971422002,0.25470539091951727,0.2088315600339936,0.9146061971080041,0.2547053910117886,0.20883156007770956,0.0526364213421844,0.02000000002640357,0.12002359569289578,0.05000000003835552,0.13972380606627885,0.12000000005766523,0.22140371837091471,0.309999999975024,0.17298761054021494,0.3099999999781227,0.09090328007708179,0.119999999954582,0.13885812130536615,0.04999999998288753,0.06346344660506342,0.019999999986959487,0.5000000000974483,0.5337875414722737,0.4999999999974638,0.4365509076523769,0.500000000045079,0.5042059592540443
D4_FULL_B_023,D4,FULL,B,23,125.14,0.8198699446290502,0.38472099122805226,0.32502541642455063,0.8198699446029569,0.38472099121724035,0.3250254164484589,0.05442308577253856,0.02000000002640357,0.19380682214847053,0.05000000003835552,0.0807444987834197,0.12000000005766523,0.09717262862872593,0.309999999975024,0.177361881370614,0.3099999999781227,0.1631432136517487,0.119999999954582,0.1771943443653169,0.04999999998288753,0.05615352527916571,0.019999999986959487,0.5000000000974483,0.42614703533315473,0.4999999999974638,0.5887350029433718,0.500000000045079,0.48972381029188916
D4_FULL_B_024,D4,FULL,B,24,124.0,0.8967355106332869,0.27731612688100976,0.21874681141514346,0.8967355106049084,0.2773161268701978,0.21874681143615443,0.09959221384072181,0.02000000002640357,0.1349498128022018,0.05000000003835552,0.06159036396816506,0.12000000005766523,0.1664168838460391,0.309999999975024,0.23467662531559794,0.3099999999781227,0.1491257023806988,0.119999999954582,0.10301649413628085,0.04999999998288753,0.05063190371029452,0.019999999986959487,0.5000000000974483,0.46254927445712773,0.4999999999974638,0.6183443543392203,0.500000000045079,0.49887569726076564
D4_FULL_B_025,D4,FULL,B,25,127.047,0.9001480536712387,0.26584667369307835,0.21728884372961982,0.9001480536484716,0.2658466736822664,0.21728884375602023,0.0772681139032198,0.02000000002640357,0.11352054487728161,0.05000000003835552,0.09473837523153218,0.12000000005766523,0.20296229673643332,0.309999999975024,0.1764526543497681,0.3099999999781227,0.12454635808053541,0.119999999954582,0.12647675157621427,0.04999999998288753,0.08403490524501538,0.019999999986959487,0.5000000000974483,0.4884893307484669,0.4999999999974638,0.4917876712108049,0.500000000045079,0.4749358950607343
D1_L0_A_001,D1,L0,A,1,117.86,0.9138469647704922,0.08605661831474148,0.07368224139675815,0.47774715536588913,0.6639433816852586,0.5676267121527556,0.46635839988166167,0.5000000000974484,0.021266927715836468,0.0,0.021083642517303047,0.0,0.003975491465144516,0.0,0.4475849818035969,0.4999999999025517,0.021758638765793197,0.0,0.010090790279950046,0.0,0.007881127570714193,0.0,0.5000000000974484,0.5126844615799457,1.0,0.9569689481668883,1.0,0.9451178144825116
D1_L0_A_002,D1,L0,A,2,124.094,0.9383534544574947,0.061375394687689724,0.057819709927839,0.42272854107227437,0.6886246053123103,0.5891707192217303,0.4852633322220326,0.5000000000974484,0.001182479738034641,0.0,0.023193214755856117,0.0,0.007453012853909897,0.0,0.45336127309027763,0.4999999999025517,0.005036065397433063,0.0,0.008371979986988565,0.0,0.016138641955467353,0.0,0.5000000000974484,0.5170920395698333,1.0,0.9448431504477779,1.0,0.970189800055155
D1_L0_A_003,D1,L0,A,3,121.906,0.9247463521383851,0.07492456635833308,0.0675932257503567,0.45839987913890323,0.675075433641667,0.5791533576031698,0.4799823986138353,0.5000000000974484,0.006339797218560382,0.0,0.02366533901891618,0.0,0.008622079167349117,0.0,0.44509303502783165,0.4999999999025517,0.007928644221399241,0.0,0.011583555643070566,0.0,0.01678515108903756,0.0,0.5000000000974484,0.518609614018661,1.0,0.9393438750816265,1.0,0.9603243283036538
D1_L0_A_004,D1,L0,A,4,122.031,0.8822474675979785,0.1175939341667763,0.10253687596887906,0.5201861852855083,0.6324060658332238,0.5443844767378792,0.45303193368736827,0.5000000000974484,0.013309774039577749,0.0,0.047754747824975116,0.0,0.008379393095892036,0.0,0.4293741321458555,0.4999999999025517,0.012562049296541153,0.0,0.018450238573321377,0.0,0.01713773133646887,0.0,0.5000000000974484,0.5224758486478132,1.0,0.9082778891693427,1.0,0.9486110522315203
D1_L0_A_005,D1,L0,A,5,123.063,0.9312439343052061,0.06799291370544877,0.06952741397024025,0.4307327488672428,0.6820070862945513,0.588609738037223,0.49266213774386447,0.5000000000974484,0.0025013930728024804,0.0,0.020918015216363366,0.0,0.005705910129213845,0.0,0.4393449485506868,0.4999999999025517,0.007269360671850547,0.0,0.009768517971902002,0.0,0.021829716643316493,0.0,0.5000000000974484,0.5217874561622442,1.0,0.9417778400392043,1.0,0.9626936194828166
D1_L01_A_001,D1,L01,A,1,122.906,0.8735296939981237,0.12998582850243687,0.12144656142354036,0.7499061427320235,0.3990690961589368,0.3116071200222141,0.1496334028893647,0.15000000008559006,0.016514690244447967,0.0,0.2792083071700171,0.35000000001185827,0.012788286945480488,0.0,0.29117246150037324,0.3499999999647435,0.021627926651134784,0.0,0.1560005567581268,0.14999999993780816,0.07305436784105507,0.0,0.5000000000974483,0.45814468724931023,0.5000000000503335,0.47894848128532064,1.0,0.8760147283178819
D1_L01_A_002,D1,L01,A,2,133.0,0.862363001314942,0.14531845531456716,0.13207487509028107,0.768899293938306,0.3823719573390707,0.30605892329868545,0.16247192815892686,0.15000000008559006,0.028955560063852696,0.0,0.248784657494857,0.35000000001185827,0.013023454053143998,0.0,0.31923702606042803,0.3499999999647435,0.025649028543932556,0.0,0.13665986104455768,0.14999999993780816,0.06521848458030105,0.0,0.5000000000974483,0.45323559977078054,0.5000000000503335,0.5363135428271402,1.0,0.8671534727587695
D1_L01_A_003,D1,L01,A,3,122.11,0.8486520846805479,0.14832495890628586,0.12887121124762047,0.8022026221432476,0.36039482247711196,0.2961121695658903,0.1304630981382642,0.15000000008559006,0.030649891643732257,0.0,0.25458411621800114,0.35000000001185827,0.015662746460406027,0.0,0.33870197983465056,0.3499999999647435,0.04329253941874979,0.0,0.12792584690279826,0.14999999993780816,0.05871978138339781,0.0,0.5000000000974483,0.43135985246040365,0.5000000000503335,0.5431075090353968,1.0,0.8516750410937142
D1_L01_A_004,D1,L01,A,4,124.031,0.8749955655673051,0.12385259650532104,0.11713900109599158,0.756289331237662,0.397595132007111,0.3108701568887151,0.14502616638358626,0.15000000008559006,0.01910626622162233,0.0,0.27137389755873553,0.35000000001185827,0.0179340691125779,0.0,0.3097473396145491,0.3499999999647435,0.015364532658688847,0.0,0.15094364106826477,0.14999999993780816,0.07050408738197543,0.0,0.5000000000974483,0.453440399276522,0.5000000000503335,0.48924430487844656,1.0,0.8770910446251357
D1_L01_A_005,D1,L01,A,5,134.968,0.8246177896074487,0.1980406699238756,0.2027505246940859,0.7381690280538187,0.39954089300115975,0.31477468363374433,0.1928368214318622,0.15000000008559006,0.008975801521937516,0.0,0.1872426025732087,0.35000000001185827,0.031507889578860755,0.0,0.3295233159603529,0.3499999999647435,0.009975415898041951,0.0,0.13519341145697275,0.14999999993780816,0.10474474157876322,0.0,0.5000000000974483,0.4205631151058692,0.5000000000503335,0.5413113548121946,1.0,0.8447961514223965
D1_FULL_A_001,D1,FULL,A,1,140.188,0.9060493112968959,0.2737797043069996,0.20797128755381222,0.9060493112829637,0.27377970433039767,0.2079712875721574,0.12194949866423924,0.050000000045292765,0.13418865002030467,0.10000000004029717,0.10732868067669236,0.15000000004191982,0.08515460843061227,0.1999999999699385,0.15422281140592523,0.20000000001053,0.07951419515637247,0.1499999999542136,0.16406588502462635,0.09999999996933852,0.15357567062122743,0.04999999996846967,0.5000000000974483,0.44862143779184854,0.5000000000503335,0.48987515524684155,0.5000000000670811,0.5475668757714832
D1_FULL_A_002,D1,FULL,A,2,136.125,0.8965281090882435,0.28879449620635095,0.2189630551007892,0.8965281090722222,0.28879449622974906,0.21896305512007472,0.10324723056283129,0.050000000045292765,0.14427656069306627,0.10000000004029717,0.12466713088657898,0.15000000004191982,0.09999936087140311,0.1999999999699385,0.13861261396653218,0.20000000001053,0.04792639804573666,0.1499999999542136,0.19934906787160098,0.09999999996933852,0.14192163710225048,0.04999999996846967,0.5000000000974483,0.47219028301387966,0.5000000000503335,0.43406280326816643,0.5000000000670811,0.5658760432875435
D1_FULL_A_003,D1,FULL,A,3,125.921,0.8857649566122627,0.3066495377384964,0.2293297705260734,0.8857649565731338,0.3066495377618945,0.2293297705668674,0.14820009041439847,0.050000000045292765,0.18007920957410462,0.10000000004029717,0.1190189254007163,0.15000000004191982,0.08744198115480241,0.1999999999699385,0.13143835267020793,0.20000000001053,0.05545120301237894,0.1499999999542136,0.14151974832077857,0.09999999996933852,0.13685048945261294,0.04999999996846967,0.5000000000974483,0.5347402065440218,0.5000000000503335,0.5151688556710899,0.5000000000670811,0.5401771168061013
D1_FULL_A_004,D1,FULL,A,4,126.047,0.8778891930906741,0.3285763598019287,0.24567271464373877,0.8778891930634309,0.32857635982532674,0.24567271467014676,0.1273121453436598,0.050000000045292765,0.18348194349913036,0.10000000004029717,0.11583950120277092,0.15000000004191982,0.06217008145808625,0.1999999999699385,0.1102005129416604,0.20000000001053,0.08321354457215571,0.1499999999542136,0.20184705609475026,0.09999999996933852,0.11593521488778633,0.04999999996846967,0.5000000000974483,0.48880367150364734,0.5000000000503335,0.5042081463566063,0.5000000000670811,0.5551992155828414
D1_FULL_A_005,D1,FULL,A,5,126.985,0.8959731294173979,0.280182658383037,0.21951378581667544,0.895973129388706,0.2801826584064351,0.21951378584852596,0.12376031771537296,0.050000000045292765,0.19047951432345586,0.10000000004029717,0.10624430941289478,0.15000000004191982,0.05259403681380464,0.1999999999699385,0.1456823318368145,0.20000000001053,0.115296663530051,0.1499999999542136,0.15349946593568256,0.09999999996933852,0.1124433604319238,0.04999999996846967,0.5000000000974483,0.4730781782655283,0.5000000000503335,0.5752188274056943,0.5000000000670811,0.5291864249007648
D1_FULL_B_001,D1,FULL,B,1,130.157,0.934444076742838,0.2368232910997376,0.18116511957488834,0.9344440767411537,0.23682329112313572,0.18116511958279538,0.07844266811730759,0.05000000004529276,0.15646035768415878,0.10000000004029716,0.0939897066515774,0.15000000004191988,0.09728348565805582,0.1999999999699385,0.16919306229395176,0.20000000001052992,0.10271045427327935,0.1499999999542136,0.19029463406290267,0.0999999999693385,0.11162563125876668,0.04999999996846965,0.5000000000974483,0.4261762181110996,0.5000000000503335,0.5068065423686975,0.500000000067081,0.5319200711257395
D1_FULL_B_002,D1,FULL,B,2,125.015,0.8956272784212168,0.32035536499038886,0.2316288196513896,0.8956272783997685,0.320355365013787,0.23162881967256002,0.11734323764651791,0.05000000004529276,0.199878433198579,0.10000000004029716,0.09101636796744833,0.15000000004191988,0.11059251701238537,0.1999999999699385,0.1020468537995829,0.20000000001052992,0.07598889620679646,0.1499999999542136,0.19743432999351845,0.0999999999693385,0.10569936417517163,0.04999999996846965,0.5000000000974483,0.5188305558249307,0.5000000000503335,0.4952574208514762,0.500000000067081,0.5078407894070676
D1_FULL_B_003,D1,FULL,B,3,125.954,0.9272135480747876,0.2452357490898236,0.19154604688598928,0.9272135480833383,0.24523574911322166,0.19154604688417298,0.06915472003663445,0.05000000004529276,0.14073272067940756,0.10000000004029716,0.10403612579331727,0.15000000004191988,0.09613709080340962,0.1999999999699385,0.15275182398892337,0.20000000001052992,0.10183921030112801,0.1499999999542136,0.19684543043121527,0.0999999999693385,0.13850287796596433,0.04999999996846965,0.5000000000974483,0.41006065731276886,0.5000000000503335,0.4644784750060934,0.500000000067081,0.5227881002500904
D1_FULL_B_004,D1,FULL,B,4,125.968,0.9074213398401315,0.27861190273513053,0.2121749150931472,0.907421339839136,0.2786119027585286,0.21217491510158,0.08093745970041492,0.05000000004529276,0.15573538037616463,0.10000000004029716,0.10042456619385948,0.15000000004191988,0.08666945257986942,0.1999999999699385,0.15547305323168936,0.20000000001052992,0.07882102523605308,0.1499999999542136,0.18638564862592888,0.0999999999693385,0.15555341405602013,0.04999999996846965,0.5000000000974483,0.42376685885030846,0.5000000000503335,0.47096691854432204,0.500000000067081,0.5232207277518927
D1_FULL_B_005,D1,FULL,B,5,125.891,0.9052368350995109,0.27462220803171344,0.21709744892702162,0.9052368351045365,0.2746222080551115,0.2170974489276325,0.0879792619394165,0.05000000004529276,0.12580679910986695,0.10000000004029716,0.11813493980687063,0.15000000004191988,0.08557496335399485,0.1999999999699385,0.1282637301515604,0.20000000001052992,0.09340415863246258,0.1499999999542136,0.19239321406844,0.0999999999693385,0.16844293293738805,0.04999999996846965,0.5000000000974483,0.4174959642101489,0.5000000000503335,0.43545394983330643,0.500000000067081,0.5267711459662876
D1_L0_A_006,D1,L0,A,6,122.0,0.9032514535710131,0.09613914013634395,0.08971756134591741,0.4835137262309294,0.6538608598636562,0.5641301822613914,0.4753920395051827,0.5000000000974484,0.010172390324664328,0.0,0.037061775900548294,0.0,0.0038845941471882394,0.0,0.4284688203584734,0.4999999999025517,0.015947105638529562,0.0,0.023421984564084904,0.0,0.005651289561328616,0.0,0.5000000000974484,0.5265107998775835,1.0,0.9299803558268499,1.0,0.9643446203282894
D1_L0_A_007,D1,L0,A,7,122.063,0.8636980321096066,0.13629778367499545,0.11757273421857278,0.5456389271182917,0.6137022163250045,0.5260877411463925,0.4337521339185274,0.5000000000974484,0.021131217446921598,0.0,0.051891299264362103,0.0,0.005797794560808327,0.0,0.4299500824064772,0.4999999999025517,0.024198827727959712,0.0,0.027017425395209113,0.0,0.00626121927973465,0.0,0.5000000000974484,0.5125724451906194,1.0,0.9090322614998858,1.0,0.9426109409845758
D1_L0_A_008,D1,L0,A,8,121.906,0.9288203247785357,0.07111206954818904,0.06309558006553452,0.44856516947390407,0.678887930451811,0.578552132156435,0.472368201772274,0.5000000000974484,0.004685157524208988,0.0,0.030735004358157136,0.0,0.004159228859357095,0.0,0.456519728679537,0.4999999999025517,0.01007917763814134,0.0,0.013113736426002717,0.0,0.008339764742321733,0.0,0.5000000000974484,0.5119475925139972,1.0,0.9436522656141614,1.0,0.9727366712359707
D1_L0_A_009,D1,L0,A,9,124.031,0.8607690169191599,0.13913812301903297,0.12007134602147741,0.5472885249715337,0.6108618769809671,0.526473925720463,0.43937135602059196,0.5000000000974484,0.022198514113845273,0.0,0.05129534459329178,0.0,0.0057291426243697265,0.0,0.42149052096037504,0.4999999999025517,0.02290642389460543,0.0,0.02878106471958264,0.0,0.008227633073338058,0.0,0.5000000000974484,0.5185943573520988,1.0,0.9059668149894177,1.0,0.9409382862938415
D1_L0_A_010,D1,L0,A,10,135.094,0.9564125775545633,0.051895070524867144,0.058115032689987134,0.38504751364169154,0.7073910080710172,0.6077200578703729,0.5092860786933326,0.5000000000974484,0.0042808760448989555,0.0,0.022527773087650322,0.0,0.001726511791496221,0.0,0.44810492937768454,0.4999999999025517,0.004884196811871193,0.0,0.0058478243438173545,0.0,0.0033418098492488365,0.0,0.5000000000974484,0.537821239617378,1.0,0.9665560809277873,1.0,0.9857666055024848
D1_L01_A_006,D1,L01,A,6,125.953,0.8469822412798427,0.15019520274473974,0.13121300142259415,0.8027302352091235,0.36537212882722053,0.29444322153420865,0.13628967928010105,0.15000000008559006,0.035068176851952605,0.0,0.2525305556437116,0.35000000001185827,0.02288688382681896,0.0,0.32919154912955484,0.3499999999647435,0.026672810494008003,0.0,0.1317930132018929,0.14999999993780816,0.06556733157196024,0.0,0.5000000000974483,0.44677529560258417,0.5000000000503335,0.5272222157556166,1.0,0.8498047972552605
D1_L01_A_007,D1,L01,A,7,121.984,0.8537116635414823,0.14312851341212607,0.13008859973635734,0.7718678432164517,0.38276075395033515,0.30865113879260536,0.1213876105363552,0.15000000008559006,0.02595202990953157,0.0,0.2592303263321799,0.35000000001185827,0.01038928198045625,0.0,0.3447594992357318,0.3499999999647435,0.03089793415967698,0.0,0.131494050483607,0.14999999993780816,0.07588926736246125,0.0,0.5000000000974483,0.4169592487585229,0.5000000000503335,0.5229970738412956,1.0,0.8568714865878738
D1_L01_A_008,D1,L01,A,8,130.922,0.8500297481619078,0.14781309915536428,0.13531028279708182,0.776986374782832,0.38432902099296284,0.29980039418619936,0.14838919146830734,0.15000000008559006,0.02202098478081839,0.0,0.2630435016371792,0.35000000001185827,0.018164090266876095,0.0,0.3006528013215151,0.3499999999647435,0.025485903959342696,0.0,0.1401014064176341,0.14999999993780816,0.08214212014832711,0.0,0.5000000000974483,0.45161776815318105,0.5000000000503335,0.49654888152998355,1.0,0.8521869008446358
D1_L01_A_009,D1,L01,A,9,120.969,0.8171638844345772,0.21842146525002532,0.21135053182616287,0.7571498203231458,0.388681356598075,0.3251828139676285,0.19203585822701652,0.15000000008559006,0.011570002631777558,0.0,0.17637788005572133,0.35000000001185827,0.029133687471182945,0.0,0.37063770982271066,0.3499999999647435,0.02061495329896449,0.0,0.1052006546439198,0.14999999993780816,0.0944292538487067,0.0,0.5000000000974483,0.40911742838569837,0.5000000000503335,0.5948585239804692,1.0,0.8442521027493682
D1_L01_A_010,D1,L01,A,10,123.016,0.7755177526967035,0.24815902697839443,0.24422119699071415,0.7605417120272333,0.3833921668371688,0.3233955026748889,0.2002843157118909,0.15000000008559006,0.020727549806229276,0.0,0.15507576030017675,0.35000000001185827,0.032417373275402964,0.0,0.35775486782024324,0.3499999999647435,0.016697697410103723,0.0,0.09676521267109536,0.14999999993780816,0.12027722300485803,0.0,0.5000000000974483,0.40850499909369986,0.5000000000503335,0.5954644307484672,1.0,0.8098801565034063
D1_FULL_A_006,D1,FULL,A,6,127.015,0.895386512544911,0.28192043528237387,0.22178480160608038,0.8953865125298706,0.281920435305772,0.22178480162643296,0.09555358151749876,0.050000000045292765,0.16462801794886298,0.10000000004029717,0.12136559419291718,0.15000000004191982,0.05289283626399369,0.1999999999699385,0.14846074299252188,0.20000000001053,0.0953603912447952,0.1499999999542136,0.19247419632199508,0.09999999996933852,0.12926463951741513,0.04999999996846967,0.5000000000974483,0.4344400299232726,0.5000000000503335,0.5040027337036789,0.5000000000670811,0.557854115024933
D1_FULL_A_007,D1,FULL,A,7,126.031,0.9245732031710513,0.25832523772214977,0.1949985404045315,0.9245732031574864,0.2583252377455479,0.1949985404259951,0.08425836529176123,0.050000000045292765,0.16883048900582528,0.10000000004029717,0.12713026275777048,0.15000000004191982,0.10011407482044139,0.1999999999699385,0.13651410900876051,0.20000000001053,0.07791631566747975,0.1499999999542136,0.1906038136500849,0.09999999996933852,0.11463256979787646,0.04999999996846967,0.5000000000974483,0.4803331918757984,0.5000000000503335,0.4675192789738268,0.5000000000670811,0.5385065507083772
D1_FULL_A_008,D1,FULL,A,8,126.047,0.8922379887524916,0.29714645047512134,0.22565929623587655,0.8922379887281605,0.29714645049851945,0.22565929626362063,0.11555103454505827,0.050000000045292765,0.16485510539140955,0.10000000004029717,0.12555305932334943,0.15000000004191982,0.064463705106301,0.1999999999699385,0.13836910403971037,0.20000000001053,0.07446768103211981,0.1499999999542136,0.18819669100950084,0.09999999996933852,0.12854361955255078,0.04999999996846967,0.5000000000974483,0.4704229043661182,0.5000000000503335,0.49324292500829797,0.5000000000670811,0.5676698889176189
D1_FULL_A_009,D1,FULL,A,9,125.937,0.910568779528724,0.26587585173234246,0.21048588555512765,0.9105687795174511,0.2658758517557406,0.21048588557246725,0.09065082618705106,0.050000000045292765,0.1521002713927947,0.10000000004029717,0.13668291860481022,0.15000000004191982,0.07041359726263126,0.1999999999699385,0.13099667920800168,0.20000000001053,0.09603095316881631,0.1499999999542136,0.19895578450103393,0.09999999996933852,0.12416896967486091,0.04999999996846967,0.5000000000974483,0.44984761344728724,0.5000000000503335,0.46977872995666375,0.5000000000670811,0.5572862085008968
D1_FULL_A_010,D1,FULL,A,10,125.953,0.9291340874722819,0.23839395118007037,0.1872500335182308,0.9291340874483394,0.23839395120346846,0.18725003355103928,0.09874155900796168,0.050000000045292765,0.16795025911257075,0.10000000004029717,0.1393961953532479,0.15000000004191982,0.08043652047894377,0.1999999999699385,0.1443273932386031,0.20000000001053,0.09744593972573676,0.1499999999542136,0.17489845909874246,0.09999999996933852,0.09680367398419357,0.04999999996846967,0.5000000000974483,0.4865245339527241,0.5000000000503335,0.5084651510848723,0.5000000000670811,0.5573636066985552
D1_FULL_B_006,D1,FULL,B,6,122.985,0.8675310560556123,0.29356272784212123,0.24164640182734445,0.8675310560250972,0.2935627278655193,0.24164640185676434,0.16649044222414683,0.05000000004529276,0.1661151137979866,0.10000000004029716,0.08191513464835687,0.15000000004191988,0.04453376483071111,0.1999999999699385,0.15786973370319063,0.20000000001052992,0.12211863895222204,0.1499999999542136,0.1171485954657793,0.0999999999693385,0.14380857637760658,0.04999999996846965,0.5000000000974483,0.4590544555012014,0.5000000000503335,0.6125939286775461,0.500000000067081,0.5234239060414736
D1_FULL_B_007,D1,FULL,B,7,126.078,0.8942069226836831,0.30005488739470365,0.2229408282437033,0.8942069226785957,0.3000548874181017,0.22294082825296493,0.09708290004283646,0.05000000004529276,0.15729672247704465,0.10000000004029716,0.07689756171992064,0.15000000004191988,0.09713760443317622,0.1999999999699385,0.16451626550362017,0.20000000001052992,0.06139368092518131,0.1499999999542136,0.19439668239631275,0.0999999999693385,0.1512785825019079,0.04999999996846965,0.5000000000974483,0.42841478867297794,0.5000000000503335,0.48028956894868263,0.500000000067081,0.53289340966269
D1_FULL_B_008,D1,FULL,B,8,127.109,0.9083816768793016,0.2804522629001218,0.22638668529428993,0.9083816768902001,0.28045226292351993,0.22638668528716713,0.07200552698131467,0.05000000004529276,0.13171465252518266,0.10000000004029716,0.10482195203692983,0.15000000004191988,0.09579019806594767,0.1999999999699385,0.12707187476218998,0.20000000001052992,0.09186371221141267,0.1499999999542136,0.24842365002720235,0.0999999999693385,0.12830843338982034,0.04999999996846965,0.5000000000974483,0.4043323296093749,0.5000000000503335,0.42265576648009995,0.500000000067081,0.5523230038076368
D1_FULL_B_009,D1,FULL,B,9,126.078,0.8824119472085601,0.30336416884480116,0.23721868950925712,0.8824119472075255,0.3033641688681992,0.23721868951655253,0.08333101063142322,0.05000000004529276,0.14483871561226372,0.10000000004029716,0.1028497330226556,0.15000000004191988,0.08449629102286756,0.1999999999699385,0.15556737279631122,0.20000000001052992,0.0537224342899664,0.1499999999542136,0.19038135996030897,0.0999999999693385,0.18481308266420332,0.04999999996846965,0.5000000000974483,0.41551575028921006,0.5000000000503335,0.43745953332996457,0.500000000067081,0.532129476410699
D1_FULL_B_010,D1,FULL,B,10,126.094,0.8976367860077434,0.28965254669410073,0.2242053676524638,0.8976367860069585,0.2896525467174988,0.2242053676586019,0.09652180752135874,0.05000000004529276,0.13991890284159572,0.10000000004029716,0.11808840414378237,0.15000000004191988,0.10090060244170442,0.1999999999699385,0.11306581174255177,0.20000000001052992,0.07829263495446265,0.1499999999542136,0.16751644433092483,0.0999999999693385,0.18569539202361954,0.04999999996846965,0.5000000000974483,0.4554297169484412,0.5000000000503335,0.42779915705996885,0.500000000067081,0.4951924677386177
D1_L0_A_011,D1,L0,A,11,119.75,0.9337894938325464,0.06581388503393487,0.06154916544380504,0.44176229940670847,0.6841861149660651,0.5867792394854375,0.4863378139380496,0.5000000000974484,0.011405724149106239,0.0,0.01948756626312435,0.0,0.004681885806360971,0.0,0.4478483010280156,0.4999999999025517,0.006587602737169928,0.0,0.015498765840047363,0.0,0.008152340238126016,0.0,0.5000000000974484,0.5219129901566412,1.0,0.9521794418523414,1.0,0.9691724470692369
D1_L0_A_012,D1,L0,A,12,124.093,0.9246542716046454,0.07432831163933515,0.07628600898390873,0.46273200271444553,0.6756716883606648,0.5824104141782597,0.4935076350471371,0.5000000000974484,0.005429598233235227,0.0,0.02486337438025087,0.0,0.009628289094252554,0.0,0.4321640533135278,0.4999999999025517,0.016675465570421096,0.0,0.009009224602295429,0.0,0.00872235975888001,0.0,0.5000000000974484,0.5334288967548757,1.0,0.9477767521643212,1.0,0.9595442873432113
D1_L0_A_013,D1,L0,A,13,122.938,0.8717123692583073,0.1282737260137367,0.1153719156875383,0.5238357332316224,0.6217262739862632,0.5308195719074823,0.43238162543076075,0.5000000000974484,0.014192472327185507,0.0,0.062477678405315755,0.0,0.0034394681414274633,0.0,0.43934464855550254,0.4999999999025517,0.022531374407215456,0.0,0.02011242189972192,0.0,0.005520310832870571,0.0,0.5000000000974484,0.5124912443046895,1.0,0.9084501207206642,1.0,0.954316374291301
D1_L0_A_014,D1,L0,A,14,122.062,0.9381511352597897,0.06165585421055486,0.05655895985764594,0.4205134628547223,0.6883441457894451,0.5887073905693847,0.482628411548807,0.5000000000974484,0.006566529839217546,0.0,0.022866546593669365,0.0,0.0015665346942366142,0.0,0.4557157342406382,0.4999999999025517,0.005032306116303978,0.0,0.015455658174762897,0.0,0.010168278792364462,0.0,0.5000000000974484,0.5136280226759306,1.0,0.9499429817449667,1.0,0.9766663505578774
D1_L0_A_015,D1,L0,A,15,120.984,0.9299787457566938,0.06997085720274462,0.060011414792045546,0.4472511153972842,0.6800291427972553,0.5801914194332786,0.4718606051271572,0.5000000000974484,0.005202042457920154,0.0,0.022985181680141888,0.0,0.005459834626367596,0.0,0.4581685376700982,0.4999999999025517,0.008166412651492583,0.0,0.011693947202057063,0.0,0.016463438584765316,0.0,0.5000000000974484,0.5055076638915869,1.0,0.9433975979066681,1.0,0.9647082716794544
D1_L01_A_011,D1,L01,A,11,124.953,0.8492108104032736,0.1504298752194297,0.1339302601416856,0.8046718244243557,0.36503677023833536,0.2910218085404521,0.15333714808956891,0.15000000008559006,0.02429349279006488,0.0,0.24920208828435203,0.35000000001185827,0.02481448226887113,0.0,0.31562663755537435,0.3499999999647435,0.035855254702728726,0.0,0.13474139885525394,0.14999999993780816,0.06212949745378616,0.0,0.5000000000974483,0.45164721143285697,0.5000000000503335,0.5291125331377369,1.0,0.8529072727845493
D1_L01_A_012,D1,L01,A,12,123.969,0.8489210948931355,0.1634071063376512,0.13215125510342574,0.7961748373179551,0.3781472204034788,0.2929294389666223,0.11494471995593075,0.15000000008559006,0.016366501663823203,0.0,0.2766880702908568,0.35000000001185827,0.02836283486595951,0.0,0.29496010347775303,0.3499999999647435,0.027123443066738404,0.0,0.16551199354943147,0.14999999993780816,0.07604233312950671,0.0,0.5000000000974483,0.43636212677657027,0.5000000000503335,0.4533947681642454,1.0,0.852104887273972
D1_L01_A_013,D1,L01,A,13,125.078,0.8779119992681617,0.1197553857650277,0.11087463173167361,0.7782606397852126,0.3848632494331984,0.30805583848286655,0.13260062211086954,0.15000000008559006,0.021768288909644305,0.0,0.2642659785603935,0.35000000001185827,0.0189777207141009,0.0,0.33337801362590114,0.3499999999647435,0.024390740943056457,0.0,0.15044563797815383,0.14999999993780816,0.054172997157880445,0.0,0.5000000000974483,0.43761261029500825,0.5000000000503335,0.5121376655894715,1.0,0.8806902522753179
D1_L01_A_014,D1,L01,A,14,123.016,0.8395193156076677,0.15715843324775985,0.14154504425518927,0.8035549105373994,0.3677456390939429,0.28965264891503795,0.14050598878901616,0.15000000008559006,0.021126901369694966,0.0,0.24576517792012925,0.35000000001185827,0.02335629223687871,0.0,0.32094501566548334,0.3499999999647435,0.03777116729948329,0.0,0.1356253843776113,0.14999999993780816,0.07490407234170281,0.0,0.5000000000974483,0.43075436031571906,0.5000000000503335,0.5203490731236777,1.0,0.8428415667522401
D1_L01_A_015,D1,L01,A,15,120.953,0.8794537386347889,0.12963842088276006,0.11868750813381052,0.802469262591094,0.38450183518323666,0.29552016163295913,0.14635799388327156,0.15000000008559006,0.019551197535490637,0.0,0.25227017938552593,0.35000000001185827,0.028587281567079553,0.0,0.32173340591063426,0.3499999999647435,0.03893577925911171,0.0,0.1641402560038049,0.14999999993780816,0.028423906455081374,0.0,0.5000000000974483,0.4467666523713677,0.5000000000503335,0.5265783765885081,1.0,0.8845018351832367
D1_FULL_A_011,D1,FULL,A,11,125.906,0.9472652172487321,0.2032519583240136,0.15800236488854083,0.9472652172251348,0.20325195834741172,0.15800236492418568,0.09955331057666289,0.050000000045292765,0.170482604765307,0.10000000004029717,0.09506797442099023,0.15000000004191982,0.11740988279560338,0.1999999999699385,0.198949266179567,0.20000000001053,0.08532091825642768,0.1499999999542136,0.14689109354851096,0.09999999996933852,0.08632494945693087,0.04999999996846967,0.5000000000974483,0.48251377255856354,0.5000000000503335,0.5543060997779645,0.5000000000670811,0.5404616447257311
D1_FULL_A_012,D1,FULL,A,12,124.094,0.9250408912534945,0.22704006543222247,0.1835020202662297,0.9250408912244434,0.22704006545562055,0.1835020203069928,0.11996466857189661,0.050000000045292765,0.15855149993472498,0.10000000004029717,0.1266602901149715,0.15000000004191982,0.08718181942994577,0.1999999999699385,0.1728577746389317,0.20000000001053,0.08626005036053044,0.1499999999542136,0.11444805881454992,0.09999999996933852,0.13407583813444907,0.04999999996846967,0.5000000000974483,0.49235827805153887,0.5000000000503335,0.5376339935060838,0.5000000000670811,0.5339307921403498
D1_FULL_A_013,D1,FULL,A,13,138.141,0.906931672749129,0.2590834624330644,0.20803811331860023,0.9069316727318328,0.25908346245646247,0.20803811334573757,0.0902233267895673,0.050000000045292765,0.18158951744895174,0.10000000004029717,0.12000541731290695,0.15000000004191982,0.05989065023679839,0.1999999999699385,0.16085876359830206,0.20000000001053,0.10016170639553018,0.1499999999542136,0.145861605657253,0.09999999996933852,0.14140901256069052,0.04999999996846967,0.5000000000974483,0.45170891178822437,0.5000000000503335,0.5328333142323514,0.5000000000670811,0.5169491133580294
D1_FULL_A_014,D1,FULL,A,14,125.938,0.934450050975612,0.23729487570917826,0.18492875071697631,0.934450050968299,0.2372948756978136,0.18492875074288548,0.04244934327796183,0.050000000045292765,0.1723441297824527,0.10000000004029717,0.10554144109314939,0.15000000004191982,0.09394719452941994,0.1999999999699385,0.2572726270920172,0.20000000001053,0.0707671454016552,0.1499999999542136,0.16666303332119917,0.09999999996933852,0.09101508550214449,0.04999999996846967,0.5000000000974483,0.4142821086829839,0.5000000000503335,0.542833245554087,0.5000000000670811,0.5719264447843275
D1_FULL_A_015,D1,FULL,A,15,125.922,0.9134414921649813,0.2768406025250047,0.2077673052075358,0.9134414921503451,0.27684060254840276,0.20776730522585166,0.09163981354207511,0.050000000045292765,0.16254291758988318,0.10000000004029717,0.11206734757813801,0.15000000004191982,0.10622387327276336,0.1999999999699385,0.1444603964059124,0.20000000001053,0.060407780194783454,0.1499999999542136,0.21154927221048378,0.09999999996933852,0.11110859920596072,0.04999999996846967,0.5000000000974483,0.4724739519828597,0.5000000000503335,0.4590509077326541,0.5000000000670811,0.5597168297366093
D1_FULL_B_011,D1,FULL,B,11,126.093,0.914784227501753,0.2727010840395115,0.20809597248222897,0.9147842275114407,0.2727010840629096,0.20809597247905282,0.07008408514936466,0.05000000004529276,0.1493636636130221,0.10000000004029716,0.09298014757069749,0.15000000004191988,0.10203348305133471,0.1999999999699385,0.14341352660477227,0.20000000001052992,0.08887175871028594,0.1499999999542136,0.20482353927952046,0.0999999999693385,0.14842979602100234,0.04999999996846965,0.5000000000974483,0.41446137938441896,0.5000000000503335,0.45173303407744503,0.500000000067081,0.5113012986043549
D1_FULL_B_012,D1,FULL,B,12,126.016,0.9139181325609227,0.2666572526271163,0.2011828767068575,0.9139181325533053,0.26665725265051443,0.20118287672049515,0.10120740619988282,0.05000000004529276,0.14056864612866515,0.10000000004029716,0.11095549578094661,0.15000000004191988,0.0945850063562373,0.1999999999699385,0.14878382030093645,0.20000000001052992,0.07901842491136524,0.1499999999542136,0.16988292357182505,0.0999999999693385,0.1549982767501414,0.04999999996846965,0.5000000000974483,0.4473165544657319,0.5000000000503335,0.4695782975408497,0.500000000067081,0.5308296458535909
D1_FULL_B_013,D1,FULL,B,13,126.125,0.9341790251026206,0.2347344294196913,0.1828804581050083,0.9341790250976683,0.23473442944308937,0.1828804581213203,0.06628033791761745,0.05000000004529276,0.17196228652080398,0.10000000004029716,0.11867473305534319,0.15000000004191988,0.0926526452351658,0.1999999999699385,0.1570786106148377,0.20000000001052992,0.09685958165156391,0.1499999999542136,0.18034663340578183,0.0999999999693385,0.11614517159888611,0.04999999996846965,0.5000000000974483,0.44957000272893044,0.5000000000503335,0.49218081670482305,0.500000000067081,0.5223803149935802
D1_FULL_B_014,D1,FULL,B,14,126.984,0.9063778440831745,0.27205873565320265,0.20824701517420346,0.9063778440755119,0.2720587356766007,0.2082470151845036,0.12785477305700862,0.05000000004529276,0.1198454617226422,0.10000000004029716,0.09455815828195445,0.15000000004191988,0.08883304771902743,0.1999999999699385,0.15401561604262362,0.20000000001052992,0.09053444227979372,0.1499999999542136,0.16945126887198964,0.0999999999693385,0.15490723202496026,0.04999999996846965,0.5000000000974483,0.4310914407806327,0.5000000000503335,0.4922502931020682,0.500000000067081,0.5458798162535763
D1_FULL_B_015,D1,FULL,B,15,126.0,0.9249941056779968,0.23553822404821598,0.19111066070507465,0.9249941056656212,0.23553822407161407,0.19111066072707064,0.08005023570832767,0.05000000004529276,0.1770301393440105,0.10000000004029716,0.09649675970372837,0.15000000004191988,0.07340948000113001,0.1999999999699385,0.19334016618222527,0.20000000001052992,0.10121537004130224,0.1499999999542136,0.17209868118478067,0.0999999999693385,0.1063591678344952,0.04999999996846965,0.5000000000974483,0.42698661475719657,0.5000000000503335,0.5516359112758656,0.500000000067081,0.541985842779062
D1_L0_A_016,D1,L0,A,16,120.984,0.8415230262417969,0.1577442548233715,0.13885232916227602,0.5632329761514245,0.5922557451766285,0.5175917594501896,0.44595930145363233,0.5000000000974484,0.03097925415749757,0.0,0.04136014973607038,0.0,0.005734393698272364,0.0,0.3962964437229962,0.4999999999025517,0.04079603401504893,0.0,0.0349607165699951,0.0,0.003913706646487131,0.0,0.5000000000974484,0.5240330990454726,1.0,0.9140310333491751,1.0,0.918576611482694
D1_L0_A_017,D1,L0,A,17,121.907,0.9349062294761108,0.06452039916476365,0.06448116452036125,0.42870030489375976,0.6854796008352364,0.5892292439057384,0.4908925207689242,0.5000000000974484,0.002308004518038866,0.0,0.022963675705458063,0.0,0.00800326131084821,0.0,0.4445870800663122,0.4999999999025517,0.004269944125572174,0.0,0.009916927172769199,0.0,0.017058586332077127,0.0,0.5000000000974484,0.5241674623032693,1.0,0.9420575494788473,1.0,0.9683602037134637
D1_L0_A_018,D1,L0,A,18,122.938,0.8600473817401286,0.13948087877729107,0.11965808969978511,0.5640023472626821,0.610519121222709,0.5288359681993494,0.4504020110638493,0.5000000000974484,0.02119314367416389,0.0,0.03963559633941079,0.0,0.014859872559349395,0.0,0.41011711015885965,0.4999999999025517,0.023365673476152943,0.0,0.029570352538270357,0.0,0.01085624018994364,0.0,0.5000000000974484,0.5260906236367734,1.0,0.9050779383730257,1.0,0.9297250701003901
D1_L0_A_019,D1,L0,A,19,120.953,0.835342887336644,0.16465513956674496,0.1401335928078222,0.5762028904028917,0.5853448604332552,0.5052955017735379,0.4189562574749751,0.5000000000974484,0.03165554864720496,0.0,0.05330940864076302,0.0,0.005197234493112266,0.0,0.4163886029582799,0.4999999999025517,0.028945200429669752,0.0,0.03566512240187813,0.0,0.009882624954116752,0.0,0.5000000000974484,0.5091184492560554,1.0,0.8959456095101297,1.0,0.9243193914758961
D1_L0_A_020,D1,L0,A,20,121.938,0.8413942050657967,0.15850063465596526,0.13578279923883083,0.5747782025283968,0.5914993653440348,0.5114082848079492,0.43015612994264196,0.5000000000974484,0.030380723273675688,0.0,0.05422163387408924,0.0,0.008010578173984931,0.0,0.4113432354013928,0.4999999999025517,0.028488539002298002,0.0,0.030116491713671173,0.0,0.007282668618246163,0.0,0.5000000000974484,0.5227690652643919,1.0,0.9003686276200085,1.0,0.9258374909317951
D1_L01_A_016,D1,L01,A,16,124.016,0.8417678116502223,0.16308913388308305,0.15084023475541658,0.7606213132339036,0.38869837043258826,0.3067440888697828,0.15971889920463866,0.15000000008559006,0.020865763862260415,0.0,0.244520158259512,0.35000000001185827,0.011809955170636094,0.0,0.320200071147855,0.3499999999647435,0.028625910534515287,0.0,0.12219063662395996,0.14999999993780816,0.09206860519662272,0.0,0.5000000000974483,0.4369147764970472,0.5000000000503335,0.5294106447492692,1.0,0.8466297652359656
D1_L01_A_017,D1,L01,A,17,135.078,0.8550333495076659,0.21316901438375446,0.20902155215240925,0.681804100665184,0.42181245699671177,0.3566202941795935,0.21651183657946924,0.15000000008559006,0.003886621308146233,0.0,0.18023183308215232,0.35000000001185827,0.014622186599759652,0.0,0.38452448016091123,0.3499999999647435,0.00967873509538237,0.0,0.10659915248375965,0.14999999993780816,0.08394515469041934,0.0,0.5000000000974483,0.41525247756952743,0.5000000000503335,0.6146016731439091,1.0,0.8878673023062924
D1_L01_A_018,D1,L01,A,18,123.062,0.8686458547410829,0.12885199890042748,0.12789852918022004,0.766131472897124,0.38699626371036144,0.31412518549642077,0.152708850889571,0.15000000008559006,0.020359156865923825,0.0,0.24868112184449914,0.35000000001185827,0.013492421230066512,0.0,0.34792040033324084,0.3499999999647435,0.029152158193648203,0.0,0.12454647883624244,0.14999999993780816,0.06313941180680792,0.0,0.5000000000974483,0.4352415508300605,0.5000000000503335,0.550140566282384,1.0,0.8738568519035534
D1_L01_A_019,D1,L01,A,19,121.016,0.9008994679413541,0.10629600313739554,0.08553683335114118,0.7490001148382852,0.4031753851190555,0.3337230900210818,0.12514084197212316,0.15000000008559006,0.014762808076522811,0.0,0.29719033308608866,0.35000000001185827,0.013448723968023407,0.0,0.35947138822119457,0.3499999999647435,0.023175449184682357,0.0,0.12137282183964901,0.14999999993780816,0.04543763365171579,0.0,0.5000000000974483,0.450542707102758,0.5000000000503335,0.5225504874545229,1.0,0.9031753851190554
D1_L01_A_020,D1,L01,A,20,122.891,0.8796080577589692,0.11967601483270712,0.10503402291414758,0.7565627581409671,0.39469235052082574,0.32296180094814664,0.10209639538813621,0.15000000008559006,0.006738069551777209,0.0,0.2921391291755111,0.35000000001185827,0.014460775245596729,0.0,0.3529745101085809,0.3499999999647435,0.03410880468180032,0.0,0.1360884606389021,0.14999999993780816,0.06139385520969551,0.0,0.5000000000974483,0.4154343693610213,0.5000000000503335,0.4959177797302946,1.0,0.8832984953111302
D1_FULL_A_016,D1,FULL,A,16,125.109,0.8669370930073169,0.3212899230619939,0.2459215807221671,0.866937092966408,0.32128992308539195,0.24592158076365278,0.138777609946296,0.050000000045292765,0.1980565946836164,0.10000000004029717,0.11075243975481218,0.15000000004191982,0.051350583046970794,0.1999999999699385,0.15547585224129257,0.20000000001053,0.061131201871532516,0.1499999999542136,0.15265715533657853,0.09999999996933852,0.13179856311890104,0.04999999996846967,0.5000000000974483,0.49893722743169544,0.5000000000503335,0.5534412587427375,0.5000000000670811,0.5576630572789794
D1_FULL_A_017,D1,FULL,A,17,127.078,0.9271806058308895,0.2412205837663913,0.18435819123921662,0.9271806058145783,0.2412205837897894,0.1843581912664366,0.09390635746409985,0.050000000045292765,0.16597997103303289,0.10000000004029717,0.11447256480020518,0.15000000004191982,0.08997037515070218,0.1999999999699385,0.16929363077354245,0.20000000001053,0.08504284548576078,0.1499999999542136,0.14906224060820952,0.09999999996933852,0.1322720146844471,0.04999999996846967,0.5000000000974483,0.46432926844804007,0.5000000000503335,0.514222804756436,0.5000000000670811,0.526734793646057
D1_FULL_A_018,D1,FULL,A,18,126.141,0.9041503642614235,0.28638886842296596,0.21871172083027612,0.9041503642311638,0.2863888684463641,0.21871172086483048,0.1101320220256331,0.050000000045292765,0.18645052539951737,0.10000000004029717,0.14425902702817933,0.15000000004191982,0.09289737435828231,0.1999999999699385,0.10697894993719988,0.20000000001053,0.06947578022997435,0.1499999999542136,0.18277488952806872,0.09999999996933852,0.10703143149314477,0.04999999996846967,0.5000000000974483,0.5337389488116121,0.5000000000503335,0.47303727759232467,0.5000000000670811,0.544144888519081
D1_FULL_A_019,D1,FULL,A,19,126.031,0.9088586092737698,0.2540323643229956,0.1990286936392495,0.9088586092207844,0.2540323643883135,0.1990286937003042,0.13536980197018056,0.050000000045292765,0.18135370508177556,0.10000000004029717,0.17083906538523153,0.15000000004191982,0.13178264108917442,0.1999999999699385,0.12288492693194819,0.20000000001053,0.04130006759056391,0.1499999999542136,0.11525447088227209,0.09999999996933852,0.10121532106885375,0.04999999996846967,0.5000000000974483,0.6193452135263621,0.5000000000503335,0.48090850157446824,0.5000000000670811,0.5443482651696323
D1_FULL_A_020,D1,FULL,A,20,126.094,0.9100083919673442,0.2631690370129782,0.2084412342367451,0.9100083919501235,0.26316903703637634,0.2084412342603663,0.09499193780650267,0.050000000045292765,0.16319514331752527,0.10000000004029717,0.13407343269922073,0.15000000004191982,0.06281432836451202,0.1999999999699385,0.14057357020865457,0.20000000001053,0.09936963169123636,0.1499999999542136,0.18870804984184533,0.09999999996933852,0.11627390607050304,0.04999999996846967,0.5000000000974483,0.4550748421877607,0.5000000000503335,0.4981302830239189,0.5000000000670811,0.5583469905562233
D1_FULL_B_016,D1,FULL,B,16,125.953,0.9220916454671221,0.26289430688711146,0.19903045194750005,0.9220916454557428,0.2628943069105096,0.19903045196845082,0.07851604801550158,0.05000000004529276,0.18529492075719534,0.10000000004029716,0.1207259603164186,0.15000000004191988,0.09220775697985285,0.1999999999699385,0.13432315712563656,0.20000000001052992,0.08984881866758249,0.1499999999542136,0.17596681710874648,0.0999999999693385,0.12311652102906623,0.04999999996846965,0.5000000000974483,0.47674468606896836,0.5000000000503335,0.487982944565916,0.500000000067081,0.5095319825663033
D1_FULL_B_017,D1,FULL,B,17,126.047,0.9034714692980144,0.2636004328168849,0.2207408235610167,0.9034714693069853,0.26360043284028295,0.22074082356162195,0.05684759581828729,0.05000000004529276,0.15028267240595045,0.10000000004029716,0.11498765298542243,0.15000000004191988,0.06152146782722537,0.1999999999699385,0.1535624415113486,0.20000000001052992,0.10632800483572072,0.1499999999542136,0.21684485305166126,0.0999999999693385,0.139625311564384,0.04999999996846965,0.5000000000974483,0.38363938903688555,0.5000000000503335,0.467020714571307,0.500000000067081,0.5422425433667196
D1_FULL_B_018,D1,FULL,B,18,125.985,0.8905617366447878,0.2713393161362515,0.22597940607687148,0.8905617366431542,0.27133931615964957,0.2259794060859034,0.0833063411690962,0.05000000004529276,0.13147538789388688,0.10000000004029716,0.11081457043146473,0.15000000004191988,0.05651103463670923,0.1999999999699385,0.1816399205649513,0.20000000001052992,0.07969515820722516,0.1499999999542136,0.19257326207321296,0.0999999999693385,0.16398432502345353,0.04999999996846965,0.5000000000974483,0.38210733413115705,0.5000000000503335,0.47611680783515953,0.500000000067081,0.5683340942387252
D1_FULL_B_019,D1,FULL,B,19,136.969,0.9246800270045917,0.2342014065186515,0.19281684341385175,0.9246800270181172,0.2342014065420496,0.1928168434069561,0.07009234298847968,0.05000000004529276,0.12687993418620827,0.10000000004029716,0.1147629133759859,0.15000000004191988,0.08870311289741332,0.1999999999699385,0.14017634108072818,0.20000000001052992,0.12215622610382303,0.1499999999542136,0.17715350020980938,0.0999999999693385,0.1600756291575523,0.04999999996846965,0.5000000000974483,0.40043830344808723,0.5000000000503335,0.4593048443592392,0.500000000067081,0.5021850976550032
D1_FULL_B_020,D1,FULL,B,20,125.016,0.9197798177699252,0.2385958283378875,0.1920181251820442,0.9197798177623148,0.23859582836128557,0.1920181251949313,0.1185788723966451,0.05000000004529276,0.11824385536104884,0.10000000004029716,0.1159513283598377,0.15000000004191988,0.09110001635335496,0.1999999999699385,0.14955364013996353,0.20000000001052992,0.10479918678555825,0.1499999999542136,0.1390690534065842,0.0999999999693385,0.16270404719700743,0.04999999996846965,0.5000000000974483,0.44387407247088656,0.5000000000503335,0.4911755546832157,0.500000000067081,0.5231528943030306
D1_L0_A_021,D1,L0,A,21,122.938,0.9249385214865208,0.0742488611551246,0.07365650679840394,0.4563961212443047,0.6757511388448754,0.5826604818853991,0.4902912784759841,0.5000000000974484,0.0070686251846302965,0.0,0.02575100505885791,0.0,0.007496689435082116,0.0,0.4354598603688913,0.4999999999025517,0.008435381452169193,0.0,0.0125207793651919,0.0,0.01297638065919311,0.0,0.5000000000974484,0.5306075981545544,1.0,0.9412551454816749,1.0,0.9640229232689251
D1_L0_A_022,D1,L0,A,22,122.985,0.8675258181676313,0.13203134519878718,0.11667542919144301,0.5272133975107516,0.6179686548012129,0.5358515565463622,0.45358463903523744,0.5000000000974484,0.0238454517256868,0.0,0.04396970772885422,0.0,0.0030726868435330228,0.0,0.4143840157659754,0.4999999999025517,0.024362780065171216,0.0,0.03156866418474884,0.0,0.005212054650793003,0.0,0.5000000000974484,0.5244724853333115,1.0,0.9161768865920709,1.0,0.9435070267148158
D1_L0_A_023,D1,L0,A,23,120.063,0.9322905985293317,0.06770222953387399,0.05765350967083741,0.45645564575479947,0.6822977704661259,0.57899575564193,0.4687346790602267,0.5000000000974484,0.011095860213940547,0.0,0.02523908068466214,0.0,0.008402338755809487,0.0,0.46356309140589935,0.4999999999025517,0.008334031917919777,0.0,0.009717750027066967,0.0,0.004913167934475068,0.0,0.5000000000974484,0.5134719587146389,1.0,0.9517276625979864,1.0,0.9672546011778552
D1_L0_A_024,D1,L0,A,24,121.984,0.8407242822812088,0.1586157809476885,0.1386142655010738,0.5630413812165085,0.5913842190523115,0.5181180442843749,0.44424683032885126,0.5000000000974484,0.02983784970856343,0.0,0.035284642975254424,0.0,0.005503485141285177,0.0,0.39713738872346027,0.4999999999025517,0.03316412623187196,0.0,0.046860248771244506,0.0,0.007965428119468973,0.0,0.5000000000974484,0.5148728081539543,1.0,0.9043861949927469,1.0,0.9235291107988105
D1_L0_A_025,D1,L0,A,25,121.078,0.941850598257526,0.05806553170942708,0.05189504995002111,0.41624431817070334,0.6919344682905729,0.5894754709645793,0.47985503716023536,0.5000000000974484,0.000784212221656294,0.0,0.021279472645453833,0.0,0.008930440915779277,0.0,0.4620794311303376,0.4999999999025517,0.0029378963012603645,0.0,0.009213770090964708,0.0,0.01491973953431261,0.0,0.5000000000974484,0.5108491629431249,1.0,0.9456565768134897,1.0,0.9724277110269914
D1_L01_A_021,D1,L01,A,21,122.953,0.8819279242543987,0.1271928026678094,0.10602577744390174,0.7724737461946014,0.39037344790736506,0.30930767562070893,0.12491466232814823,0.15000000008559006,0.01627332138761592,0.0,0.27745343331341676,0.35000000001185827,0.01976498754973973,0.0,0.32043910175281753,0.3499999999647435,0.02358824315527937,0.0,0.16163746849569607,0.14999999993780816,0.055928782017286564,0.0,0.5000000000974483,0.4384064045789206,0.5000000000503335,0.485215328623861,1.0,0.8844446658900786
D1_L01_A_022,D1,L01,A,22,120.078,0.832459865423338,0.16535328615689143,0.1352803038785509,0.8268884045313507,0.3444134608966806,0.2798889286864685,0.11913731064237654,0.15000000008559006,0.040270081034002266,0.0,0.2572146559886025,0.35000000001185827,0.021992489513943544,0.0,0.3165956491354977,0.3499999999647435,0.043323968555373564,0.0,0.14169909807663186,0.14999999993780816,0.05976674705357206,0.0,0.5000000000974483,0.43861453717892485,0.5000000000503335,0.5193270093672501,1.0,0.8346467138431085
D1_L01_A_023,D1,L01,A,23,123.078,0.8639707958600321,0.13916789758393605,0.11846078279484928,0.7781916485541113,0.3872445734121849,0.3038358123696125,0.12974352818898802,0.15000000008559006,0.017292949716527548,0.0,0.2934214788660008,0.35000000001185827,0.024920268411232335,0.0,0.287667095423267,0.3499999999647435,0.020542208460055205,0.0,0.15448212473467687,0.14999999993780816,0.07193034619925226,0.0,0.5000000000974483,0.4653782251827487,0.5000000000503335,0.4552457817888378,1.0,0.8653142272129326
D1_L01_A_024,D1,L01,A,24,122.969,0.9040302565842114,0.10130797106016798,0.07886229456464926,0.7592586145141728,0.4072388244732712,0.3290914058352036,0.10298761402655529,0.15000000008559006,0.015021678449639092,0.0,0.32508276308877165,0.35000000001185827,0.017005557931997747,0.0,0.3206216518866969,0.3499999999647435,0.023549792392491095,0.0,0.15854679547124734,0.14999999993780816,0.037184146752600816,0.0,0.5000000000974483,0.46009761349696376,0.5000000000503335,0.4621807367553824,1.0,0.9072388244732712
D1_L01_A_025,D1,L01,A,25,121.875,0.8788320375356417,0.11881618327186341,0.10571898448304205,0.7834361248001561,0.3811838167281366,0.3085117601176833,0.12876730770305334,0.15000000008559006,0.03065398017446914,0.0,0.26909374387926716,0.35000000001185827,0.020402949207186414,0.0,0.337350994244774,0.3499999999647435,0.02061265447059515,0.0,0.14597177090104213,0.14999999993780816,0.04714659941961273,0.0,0.5000000000974483,0.44891798096397606,0.5000000000503335,0.5173849365928916,1.0,0.8811838167281367
D1_FULL_A_021,D1,FULL,A,21,124.953,0.8876715678184975,0.280299998172527,0.2334054496459795,0.8876715678023798,0.2802999981959251,0.23340544966623236,0.08244443736201802,0.050000000045292765,0.18505069440189448,0.10000000004029717,0.09180463291933805,0.15000000004191982,0.046056714719565656,0.1999999999699385,0.192102603687462,0.20000000001053,0.08973605047770923,0.1499999999542136,0.2142641223068941,0.09999999996933852,0.0985407441251185,0.04999999996846967,0.5000000000974483,0.40535647940281616,0.5000000000503335,0.5493337859290838,0.5000000000670811,0.5806157962757121
D1_FULL_A_022,D1,FULL,A,22,126.0,0.9155433950386639,0.25034470432390277,0.19128058152914496,0.9155433950216761,0.25034470434730094,0.1912805815547455,0.0920329245393428,0.050000000045292765,0.16271979364195696,0.10000000004029717,0.10365442777428102,0.15000000004191982,0.11647026303123287,0.1999999999699385,0.1808760567324222,0.20000000001053,0.04865454811476302,0.1499999999542136,0.15655632628690846,0.09999999996933852,0.1390356598790927,0.04999999996846967,0.5000000000974483,0.47487740898681363,0.5000000000503335,0.484283323028485,0.5000000000670811,0.5331197353329544
D1_FULL_A_023,D1,FULL,A,23,122.938,0.8943819359110622,0.2994108907949179,0.23232920671334764,0.8943819358774727,0.29941089081831607,0.23232920674730687,0.09880394099973684,0.050000000045292765,0.20567115708875272,0.10000000004029717,0.11138385106195028,0.15000000004191982,0.08611712140817387,0.1999999999699385,0.15314987033987446,0.20000000001053,0.049938266371685316,0.1499999999542136,0.21282658825463494,0.09999999996933852,0.08210920447519147,0.04999999996846967,0.5000000000974483,0.5019760705586137,0.5000000000503335,0.5075632348000493,0.5000000000670811,0.5761642506561966
D1_FULL_A_024,D1,FULL,A,24,127.047,0.9279383885574732,0.24146965991915342,0.1851969216674232,0.9279383885485607,0.24146965994255154,0.18519692167829702,0.11701703442164547,0.050000000045292765,0.1300119015823353,0.10000000004029717,0.10803777128160853,0.15000000004191982,0.08938668025360448,0.1999999999699385,0.13998612401323707,0.20000000001053,0.1211197645089984,0.1499999999542136,0.1768286608205468,0.09999999996933852,0.117612063118024,0.04999999996846967,0.5000000000974483,0.4444533875391938,0.5000000000503335,0.5081348245262163,0.5000000000670811,0.5418695905370379
D1_FULL_A_025,D1,FULL,A,25,126.0,0.9157821941265619,0.22875441191236773,0.19703377103933453,0.9157821941064016,0.22875441193576587,0.1970337710709884,0.08088584105153605,0.050000000045292765,0.18457342628231152,0.10000000004029717,0.12268558978908924,0.15000000004191982,0.05248827723841994,0.1999999999699385,0.1857365776142723,0.20000000001053,0.11033514342245265,0.1499999999542136,0.15388342560176643,0.09999999996933852,0.10941171900015184,0.04999999996846967,0.5000000000974483,0.4406331343613567,0.5000000000503335,0.5615309883705726,0.5000000000670811,0.543191434056664
D1_FULL_B_021,D1,FULL,B,21,136.156,0.8879384931612431,0.2648569049830312,0.22342397845008063,0.8879384931329827,0.26485690500642933,0.2234239784802489,0.16718769133244005,0.05000000004529276,0.15068224874548086,0.10000000004029716,0.06330545711764067,0.15000000004191988,0.07537765193365016,0.1999999999699385,0.19782443381159578,0.20000000001052992,0.09863555213068408,0.1499999999542136,0.10834575436612058,0.0999999999693385,0.13864121056238782,0.04999999996846965,0.5000000000974483,0.45655304912921174,0.5000000000503335,0.6143299260202008,0.500000000067081,0.5366633366277971
D1_FULL_B_022,D1,FULL,B,22,125.0,0.9296826456427925,0.25336579063360404,0.18550604884927166,0.9296826456447007,0.25336579065700215,0.1855060488530906,0.07999823111905469,0.05000000004529276,0.15847170497771546,0.10000000004029716,0.09465526246502463,0.15000000004191988,0.11890528893919096,0.1999999999699385,0.14055862469370056,0.20000000001052992,0.0925150332450817,0.1499999999542136,0.17919616266166608,0.0999999999693385,0.13569969189856593,0.04999999996846965,0.5000000000974483,0.45203048750098573,0.5000000000503335,0.4715435940355524,0.500000000067081,0.494408280939446
D1_FULL_B_023,D1,FULL,B,23,126.016,0.9247076466206333,0.25153957082061246,0.18831325292300743,0.9247076466141133,0.2515395708440106,0.1883132529353286,0.10026910465530207,0.05000000004529276,0.13567562526169896,0.10000000004029716,0.11953870047589714,0.15000000004191988,0.1118900550316055,0.1999999999699385,0.1344373305551959,0.20000000001052992,0.0825943430932909,0.1499999999542136,0.1683391518807677,0.0999999999693385,0.14725568904624184,0.04999999996846965,0.5000000000974483,0.4673734854245037,0.5000000000503335,0.45297640356548785,0.500000000067081,0.5225842875671629
D1_FULL_B_024,D1,FULL,B,24,126.046,0.9053692679656717,0.2621995991171415,0.2109614737314191,0.905369267969587,0.2621995991405396,0.21096147373511426,0.08590580248518681,0.05000000004529276,0.14478105279433556,0.10000000004029716,0.0827245748934743,0.15000000004191988,0.07924346659189047,0.1999999999699385,0.17899472628164323,0.20000000001052992,0.09683763309245239,0.1499999999542136,0.15639684629469747,0.0999999999693385,0.17511589756631982,0.04999999996846965,0.5000000000974483,0.39265489676488713,0.5000000000503335,0.506519214653618,0.500000000067081,0.5040219499550018
D1_FULL_B_025,D1,FULL,B,25,125.985,0.9124067790722801,0.2745312257200859,0.20523617504385988,0.9124067790674081,0.274531225743484,0.2052361750559553,0.08991318950879151,0.05000000004529276,0.16493903415821687,0.10000000004029716,0.09741929525545512,0.15000000004191988,0.08983091195557628,0.1999999999699385,0.1489464433220103,0.20000000001052992,0.08927212372347426,0.1499999999542136,0.1658662864174238,0.0999999999693385,0.15381271565905183,0.04999999996846965,0.5000000000974483,0.4421024308780398,0.5000000000503335,0.49307079071249293,0.500000000067081,0.5021452145036807
D0_L0_A_001,D0,L0,A,1,116.922,0.900788836875505,0.09884742165219457,0.08841949557467739,0.5248609248563718,0.6511525783478055,0.5328889054507906,0.46867751181032774,0.5000000000974484,0.018310469668027126,0.0,0.0280063748713462,0.0,0.001242367141951832,0.0,0.43247506653747775,0.4999999999025517,0.02602740412839869,0.0,0.021564566806118794,0.0,0.0036962390363519315,0.0,0.5000000000974484,0.5162367234916528,1.0,0.9454904521442312,1.0,0.9507235200252706
D0_L0_A_002,D0,L0,A,2,120.75,0.8329426041293871,0.16598629693918032,0.1461971658175285,0.627859894034863,0.5840137030608197,0.47998678561554214,0.44687596497675064,0.5000000000974484,0.03317791186656959,0.0,0.04034311618483684,0.0,0.009561651947520903,0.0,0.38713773808406904,0.4999999999025517,0.03950578253372575,0.0,0.037373723841692005,0.0,0.006024110564835192,0.0,0.5000000000974484,0.529958644975678,1.0,0.906697397461115,1.0,0.9117305430873486
D0_L0_A_003,D0,L0,A,3,120.828,0.8534099333787886,0.14533428367524479,0.13322191404080025,0.5852588155976376,0.6046657163247553,0.4974070714396914,0.4600696516170318,0.5000000000974484,0.04015925394101824,0.0,0.027747516390610634,0.0,0.005325041350670354,0.0,0.3945960647077235,0.4999999999025517,0.0252707854364258,0.0,0.04459830841573449,0.0,0.0022333781407852917,0.0,0.5000000000974484,0.533301463299331,1.0,0.9200957557021994,1.0,0.9270115411311005
D0_L0_A_004,D0,L0,A,4,119.75,0.8578954402919167,0.14189188317029944,0.11960611770404724,0.6134622865942536,0.6081081168297006,0.4974070166646226,0.44256162052945497,0.5000000000974484,0.031007781779672824,0.0,0.039711371045533975,0.0,0.01303087741682866,0.0,0.41554649630024565,0.4999999999025517,0.02447329196508147,0.0,0.016669404172479682,0.0,0.016999156790702855,0.0,0.5000000000974484,0.5263116507714904,1.0,0.913589190574455,1.0,0.9144888920477142
D0_L0_A_005,D0,L0,A,5,119.797,0.9464973687410458,0.05315135214385913,0.052025765891445974,0.4573915959657802,0.6968486478561409,0.5696975760698302,0.49165848860577727,0.5000000000974484,0.0026726960072170985,0.0,0.01652705358063155,0.0,0.009888397982769977,0.0,0.4551901592503636,0.4999999999025517,0.0028818805968390156,0.0,0.007550844048702608,0.0,0.013630479927698837,0.0,0.5000000000974484,0.5207466361763958,1.0,0.952403224460197,1.0,0.970926545485475
D0_L01_A_001,D0,L01,A,1,125.938,0.8456692047868023,0.15956835070391065,0.13323200952613742,0.8434464696085155,0.35433122486864027,0.2644170584296249,0.2222505683024383,0.25000000009744844,0.03182741364843825,0.0,0.14850377422036318,0.24999999999999994,0.02547704376170944,0.0,0.21967730687073628,0.24999999999999994,0.04462897462509104,0.0,0.26389957547510257,0.24999999990255167,0.04373534309612109,0.0,0.5000000000974484,0.42805879993294915,0.5000000000974484,0.5183842634467039,1.0,0.8543312248686403
D0_L01_A_002,D0,L01,A,2,121.859,0.8640043772441914,0.14617575101024896,0.1156512704060099,0.8286640182251747,0.36920980719280005,0.270148329513015,0.20452245600691496,0.25000000009744844,0.018097277847140474,0.0,0.1729649370457698,0.24999999999999994,0.03466097339129344,0.0,0.265385558203049,0.24999999999999994,0.04014781169645935,0.0,0.22633685593706632,0.24999999990255167,0.037884129872306625,0.0,0.5000000000974484,0.4302456442911186,0.5000000000974484,0.5281531037535637,1.0,0.8692098071928
D0_L01_A_003,D0,L01,A,3,124.859,0.8299324999126056,0.1693247765509085,0.1412769757393352,0.8506624342129748,0.3362687125514713,0.25118427526272336,0.1791434968134016,0.25000000009744844,0.043201230522186836,0.0,0.1683658733999336,0.24999999999999994,0.015092138025523495,0.0,0.2555934891023797,0.24999999999999994,0.04032869600613686,0.0,0.23316585323575634,0.24999999990255167,0.0651092228946815,0.0,0.5000000000974484,0.40580273876104556,0.5000000000974484,0.518266912444105,1.0,0.8362687125514713
D0_L01_A_004,D0,L01,A,4,119.906,0.9132852870737901,0.1482303344906702,0.12650781165658406,0.7379535084809697,0.42753323256324827,0.32368324434690443,0.16739687377255863,0.25000000009744844,0.00539994516482461,0.0,0.18437279183421956,0.24999999999999994,0.01857153251678455,0.0,0.3015201884256545,0.24999999999999994,0.030650396829128797,0.0,0.2742433785308156,0.24999999990255167,0.017844892926013732,0.0,0.5000000000974484,0.37574114328838737,0.5000000000974484,0.5049674041921666,1.0,0.9275332325632483
D0_L01_A_005,D0,L01,A,5,121.875,0.8563968363952155,0.15765999829487498,0.11850895581655856,0.8408034202829686,0.36110397351385426,0.2638112191699023,0.18147162647784165,0.25000000009744844,0.028648851873308196,0.0,0.19990461968359077,0.24999999999999994,0.029538419811506438,0.0,0.2687639718087292,0.24999999999999994,0.03784978485462614,0.0,0.21096375554369265,0.24999999990255167,0.04285896994670497,0.0,0.5000000000974484,0.4395635178462471,0.5000000000974484,0.5167342350145051,1.0,0.8611039735138543
D0_FULL_A_001,D0,FULL,A,1,124.828,0.9559229104835882,0.1884232081474446,0.1590763742159588,0.9559229104369825,0.18842320824489295,0.1590763742976184,0.2285986919479655,0.12500000007308623,0.2098245162969274,0.12500000002436207,0.11135542297895878,0.12500000002436207,0.07912795805533847,0.12499999997563785,0.08608546319072508,0.12500000002436207,0.07282788200906551,0.12499999997563792,0.11432234149941499,0.12499999997563792,0.0978577240216042,0.1249999999269138,0.5000000000974482,0.6289065892791902,0.5000000000974483,0.5973365534446835,0.5000000000974483,0.5403619196170644
D0_FULL_A_002,D0,FULL,A,2,125.875,0.9411579410643636,0.19891971513830253,0.1673373043541759,0.9411579410073942,0.19891971523575086,0.16733730444234218,0.22112299702762983,0.12500000007308623,0.20408301061741188,0.12500000002436207,0.13595152516915696,0.12500000002436207,0.10643402439132825,0.12499999997563785,0.08688440380300182,0.12500000002436207,0.04139348896623847,0.12499999997563792,0.1377621824215522,0.12499999997563792,0.06636836760368056,0.1249999999269138,0.5000000000974482,0.6675915572055269,0.5000000000974483,0.553483900414282,0.5000000000974483,0.5817211084213408
D0_FULL_A_003,D0,FULL,A,3,125.844,0.9836926296082446,0.10822489061770013,0.08721325076526633,0.9836926295926974,0.10822489071514846,0.087213250811858,0.16727900103261378,0.12500000007308623,0.14415353600825073,0.12500000002436207,0.08525649087429307,0.12500000002436207,0.07603547986312234,0.12499999997563785,0.14205164280261945,0.12500000002436207,0.10785962672863769,0.12499999997563792,0.1547407108716645,0.12499999997563792,0.12262351181879845,0.1249999999269138,0.5000000000974482,0.4727245077782799,0.5000000000974483,0.5613438065721217,0.5000000000974483,0.5493278455811907
D0_FULL_A_004,D0,FULL,A,4,126.89,0.9642097967306431,0.15340332662728193,0.13567759072640487,0.9642097966865278,0.15340332674909235,0.13567759081116604,0.1903371922402987,0.12500000007308623,0.2096156171553656,0.12500000002436207,0.128450517353428,0.12500000002436207,0.08330550519328991,0.12499999997563785,0.1203280003445728,0.12500000002436207,0.05894319035739844,0.12499999997563792,0.10597789804064085,0.12499999997563792,0.10304207931500563,0.1249999999269138,0.5000000000974482,0.6117088319423823,0.5000000000974483,0.5792240000976356,0.5000000000974483,0.5450936079789404
D0_FULL_A_005,D0,FULL,A,5,125.875,0.9628871661605615,0.1532110945670992,0.13724096396335048,0.9628871661163803,0.15321109466454752,0.13724096404862793,0.21013108734536357,0.12500000007308623,0.193080007319184,0.12500000002436207,0.1067753624676821,0.12500000002436207,0.10944946170597693,0.12499999997563785,0.11217926078958315,0.12500000002436207,0.05339351779412224,0.12499999997563792,0.12289487260057098,0.12499999997563792,0.09209642997751712,0.1249999999269138,0.5000000000974482,0.6194359188382066,0.5000000000974483,0.568783873248253,0.5000000000974483,0.5519805832031998
D0_FULL_B_001,D0,FULL,B,1,122.86,0.9802533592257109,0.11102612026698055,0.10193795311114133,0.9802533592501834,0.11102612024261854,0.1019379530453352,0.12686660026807456,0.12500000007308623,0.10654339580718239,0.12500000002436207,0.07438483561866843,0.12500000002436207,0.10735623446923241,0.12499999997563785,0.12495352334434781,0.12500000002436207,0.10073589051795044,0.12499999997563792,0.16186862028431817,0.12499999997563792,0.19729089969022584,0.1249999999269138,0.5000000000974482,0.41515106616315783,0.5000000000974483,0.4590994099375552,0.5000000000974483,0.488073579515409
D0_FULL_B_002,D0,FULL,B,2,126.875,0.9371205219302061,0.2141160447128253,0.1774211157101909,0.937120521969868,0.21411604461537706,0.17742111564373111,0.09969541616356657,0.12500000007308623,0.0767921140055477,0.12500000002436207,0.06499003760860585,0.12500000002436207,0.044406387606902804,0.12499999997563785,0.16574466638687368,0.12500000002436207,0.1402828059137255,0.12499999997563792,0.1591682694421374,0.12499999997563792,0.24892030287264044,0.1249999999269138,0.5000000000974482,0.2858839553846229,0.5000000000974483,0.48251500246971346,0.5000000000974483,0.4895983896011835
D0_FULL_B_003,D0,FULL,B,3,125.782,0.9758661098895136,0.13517689923788465,0.1152543370087798,0.9758661099211089,0.13517689916479847,0.11525433693759873,0.08977635447637214,0.12500000007308623,0.11104750578985097,0.12500000002436207,0.07967588378857014,0.12500000002436207,0.10542686247522247,0.12499999997563785,0.13190277853169294,0.12500000002436207,0.10389649430518584,0.12499999997563792,0.20772025629018903,0.12499999997563792,0.1705538643429165,0.1249999999269138,0.5000000000974482,0.38592660653001576,0.5000000000974483,0.4366231331031019,0.5000000000974483,0.5090752730868242
D0_FULL_B_004,D0,FULL,B,4,125.828,0.9529923668342555,0.18833211928870197,0.15578564241536544,0.9529923668760931,0.1883321191912537,0.15578564233862852,0.09260046530518139,0.12500000007308623,0.08992968078800188,0.12500000002436207,0.07345784237302411,0.12500000002436207,0.05567989234253896,0.12499999997563785,0.1386256673356889,0.12500000002436207,0.14248120356734267,0.12499999997563792,0.17466010055679163,0.12499999997563792,0.23256514773143053,0.1249999999269138,0.5000000000974482,0.31166788080874636,0.5000000000974483,0.46363701699621485,0.5000000000974483,0.47934407557068603
D0_FULL_B_005,D0,FULL,B,5,126.797,0.9700348312589502,0.137562690116232,0.12515932183537515,0.9700348312765704,0.13756269011623207,0.12515932179199835,0.14131711599010435,0.12500000007308623,0.12006801209430494,0.12500000002436207,0.07263423224900821,0.12500000002436207,0.07263196374414448,0.12499999997563785,0.13067284085864503,0.12500000002436207,0.09710310179631026,0.12499999997563792,0.14813992519455269,0.12499999997563792,0.21743280807292997,0.1249999999269138,0.5000000000974482,0.406651324077562,0.5000000000974483,0.4891610707393646,0.5000000000974483,0.49276411429231026
D0_L0_A_006,D0,L0,A,6,121.859,0.9043396358988867,0.09559349476573398,0.08031617515940376,0.5433500390782314,0.654406505234266,0.5346561448534313,0.45997966514351274,0.5000000000974484,0.02318637136921087,0.0,0.016485001737932305,0.0,0.013407748544308361,0.0,0.44442684009075334,0.4999999999025517,0.005626289467772846,0.0,0.023899927618157145,0.0,0.01298815602835244,0.0,0.5000000000974484,0.5130587867949643,1.0,0.9332191660712498,1.0,0.9447914345903555
D0_L0_A_007,D0,L0,A,7,123.828,0.9399567881807726,0.05970706196665333,0.057569767357038545,0.4646376836240235,0.6902929380333467,0.5644530238680797,0.487921911037288,0.5000000000974484,0.002232998204935331,0.0,0.022711153554143416,0.0,0.008556879494242038,0.0,0.4523710269960587,0.4999999999025517,0.0026610730472793765,0.0,0.008485228527851019,0.0,0.015059729138202095,0.0,0.5000000000974484,0.5214229422906087,1.0,0.9451870092855614,1.0,0.9714893201153412
D0_L0_A_008,D0,L0,A,8,119.86,0.9389661849679921,0.06054449684129307,0.06070524020861099,0.45775797223951287,0.689455503158707,0.5640395636441182,0.49116261194025984,0.5000000000974484,0.0001208784991239316,0.0,0.023962355585471135,0.0,0.008604529186632166,0.0,0.44829289121844706,0.4999999999025517,0.005091063980725519,0.0,0.0111616299648439,0.0,0.011604039624496354,0.0,0.5000000000974484,0.523850375211487,1.0,0.9446674456385564,1.0,0.974579488709022
D0_L0_A_009,D0,L0,A,9,121.734,0.9115515831235129,0.08826708474017336,0.07606917998647343,0.5288900850467709,0.6617329152598267,0.5408506590627884,0.46872311342415807,0.5000000000974484,0.009372349675404916,0.0,0.023860069933394103,0.0,0.015214661715988023,0.0,0.4430098018356686,0.4999999999025517,0.0048733011075582505,0.0,0.0131502182297081,0.0,0.021796484078119974,0.0,0.5000000000974484,0.5171701947489451,1.0,0.9259785660427898,1.0,0.9487432034229288
D0_L0_A_010,D0,L0,A,10,121.953,0.9252841884323776,0.07451128958592226,0.06678452979087068,0.49471292461278665,0.6754887104140778,0.5522217705223398,0.4765008430703839,0.5000000000974484,0.0036563390929939482,0.0,0.021705919907118253,0.0,0.007544316469378604,0.0,0.4489878673436939,0.4999999999025517,0.0036313428713704455,0.0,0.015106107590317464,0.0,0.02286726365474354,0.0,0.5000000000974484,0.5094074185398747,1.0,0.9327763923784421,1.0,0.9623007379115135
D0_L01_A_006,D0,L01,A,6,129.844,0.8472798599439207,0.1478560727156936,0.12750426939489665,0.8336831323101692,0.35214392728430643,0.25947890540849716,0.21768456248062698,0.25000000009744844,0.015684060727624932,0.0,0.16124293092630707,0.24999999999999994,0.04485381258026404,0.0,0.23455779040583846,0.24999999999999994,0.022468801754626476,0.0,0.23865864347153382,0.24999999990255167,0.06484939765317808,0.0,0.5000000000974484,0.439465366714823,0.5000000000974484,0.49039521536871683,1.0,0.8521439272843063
D0_L01_A_007,D0,L01,A,7,125.89,0.8673323204412073,0.13119568463299047,0.1037971745556601,0.8247730276099873,0.3688043153670095,0.2649075520303489,0.19406040798470023,0.25000000009744844,0.021686365771886287,0.0,0.20699702483053756,0.24999999999999994,0.01742416528586167,0.0,0.24017671793088408,0.24999999999999994,0.03650246477541017,0.0,0.2275701646208877,0.24999999990255167,0.055582688799832365,0.0,0.5000000000974484,0.44016796387298573,0.5000000000974484,0.4924259564628808,1.0,0.8688043153670095
D0_L01_A_008,D0,L01,A,8,122.907,0.8184606270281549,0.18294005004442315,0.15326655991003657,0.8566228856536748,0.32760665606447104,0.24958759267831726,0.2125103106838981,0.25000000009744844,0.024533940308269282,0.0,0.14237419522693784,0.24999999999999994,0.05402631739804191,0.0,0.26054670610889413,0.24999999999999994,0.024147743723759833,0.0,0.21217544404474092,0.24999999990255167,0.06968534250545795,0.0,0.5000000000974484,0.4334447636171472,0.5000000000974484,0.5217387008248213,1.0,0.827606656064471
D0_L01_A_009,D0,L01,A,9,123.859,0.8376719286527085,0.16342113684451692,0.15028810750865168,0.8234504424737858,0.3492322701944881,0.2687055086295531,0.25674689025645636,0.25000000009744844,0.015973253881622372,0.0,0.14186874972423363,0.24999999999999994,0.06266096510172192,0.0,0.255906516879997,0.24999999999999994,0.014003144325599076,0.0,0.19471011333380103,0.24999999990255167,0.05813036649656851,0.0,0.5000000000974484,0.47724985896403427,0.5000000000974484,0.5426298053436748,1.0,0.849232270194488
D0_L01_A_010,D0,L01,A,10,176.093,0.8706821724013993,0.15742079021341246,0.12971078696636154,0.7940784264887845,0.3798061144144055,0.28588099874714445,0.19502011896554763,0.25000000009744844,0.008718988712754738,0.0,0.1661268642527544,0.24999999999999994,0.015099001532057406,0.0,0.2314322266657338,0.24999999999999994,0.04153076438799847,0.0,0.28722690453036964,0.24999999990255167,0.05484513095278383,0.0,0.5000000000974484,0.38496497346311415,0.5000000000974484,0.4767020987320346,1.0,0.8798061144144056
D0_FULL_A_006,D0,FULL,A,6,123.813,0.9623313949275979,0.12735087379406212,0.1303088011599288,0.9623313948926396,0.12735087381842425,0.13030880123117544,0.21582406962853687,0.12500000007308623,0.1558963494791544,0.12500000002436207,0.12254310168048005,0.12500000002436207,0.09913023681756301,0.12499999997563785,0.11108621280644018,0.12500000002436207,0.042106722783728644,0.12499999997563792,0.12278285209336388,0.12499999997563792,0.13063045471073298,0.1249999999269138,0.5000000000974482,0.5933937576057343,0.5000000000974483,0.52491335469786,0.5000000000974483,0.572236236208821
D0_FULL_A_007,D0,FULL,A,7,126.828,0.9477860412868317,0.18694773490409936,0.1531201769664273,0.9477860413094625,0.18694773483101318,0.15312017692019478,0.10606746933202299,0.12500000007308623,0.11080806129296797,0.12500000002436207,0.07513882484833563,0.12500000002436207,0.03834317651138203,0.12499999997563785,0.16533067976716798,0.12500000002436207,0.10769473318427825,0.12499999997563792,0.18791433478239256,0.12499999997563792,0.2087027202814527,0.1249999999269138,0.5000000000974482,0.33035753198470863,0.5000000000974483,0.4899009435764372,0.5000000000974483,0.5344513087299192
D0_FULL_A_008,D0,FULL,A,8,125.796,0.9538197967886038,0.17338402362441163,0.15941290235373148,0.9538197967522493,0.17338402374622203,0.15941290241336795,0.16064606246939234,0.12500000007308623,0.24937972746268533,0.12500000002436207,0.13835823381414436,0.12500000002436207,0.0753345254137792,0.12499999997563785,0.09619476996077914,0.12500000002436207,0.05521341800879292,0.12499999997563792,0.11476349016160127,0.12499999997563792,0.1101097727088254,0.1249999999269138,0.5000000000974482,0.6237185491600012,0.5000000000974483,0.5614339779016497,0.5000000000974483,0.5099625564059171
D0_FULL_A_009,D0,FULL,A,9,125.797,0.9225178889558022,0.19777917913667153,0.18010101777784182,0.9225178889837055,0.19777917903922326,0.18010101772479825,0.11168351911731962,0.12500000007308623,0.10318446459402113,0.12500000002436207,0.06600722434947873,0.12500000002436207,0.021345612899957265,0.12499999997563785,0.15846140695183517,0.12500000002436207,0.12819792716612033,0.12499999997563792,0.16403248522789146,0.12499999997563792,0.2470873596933763,0.1249999999269138,0.5000000000974482,0.30222082096077674,0.5000000000974483,0.5015273178292963,0.5000000000974483,0.500184635646525
D0_FULL_A_010,D0,FULL,A,10,126.86,0.947274375554439,0.17806952613831736,0.16050727741162163,0.9472743755200006,0.17806952616267951,0.16050727746594737,0.17228416533998137,0.12500000007308623,0.2353008342981797,0.12500000002436207,0.12352265357052365,0.12500000002436207,0.0668434890357208,0.12499999997563785,0.1210526472994058,0.12500000002436207,0.0455390377133223,0.12499999997563792,0.08997264621834798,0.12499999997563792,0.1454845265245185,0.1249999999269138,0.5000000000974482,0.5979511422444055,0.5000000000974483,0.5741766846508892,0.5000000000974483,0.5068321124282588
D0_FULL_B_006,D0,FULL,B,6,125.75,0.9866576404928761,0.09586573369215272,0.08040589956354802,0.9866576405044124,0.09586573364342861,0.08040589952564321,0.12260594667391131,0.12500000007308623,0.13010781307885083,0.12500000002436207,0.07962124730137031,0.12500000002436207,0.10575243438894634,0.12499999997563785,0.13976259755669893,0.12500000002436207,0.09615463799234342,0.12499999997563792,0.16874020879613733,0.12499999997563792,0.15725511421174151,0.1249999999269138,0.5000000000974482,0.43808744144307876,0.5000000000974483,0.4886309953018045,0.5000000000974483,0.5107300003281179
D0_FULL_B_007,D0,FULL,B,7,126.718,0.9743894876863188,0.12197361876982482,0.11194435462052067,0.9743894877058028,0.12197361876982488,0.11194435457072015,0.12869593629351742,0.12500000007308623,0.11805146659243045,0.12500000002436207,0.06972284721766578,0.12500000002436207,0.07337893352132117,0.12499999997563785,0.14102343666731493,0.12500000002436207,0.11687313389875782,0.12499999997563792,0.15164716716215834,0.12499999997563792,0.20060707864683427,0.1249999999269138,0.5000000000974482,0.3898491836249348,0.5000000000974483,0.5046439734520206,0.5000000000974483,0.49108938734065644
D0_FULL_B_008,D0,FULL,B,8,125.766,0.9788065030022666,0.11727986272307522,0.10865422536454204,0.978806503025479,0.11727986267435112,0.10865422530303762,0.11302251452787566,0.12500000007308623,0.12691337256411941,0.12500000002436207,0.08326108153429922,0.12500000002436207,0.09575550549375737,0.12499999997563785,0.13798713707075136,0.12500000002436207,0.09068103576971663,0.12499999997563792,0.14101853245061807,0.12499999997563792,0.21136082058886224,0.1249999999269138,0.5000000000974482,0.4189524741200517,0.5000000000974483,0.4686040599324631,0.5000000000974483,0.4752892655835443
D0_FULL_B_009,D0,FULL,B,9,125.813,0.9845399102784115,0.09997168866281332,0.08698252100089725,0.9845399102956113,0.09997168858972715,0.08698252094808316,0.12125552892932365,0.12500000007308623,0.12308322337833598,0.12500000002436207,0.07437215687619149,0.12500000002436207,0.10323519368118872,0.12499999997563785,0.1455383952527212,0.12500000002436207,0.103082208545233,0.12499999997563792,0.14964449927986206,0.12499999997563792,0.17978879405714387,0.1249999999269138,0.5000000000974482,0.4219461028650398,0.5000000000974483,0.4929593561056138,0.5000000000974483,0.4908105803380984
D0_FULL_B_010,D0,FULL,B,10,123.0,0.9774212276409677,0.11379187895008233,0.10929723881279856,0.9774212276510094,0.11379187895008239,0.10929723878111548,0.13344641427196463,0.12500000007308623,0.12471162889492053,0.12500000002436207,0.09805642909447748,0.12500000002436207,0.07340211109316422,0.12499999997563785,0.1466824207513307,0.12500000002436207,0.0900379519673554,0.12499999997563792,0.12624865274112956,0.12499999997563792,0.2074143911856575,0.1249999999269138,0.5000000000974482,0.4296165833545269,0.5000000000974483,0.49487841588557124,0.5000000000974483,0.5044339168589024
D0_L0_A_011,D0,L0,A,11,122.844,0.8671382377138604,0.13243121772417485,0.11480306490408035,0.5910670842296866,0.6175687822758251,0.5057158549963875,0.453106442167328,0.5000000000974484,0.019247233761513282,0.0,0.03002710323805567,0.0,0.009294795670460624,0.0,0.4144623401084972,0.4999999999025517,0.03709757864472544,0.0,0.029641154639152654,0.0,0.007123351770267151,0.0,0.5000000000974484,0.5116755748373576,1.0,0.9239135946820638,1.0,0.9272370401530334
D0_L0_A_012,D0,L0,A,12,123.922,0.9256827496539587,0.0741276486893884,0.06638641913625112,0.4947840809966381,0.6758723513106116,0.5525210475280645,0.4761842315601947,0.5000000000974484,0.0024569483305094436,0.0,0.025703488529641435,0.0,0.007435179076214001,0.0,0.449688119750417,0.4999999999025517,0.009219953115104686,0.0,0.008652449939185273,0.0,0.020659629698733584,0.0,0.5000000000974484,0.5117798474965596,1.0,0.9375492527562259,1.0,0.9602282897794383
D0_L0_A_013,D0,L0,A,13,121.766,0.9210581313355446,0.07886044519099877,0.0695159097752742,0.497836340266497,0.6711395548090012,0.5486091655489006,0.46922978628806633,0.5000000000974484,0.0017699485062358442,0.0,0.02889341409327243,0.0,0.00914901834221977,0.0,0.451909768520935,0.4999999999025517,0.0064743911549985395,0.0,0.010006755452474467,0.0,0.022566917641797798,0.0,0.5000000000974484,0.5090421672297945,1.0,0.9293838944702358,1.0,0.9600397243547482
D0_L0_A_014,D0,L0,A,14,120.797,0.8386356697208229,0.16068025678827685,0.14064252131350796,0.6188738252452135,0.5893197432117232,0.48383888023026833,0.4436116655698018,0.5000000000974484,0.046153164565252765,0.0,0.031544215057694926,0.0,0.009963017280506012,0.0,0.39570807764192134,0.4999999999025517,0.024005180946416352,0.0,0.043507176014402765,0.0,0.005507502924003983,0.0,0.5000000000974484,0.5312720624732554,1.0,0.9094780887233922,1.0,0.9143711342838209
D0_L0_A_015,D0,L0,A,15,123.812,0.8629506370207398,0.13660979711244292,0.11682069786299909,0.6050827984489958,0.6133902028875571,0.5020331446671095,0.4511713343458745,0.5000000000974484,0.028404617518862217,0.0,0.03240425236475085,0.0,0.013598304288253269,0.0,0.41221886854168255,0.4999999999025517,0.03090176060948186,0.0,0.02159800545247285,0.0,0.00970285687862179,0.0,0.5000000000974484,0.5255785085177408,1.0,0.9226965810159011,1.0,0.9173924607047806
D0_L01_A_011,D0,L01,A,11,122.875,0.8593530520216726,0.1825404202330121,0.1424009162294269,0.8152702192990388,0.37107276323885824,0.28427874094482797,0.16797795896289697,0.25000000009744844,0.028328979607780847,0.0,0.184131121037091,0.24999999999999994,0.021870975666662126,0.0,0.3036131834718703,0.24999999999999994,0.019910207803799995,0.0,0.215350499767,0.24999999990255167,0.05881707368289878,0.0,0.5000000000974484,0.40230903527443096,0.5000000000974484,0.5198303298463481,1.0,0.8710727632388582
D0_L01_A_012,D0,L01,A,12,122.828,0.8331224430107139,0.16829978554554634,0.13683362011958833,0.857534073804991,0.33950956530357557,0.2519488484512509,0.1771336034436242,0.25000000009744844,0.02582875376574394,0.0,0.17146379521597324,0.24999999999999994,0.034145701391427655,0.0,0.2578093508491218,0.24999999999999994,0.047546250068344106,0.0,0.2331028157948563,0.24999999990255167,0.05296972947090877,0.0,0.5000000000974484,0.408571853816769,0.5000000000974484,0.5083179581268341,1.0,0.8395095653035756
D0_L01_A_013,D0,L01,A,13,123.813,0.8398288886078414,0.17399592539137163,0.13240287234998718,0.8534575942586041,0.3459094918925032,0.2559008920412122,0.18722432443970954,0.25000000009744844,0.025532000199357613,0.0,0.17441036982243957,0.24999999999999994,0.041351135148204016,0.0,0.2699054172838748,0.24999999999999994,0.03881756422335126,0.0,0.21436938034647934,0.24999999990255167,0.048389808536583916,0.0,0.5000000000974484,0.42851782960971074,0.5000000000974484,0.5214793061462932,1.0,0.8459094918925033
D0_L01_A_014,D0,L01,A,14,125.89,0.8589573365426931,0.14684271733615098,0.13355452435007317,0.8169305965244907,0.369742894746687,0.2787620102189767,0.21293513074927126,0.25000000009744844,0.013875420598699967,0.0,0.1444854442040418,0.24999999999999994,0.041059387872973696,0.0,0.2665856120828379,0.24999999999999994,0.0249863321050347,0.0,0.24573670771053593,0.24999999990255167,0.050335964676604596,0.0,0.5000000000974484,0.41235538342498673,0.5000000000974484,0.5183824955358438,1.0,0.8697428947466868
D0_L01_A_015,D0,L01,A,15,122.813,0.8495457486543873,0.17111123325909097,0.1293707189514284,0.8433918181285079,0.35644022995513736,0.26449366323887274,0.1853513354245535,0.25000000009744844,0.028856831779005096,0.0,0.17709318388212436,0.24999999999999994,0.02970093353510778,0.0,0.27755146321422824,0.24999999999999994,0.038671838271654574,0.0,0.21644424743423124,0.24999999990255167,0.04633016645909524,0.0,0.5000000000974484,0.42100228462079076,0.5000000000974484,0.5304314686894415,1.0,0.8564402299551372
D0_FULL_A_011,D0,FULL,A,11,126.844,0.9471904169664849,0.18468691568486956,0.1539250571236713,0.9471904169233764,0.18468691575795582,0.1539250571960267,0.20372108716287712,0.12500000007308623,0.20441604068099697,0.12500000002436207,0.10160863561373902,0.12500000002436207,0.10776544529876235,0.12499999997563785,0.10538385182143609,0.12500000002436207,0.035283251958795156,0.12499999997563792,0.15154978791408177,0.12499999997563792,0.09027189954931163,0.1249999999269138,0.5000000000974482,0.6175112087563754,0.5000000000974483,0.5488042316241053,0.5000000000974483,0.562263362512134
D0_FULL_A_012,D0,FULL,A,12,125.781,0.9334209738495244,0.23565841396119203,0.19088816000977815,0.9334209738864642,0.23565841388810585,0.1908881599505019,0.09309503502546931,0.12500000007308623,0.08679400541616462,0.12500000002436207,0.08131891404764169,0.12500000002436207,0.04913736432136454,0.12499999997563785,0.14237212896216578,0.12500000002436207,0.07899626730125393,0.12499999997563792,0.23938254389612512,0.12499999997563792,0.2289037410298149,0.1249999999269138,0.5000000000974482,0.3103453188106402,0.5000000000974483,0.40125743670505365,0.5000000000974483,0.5561686219314019
D0_FULL_A_013,D0,FULL,A,13,126.828,0.9740917646323002,0.12579059735038872,0.10395825536159588,0.9740917646168784,0.12579059737475085,0.10395825539691941,0.1591257120645766,0.12500000007308623,0.1400787368224244,0.12500000002436207,0.09364634003846622,0.12500000002436207,0.052168832779151256,0.12499999997563785,0.15373396706023598,0.12500000002436207,0.1033942298076317,0.12499999997563792,0.16750820069960182,0.12499999997563792,0.1303439807279121,0.1249999999269138,0.5000000000974482,0.44501962170461845,0.5000000000974483,0.5563326457548686,0.5000000000974483,0.5740142198628806
D0_FULL_A_014,D0,FULL,A,14,125.781,0.9620909547911474,0.1340522563063624,0.12865448076331895,0.9620909547524295,0.13405225640381074,0.12865448084219375,0.20986558086698315,0.12500000007308623,0.16072811970100692,0.12500000002436207,0.13501423406249619,0.12500000002436207,0.11041846008711946,0.12499999997563785,0.10380197762998764,0.12500000002436207,0.04071807578070361,0.12499999997563792,0.12844432177332443,0.12499999997563792,0.11100923009837851,0.1249999999269138,0.5000000000974482,0.6160263947176057,0.5000000000974483,0.5151137539786813,0.5000000000974483,0.5771261143327914
D0_FULL_A_015,D0,FULL,A,15,125.797,0.9489774348270333,0.17029159171465838,0.14994293150242463,0.9489774348420549,0.17029159171465844,0.1499429314656879,0.1277850525228253,0.12500000007308623,0.1017380111189199,0.12500000002436207,0.10092930372636003,0.12500000002436207,0.034822672620594526,0.12499999997563785,0.13868334133776938,0.12500000002436207,0.09221842081946716,0.12499999997563792,0.19384923583936928,0.12499999997563792,0.20997396201469454,0.1249999999269138,0.5000000000974482,0.36527503998869976,0.5000000000974483,0.4604248257989817,0.5000000000974483,0.561246933426324
D0_FULL_B_011,D0,FULL,B,11,126.844,0.9440930469194921,0.18232484363820886,0.1539518146524074,0.9440930468905128,0.18232484366257098,0.15395181470548197,0.20517055177920138,0.12500000007308623,0.15264724030466803,0.12500000002436207,0.05088465712243515,0.12500000002436207,0.042472970534087905,0.12499999997563785,0.1831655897852474,0.12500000002436207,0.13700038393869007,0.12499999997563792,0.09931752868090592,0.12499999997563792,0.12934107785476406,0.1249999999269138,0.5000000000974482,0.4511754197403925,0.5000000000974483,0.677983765807807,0.5000000000974483,0.5385383273677898
D0_FULL_B_012,D0,FULL,B,12,125.734,0.9693900583648833,0.14269359206829238,0.11605140273839394,0.9693900583579574,0.14269359206829238,0.11605140274918639,0.1745241419675342,0.12500000007308623,0.1403305915306284,0.12500000002436207,0.11038156301921412,0.12500000002436207,0.1482608179638071,0.12499999997563785,0.10552311279732175,0.12500000002436207,0.05107190138386816,0.12499999997563792,0.09032983073130357,0.12499999997563792,0.17957804060632263,0.1249999999269138,0.5000000000974482,0.5734971144811838,0.5000000000974483,0.47144974767935255,0.5000000000974483,0.48075864851537364
D0_FULL_B_013,D0,FULL,B,13,125.766,0.9722425229539312,0.1419319754316315,0.1236439670259177,0.9722425229794907,0.14193197535854532,0.12364396696600036,0.12314570160227657,0.12500000007308623,0.09803250918912229,0.12500000002436207,0.08546138867889587,0.12500000002436207,0.08328904524244853,0.12499999997563785,0.12598280240524606,0.12500000002436207,0.09313937992871149,0.12499999997563792,0.1831327599928047,0.12499999997563792,0.2078164129604946,0.1249999999269138,0.5000000000974482,0.38992864471274324,0.5000000000974483,0.4403003931253564,0.5000000000974483,0.5177226526792231
D0_FULL_B_014,D0,FULL,B,14,126.859,0.9786072939667518,0.12598534983734416,0.10443285442590164,0.9786072939829383,0.12598534976425801,0.10443285438111234,0.12184095836963119,0.12500000007308623,0.11727422496289133,0.12500000002436207,0.08254372044269172,0.12500000002436207,0.09662201311257194,0.12499999997563785,0.15299520433398703,0.12500000002436207,0.0807337333479558,0.12499999997563792,0.15549588372109502,0.12499999997563792,0.19249426170917594,0.1249999999269138,0.5000000000974482,0.4182809168877862,0.5000000000974483,0.4728441210144653,0.5000000000974483,0.512875766867405
D0_FULL_B_015,D0,FULL,B,15,125.828,0.9868535174059389,0.09043751555729468,0.08565334789212374,0.986853517425718,0.0904375154842085,0.08565334782710002,0.11572094154002119,0.12500000007308623,0.12257101658204508,0.12500000002436207,0.09793721318664184,0.12500000002436207,0.09434270800683622,0.12499999997563785,0.1279268098722701,0.12500000002436207,0.10399060520024721,0.12499999997563792,0.143326939161461,0.12499999997563792,0.19418376645047744,0.1249999999269138,0.5000000000974482,0.4305718793155443,0.5000000000974483,0.4702093731945836,0.5000000000974483,0.4849119037603941
D0_L0_A_016,D0,L0,A,16,122.797,0.9131577812754705,0.08589435824726774,0.08442000347007014,0.5194485715578341,0.6641056417527323,0.5442723387699274,0.4864729870146743,0.5000000000974484,0.008379559755780095,0.0,0.03267633297652609,0.0,0.010793908493115073,0.0,0.42763265473805795,0.4999999999025517,0.015117237025746723,0.0,0.01418613081992457,0.0,0.004741189176175116,0.0,0.5000000000974484,0.5383227882400956,1.0,0.9376024385342591,1.0,0.9609681055491829
D0_L0_A_017,D0,L0,A,17,123.812,0.8347696504218902,0.1652036246627666,0.1408636650112286,0.6246446562344299,0.5847963753372334,0.4792065811938209,0.42212144385552597,0.5000000000974484,0.03413059477546856,0.0,0.05496793310903241,0.0,0.006286267703348771,0.0,0.4126749314817075,0.4999999999025517,0.026005713837304077,0.0,0.03394514154964833,0.0,0.009867973687964477,0.0,0.5000000000974484,0.5175062394433756,1.0,0.8949326839500061,1.0,0.9237094499959142
D0_L0_A_018,D0,L0,A,18,121.844,0.9117772333014411,0.08751229612418496,0.08193203491370764,0.5264296961019939,0.662487703875815,0.5424025831712429,0.48169558860093725,0.5000000000974484,0.016166578538422807,0.0,0.026439624214059525,0.0,0.006234523117992388,0.0,0.4307921152748779,0.4999999999025517,0.007292069359117077,0.0,0.020341819221856586,0.0,0.0110376816727366,0.0,0.5000000000974484,0.530536314471412,1.0,0.935946351773355,1.0,0.9592691473117313
D0_L0_A_019,D0,L0,A,19,119.75,0.933262022488636,0.06619514226321353,0.0632430928446963,0.4950012737042494,0.6838048577367865,0.5592893227463964,0.48941037248078584,0.5000000000974484,0.00747439637651404,0.0,0.017395939197458597,0.0,0.009384937006467656,0.0,0.4443944852560006,0.4999999999025517,0.01294542372562824,0.0,0.010216421136138628,0.0,0.008778024821006307,0.0,0.5000000000974484,0.5236656450612261,1.0,0.9542246778389287,1.0,0.9614172180703837
D0_L0_A_020,D0,L0,A,20,124.844,0.9258947503548933,0.07395495595006472,0.06481008652048624,0.5011082332371836,0.6760450440499354,0.5524901730975189,0.4748189683279475,0.5000000000974484,0.0058211039347102625,0.0,0.025433747592918898,0.0,0.004513205381178992,0.0,0.45122607572198775,0.4999999999025517,0.01240527064960152,0.0,0.012907580838778486,0.0,0.012874047552876479,0.0,0.5000000000974484,0.5105870252367556,1.0,0.944271418634247,1.0,0.9643863724816327
D0_L01_A_016,D0,L01,A,16,122.812,0.8481786916865086,0.16715404606042933,0.12689524277257952,0.8456783422867381,0.3538505786998869,0.2608211877547729,0.18249957969714967,0.25000000009744844,0.026789093971992382,0.0,0.18477887077575497,0.24999999999999994,0.03358291228918089,0.0,0.27100462476031617,0.24999999999999994,0.03448754403945493,0.0,0.2155675034666661,0.24999999990255167,0.05128987099948492,0.0,0.5000000000974484,0.42765045673407787,0.5000000000974484,0.5147808424689132,1.0,0.8538505786998869
D0_L01_A_017,D0,L01,A,17,125.875,0.8475842162493642,0.17398571219734182,0.13306968720682813,0.8426400740511368,0.3553393867634001,0.2652870804031702,0.18700323734542978,0.25000000009744844,0.026375414206556532,0.0,0.17027290834551376,0.24999999999999994,0.039405283152019084,0.0,0.27932509896074187,0.24999999999999994,0.04907883317147485,0.0,0.2187381421117147,0.24999999990255167,0.029801082706549478,0.0,0.5000000000974484,0.4230568430495192,0.5000000000974484,0.5417825836842031,1.0,0.8553393867634002
D0_L01_A_018,D0,L01,A,18,123.75,0.8441937751499241,0.14629776804595182,0.13571488789935657,0.8414860284932486,0.35370223195404815,0.26508422580115765,0.2167967973428408,0.25000000009744844,0.039277836977048876,0.0,0.14282944417142496,0.24999999999999994,0.02889961896196343,0.0,0.2466995493796999,0.24999999999999994,0.02521374827232359,0.0,0.24737644106008252,0.24999999990255167,0.05290656383461591,0.0,0.5000000000974484,0.42780369745327806,0.5000000000974484,0.5279879319719132,1.0,0.8537022319540482
D0_L01_A_019,D0,L01,A,19,121.844,0.8843602737423074,0.1912465663862486,0.1678823123880766,0.7353528355497458,0.4064068370680444,0.3261715642823185,0.2040226886312636,0.25000000009744844,0.005200012714680489,0.0,0.14857737851033753,0.24999999999999994,0.007659186225084388,0.0,0.34765340345429296,0.24999999999999994,0.01822420340941638,0.0,0.2061533664721504,0.24999999990255167,0.06250976058277441,0.0,0.5000000000974484,0.365459266081366,0.5000000000974484,0.5751003082096534,1.0,0.9064068370680445
D0_L01_A_020,D0,L01,A,20,123.86,0.8613486924236301,0.1514333108455189,0.12466812688583573,0.8220424807135418,0.36861717050326814,0.2735886092477187,0.21198776889471274,0.25000000009744844,0.016886455352481938,0.0,0.16045050571661243,0.24999999999999994,0.0369796493956691,0.0,0.27005048134878695,0.24999999999999994,0.023772407746012924,0.0,0.22612841454315596,0.24999999990255167,0.05374431700256791,0.0,0.5000000000974484,0.4263043793594762,0.5000000000974484,0.5226971133419945,1.0,0.8686171705032681
D0_FULL_A_016,D0,FULL,A,16,126.859,0.9671832953513806,0.1379734857996633,0.12684227092611375,0.9671832953097063,0.13797348589711161,0.1268422710113496,0.19671459790794518,0.12500000007308623,0.19125888798916635,0.12500000002436207,0.10774385853187936,0.12500000002436207,0.11645500728909171,0.12499999997563785,0.11926049374971673,0.12500000002436207,0.05491675795049123,0.12499999997563792,0.12385013622553825,0.12499999997563792,0.08980026035617102,0.1249999999269138,0.5000000000974482,0.6121723517180826,0.5000000000974483,0.5621507375973195,0.5000000000974483,0.5475690864150795
D0_FULL_A_017,D0,FULL,A,17,125.906,0.9566001365907737,0.130705366086653,0.1255582771724102,0.9566001365702759,0.13070536608665306,0.12555827720905377,0.17326521998817537,0.12500000007308623,0.14399869326582182,0.12500000002436207,0.1182939878425333,0.12500000002436207,0.10649370095300548,0.12499999997563785,0.11436213972048848,0.12500000002436207,0.03014480539731968,0.12499999997563792,0.18468377777628464,0.12499999997563792,0.12875767505637123,0.1249999999269138,0.5000000000974482,0.542051602049536,0.5000000000974483,0.4617708583718053,0.5000000000974483,0.5906051253274818
D0_FULL_A_018,D0,FULL,A,18,125.844,0.9515297104946967,0.16011724811996986,0.1439418098645034,0.9515297104561221,0.16011724819305612,0.14394180993492386,0.2153046099564076,0.12500000007308623,0.17529313871659288,0.12500000002436207,0.11092180770799623,0.12500000002436207,0.10184865150463956,0.12499999997563785,0.10496645050766468,0.12500000002436207,0.033392708476537206,0.12499999997563792,0.14451949952005558,0.12499999997563792,0.11375313361010612,0.1249999999269138,0.5000000000974482,0.6033682078856362,0.5000000000974483,0.5289569076572024,0.5000000000974483,0.5757123676921241
D0_FULL_A_019,D0,FULL,A,19,126.875,0.9539235276395172,0.14225670700677345,0.13161905997489318,0.9539235276287693,0.14225670705549764,0.13161905998738282,0.1465006215831689,0.12500000007308623,0.17762689714482105,0.12500000002436207,0.11640715695132987,0.12500000002436207,0.0310338307302806,0.12499999997563785,0.132416091195437,0.12500000002436207,0.08699626422892691,0.12499999997563792,0.12330604103396497,0.12499999997563792,0.18571309713207068,0.1249999999269138,0.5000000000974482,0.4715685064096004,0.5000000000974483,0.5435398741523538,0.5000000000974483,0.5186299107639007
D0_FULL_A_020,D0,FULL,A,20,125.844,0.9419925995525684,0.19342253477816035,0.16152681802184782,0.9419925995097409,0.1934225348512466,0.1615268180919552,0.21387073603574214,0.12500000007308623,0.20129658070468753,0.12500000002436207,0.11832890299140436,0.12500000002436207,0.09764531251231384,0.12499999997563785,0.08353904343465085,0.12500000002436207,0.0335732017751557,0.12499999997563792,0.15325521811081694,0.12499999997563792,0.09849100443522862,0.1249999999269138,0.5000000000974482,0.6311415322441478,0.5000000000974483,0.5322795619502362,0.5000000000974483,0.5689939005726143
D0_FULL_B_016,D0,FULL,B,16,122.875,0.9762855339144416,0.12924240975258708,0.11219044106286823,0.9762855339334426,0.12924240975258713,0.11219044101352714,0.13917015580351627,0.12500000007308623,0.10428473150476202,0.12500000002436207,0.07736084446984398,0.12500000002436207,0.08207660062867084,0.12499999997563785,0.13472402781387005,0.12500000002436207,0.10703541364413607,0.12499999997563792,0.1470272161407658,0.12499999997563792,0.20832100999443506,0.1249999999269138,0.5000000000974482,0.4028923324067931,0.5000000000974483,0.48521432876628445,0.5000000000974483,0.4982822442279961
D0_FULL_B_017,D0,FULL,B,17,125.829,0.9724192404411511,0.1124403814612908,0.10552724677375508,0.9724192404224609,0.11244038148565286,0.10552724681826872,0.17948947586345945,0.12500000007308623,0.15374841451289567,0.12500000002436207,0.12992437114928862,0.12500000002436207,0.13362983841738174,0.12499999997563785,0.09440465119672066,0.12500000002436207,0.04725729089168553,0.12499999997563792,0.12089767642594097,0.12499999997563792,0.1406482815426274,0.1249999999269138,0.5000000000974482,0.5967920999430254,0.5000000000974483,0.47489983246476125,0.5000000000974483,0.5247161746354098
D0_FULL_B_018,D0,FULL,B,18,126.906,0.9698781260778032,0.15276228247962492,0.12724284038554112,0.9698781260879196,0.15276228247962498,0.12724284035819203,0.15642022597371852,0.12500000007308623,0.10075984861066173,0.12500000002436207,0.08644076718237456,0.12500000002436207,0.08336719094282988,0.12499999997563785,0.14603828567067714,0.12500000002436207,0.07666991078450888,0.12499999997563792,0.1328022133533195,0.12499999997563792,0.21750155748190983,0.1249999999269138,0.5000000000974482,0.42698803270958463,0.5000000000974483,0.4798882710395663,0.5000000000974483,0.5217014921800898
D0_FULL_B_019,D0,FULL,B,19,122.735,0.9653115172829548,0.16172021074954374,0.13323285979347235,0.9653115173163702,0.16172021065209546,0.13323285972394722,0.0969012355045426,0.12500000007308623,0.10018613486040215,0.12500000002436207,0.07326080697145869,0.12500000002436207,0.06793161201150104,0.12499999997563785,0.15520588478754746,0.12500000002436207,0.12616610745313198,0.12499999997563792,0.16778106191277334,0.12499999997563792,0.21256715649864266,0.1249999999269138,0.5000000000974482,0.3382797893479045,0.5000000000974483,0.47845936260562416,0.5000000000974483,0.4931489891763221
D0_FULL_B_020,D0,FULL,B,20,125.875,0.9838324873181601,0.09856552054046502,0.09157107136854278,0.9838324873390943,0.09856552054046508,0.09157107130629354,0.13259334286510657,0.12500000007308623,0.1258957289646195,0.12500000002436207,0.07921456927779301,0.12500000002436207,0.09620223184817482,0.12499999997563785,0.1038215943967403,0.12500000002436207,0.12219608393682682,0.12499999997563792,0.14896795286164907,0.12499999997563792,0.19110849584908995,0.1249999999269138,0.5000000000974482,0.43390587295569394,0.5000000000974483,0.48450675016329314,0.5000000000974483,0.46459745940128894
D0_L0_A_021,D0,L0,A,21,123.829,0.9161816244690558,0.0824855654743985,0.08510080391591876,0.5161714773655097,0.6675144345256016,0.5475003026175951,0.4937014026009286,0.5000000000974484,0.01632357147331815,0.0,0.022727972163821865,0.0,0.006153617405030977,0.0,0.42381303192467296,0.4999999999025517,0.004277016216609067,0.0,0.019168997145161383,0.0,0.01383439107045703,0.0,0.5000000000974484,0.5389065636430995,1.0,0.9381150222155288,1.0,0.9594114038345849
D0_L0_A_022,D0,L0,A,22,121.906,0.8404385056910808,0.15914477107304562,0.13736448805297707,0.6240355416549155,0.5908552289269544,0.48448346877092274,0.43914205425493813,0.5000000000974484,0.0531193736212211,0.0,0.032009774326202486,0.0,0.008467329436743153,0.0,0.4017131746720163,0.4999999999025517,0.025183370044302506,0.0,0.02849384439887011,0.0,0.011871079245706235,0.0,0.5000000000974484,0.5327385316391048,1.0,0.919157972592478,1.0,0.901358847652027
D0_L0_A_023,D0,L0,A,23,120.937,0.9137954026691774,0.08552116752929667,0.08113865843400275,0.5188706105407358,0.6644788324707034,0.5441160853833621,0.4822297146555178,0.5000000000974484,0.007164725455139354,0.0,0.031523676665516455,0.0,0.01172322292214962,0.0,0.4322491178151856,0.4999999999025517,0.005051030041594248,0.0,0.012051220171388285,0.0,0.018007292273508727,0.0,0.5000000000974484,0.5326413396983233,1.0,0.926694587967437,1.0,0.9580537293076081
D0_L0_A_024,D0,L0,A,24,122.922,0.9042467487092215,0.09468003575650893,0.09073926280276642,0.539393739417539,0.655319964243491,0.5371718329078913,0.48381205529531013,0.5000000000974484,0.022973578083341967,0.0,0.0253276957333801,0.0,0.00857283684063265,0.0,0.42150790894818096,0.4999999999025517,0.007563925469388998,0.0,0.02028252491717556,0.0,0.009959474712589645,0.0,0.5000000000974484,0.5406861659526649,1.0,0.935857467796222,1.0,0.9509301848940467
D0_L0_A_025,D0,L0,A,25,123.891,0.9301131200954048,0.06913900735509099,0.0701997547240804,0.4810509503574236,0.6808609926449091,0.5574845273355222,0.49180484134238794,0.5000000000974484,0.005775317778624927,0.0,0.02474088688302568,0.0,0.009020160580388124,0.0,0.4390561513025211,0.4999999999025517,0.0009486854373058035,0.0,0.012272890052104754,0.0,0.016381066623641725,0.0,0.5000000000974484,0.5313412065844267,1.0,0.9375849958608398,1.0,0.9678747695800396
D0_L01_A_021,D0,L01,A,21,122.797,0.8508647765577775,0.16771962165833557,0.13622553303263962,0.8381868657455722,0.36122745203936246,0.272343756782555,0.1826677203634425,0.25000000009744844,0.036346072923277815,0.0,0.1591063052415742,0.24999999999999994,0.030884968247609286,0.0,0.278947073697698,0.24999999999999994,0.03566606489062101,0.0,0.24050635273664778,0.24999999990255167,0.0358754418991294,0.0,0.5000000000974484,0.4090050667759038,0.5000000000974484,0.5336269318750393,1.0,0.8612274520393625
D0_L01_A_022,D0,L01,A,22,137.985,0.9119482339577769,0.11564695528294217,0.09597734915317384,0.766895063677308,0.4182727059326004,0.30552905672730546,0.1990428596531606,0.25000000009744844,0.01454200252735811,0.0,0.18531018516134562,0.24999999999999994,0.017455838567750452,0.0,0.2728264376715027,0.24999999999999994,0.020774616774155215,0.0,0.26109322344659147,0.24999999990255167,0.028954836198135825,0.0,0.5000000000974484,0.4163508859096148,0.5000000000974484,0.5071859166261766,1.0,0.9182727059326004
D0_L01_A_023,D0,L01,A,23,122.844,0.8788774833494769,0.12010347085844587,0.09585162566905539,0.8198251610566581,0.3810969892059927,0.2733789105638605,0.2036945905694851,0.25000000009744844,0.021380739738497637,0.0,0.19524240643036306,0.24999999999999994,0.030594953183495255,0.0,0.2512004600644385,0.24999999999999994,0.028557107674876597,0.0,0.23095953214170595,0.24999999990255167,0.03837021019713773,0.0,0.5000000000974484,0.4509126899218411,0.5000000000974484,0.5048328980472979,1.0,0.8810969892059927
D0_L01_A_024,D0,L01,A,24,121.891,0.8385571617889732,0.18609742690839604,0.14494175730957712,0.8478165608795533,0.349326109292201,0.2658404928658776,0.17135635483755088,0.25000000009744844,0.02676591460890041,0.0,0.16518006982250832,0.24999999999999994,0.04252292769630866,0.0,0.28542353620059696,0.24999999999999994,0.03713058995988982,0.0,0.22736614843154476,0.24999999990255167,0.044254458442700095,0.0,0.5000000000974484,0.40582526696526827,0.5000000000974484,0.520676395606938,1.0,0.8493261092922009
D0_L01_A_025,D0,L01,A,25,121.843,0.8236551418690022,0.18823030565929355,0.1486314967084497,0.8552947521861372,0.330460007061772,0.24964239491127999,0.17332093689840739,0.25000000009744844,0.022074921407891995,0.0,0.1759255587259279,0.24999999999999994,0.03317329912230818,0.0,0.26869031272106547,0.24999999999999994,0.03650966484473003,0.0,0.21252319871637124,0.24999999990255167,0.07778210756329787,0.0,0.5000000000974484,0.40449471615453547,0.5000000000974484,0.5005958358720949,1.0,0.830460007061772
D0_FULL_A_021,D0,FULL,A,21,126.844,0.9642227793328735,0.14576362412632454,0.13260218543703564,0.9642227792935786,0.14576362424813497,0.1326021855141579,0.1875494926275092,0.12500000007308623,0.20638636561445933,0.12500000002436207,0.10031817168393195,0.12500000002436207,0.10574789425088951,0.12499999997563785,0.12682776600616646,0.12500000002436207,0.05172433218920454,0.12499999997563792,0.12270200221104047,0.12499999997563792,0.0987439754167986,0.1249999999269138,0.5000000000974482,0.60000192417679,0.5000000000974483,0.5724879564373396,0.5000000000974483,0.5373974325286481
D0_FULL_A_022,D0,FULL,A,22,125.781,0.9611417254849677,0.1554611356779089,0.13973767583186578,0.9611417254409944,0.15546113575099513,0.1397376759158661,0.2149964417013115,0.12500000007308623,0.18729323730945507,0.12500000002436207,0.09674582216047597,0.12500000002436207,0.1030561284235028,0.12499999997563785,0.12250873710232793,0.12500000002436207,0.05159488419911331,0.12499999997563792,0.12817145674022853,0.12499999997563792,0.09563329236358481,0.1249999999269138,0.5000000000974482,0.6020916295947453,0.5000000000974483,0.5763933003122078,0.5000000000974483,0.562422457704344
D0_FULL_A_023,D0,FULL,A,23,125.859,0.9626499079112995,0.15432617225030737,0.13702063449993937,0.9626499078713291,0.1543261722990316,0.13702063457795388,0.22064445513307104,0.12500000007308623,0.16179933269482655,0.12500000002436207,0.12075347933047521,0.12500000002436207,0.07870988420614114,0.12499999997563785,0.13371535702707438,0.12500000002436207,0.057672605550353515,0.12499999997563792,0.0885378586139985,0.12499999997563792,0.13816702744405956,0.1249999999269138,0.5000000000974482,0.5819071513645139,0.5000000000974483,0.5738317504053254,0.5000000000974483,0.5636511501046192
D0_FULL_A_024,D0,FULL,A,24,125.891,0.9312861205561331,0.19355778006886148,0.16187749821912314,0.9312861205763964,0.19355778004449942,0.16187749817655542,0.12879169735448598,0.12500000007308623,0.06818795307488595,0.12500000002436207,0.0901027284654562,0.12500000002436207,0.02315153841515837,0.12499999997563785,0.15722291436469818,0.12500000002436207,0.16067987483666069,0.12499999997563792,0.15734223213829468,0.12499999997563792,0.21452106135035987,0.1249999999269138,0.5000000000974482,0.3102339173099865,0.5000000000974483,0.5148824396307308,0.5000000000974483,0.5334595723229351
D0_FULL_A_025,D0,FULL,A,25,126.922,0.9470049549218772,0.1549872358098407,0.14650093434609285,0.9470049549350404,0.15498723583420282,0.14650093431188277,0.1251365525447393,0.12500000007308623,0.137796891466011,0.12500000002436207,0.07945582925633957,0.12500000002436207,0.029880380499001994,0.12499999997563785,0.14847138998933526,0.12500000002436207,0.11067655441045565,0.12499999997563792,0.14972408562116085,0.12499999997563792,0.2188583162129564,0.1249999999269138,0.5000000000974482,0.3722696537660919,0.5000000000974483,0.5220813884105412,0.5000000000974483,0.502787857411575
D0_FULL_B_021,D0,FULL,B,21,125.781,0.9772095222810405,0.13084814407166154,0.10563755494656506,0.977209522303629,0.13084814402293743,0.10563755488998315,0.09939951835483968,0.12500000007308623,0.1259921441571172,0.12500000002436207,0.07567843130988985,0.12500000002436207,0.07985653220348908,0.12499999997563785,0.1545751155404582,0.12500000002436207,0.114217374108844,0.12499999997563792,0.1725622830311267,0.12499999997563792,0.17771860129423536,0.1249999999269138,0.5000000000974482,0.38092662602533583,0.5000000000974483,0.4941841521612591,0.5000000000974483,0.5022153482363144
D0_FULL_B_022,D0,FULL,B,22,125.828,0.9555638204428699,0.1835033331033138,0.15234372035565982,0.9555638204839387,0.18350333300586552,0.15234372027904114,0.09757241981698118,0.12500000007308623,0.08876281576194987,0.12500000002436207,0.06862988588478908,0.12500000002436207,0.06153154553041443,0.12499999997563785,0.14184075633011728,0.12500000002436207,0.16161043317885124,0.12499999997563792,0.14611335121806923,0.12499999997563792,0.23393879227882783,0.1249999999269138,0.5000000000974482,0.3164966669941346,0.5000000000974483,0.4897864250878996,0.5000000000974483,0.45415641324995676
D0_FULL_B_023,D0,FULL,B,23,126.797,0.9604191014372939,0.16352310355295938,0.1377648423430722,0.9604191014684927,0.16352310345551108,0.13776484228087185,0.09874797437688741,0.12500000007308623,0.11405064573354828,0.12500000002436207,0.0639740647897424,0.12500000002436207,0.0597042116443108,0.12499999997563785,0.1355712863055865,0.12500000002436207,0.13815519393254833,0.12499999997563792,0.20283653125099427,0.12499999997563792,0.186960091966382,0.1249999999269138,0.5000000000974482,0.33647689654448887,0.5000000000974483,0.48652510034857055,0.5000000000974483,0.5011298567232105
D0_FULL_B_024,D0,FULL,B,24,137.906,0.9419330547641391,0.19817741628212682,0.17262083982707183,0.9419330548036104,0.19817741620904064,0.17262083975945408,0.0982272098425195,0.12500000007308623,0.10986700357869128,0.12500000002436207,0.057875980878244394,0.12500000002436207,0.05078060635213901,0.12499999997563785,0.13433081878966274,0.12500000002436207,0.11007178313936523,0.12499999997563792,0.2007608016516935,0.12499999997563792,0.23808579576768443,0.1249999999269138,0.5000000000974482,0.31675080065159417,0.5000000000974483,0.4524968153502387,0.5000000000974483,0.49119481116212016
D0_FULL_B_025,D0,FULL,B,25,125.843,0.9710960510869522,0.13082686521467354,0.12914597084437743,0.9710960511072501,0.1308268652146736,0.12914597079455736,0.13601010990564782,0.12500000007308623,0.09573868156179358,0.12500000002436207,0.0957116536034137,0.12500000002436207,0.07103769916957903,0.12499999997563785,0.13653678372900624,0.12500000002436207,0.10668510045054007,0.12499999997563792,0.1262217077424805,0.12499999997563792,0.232058263837539,0.1249999999269138,0.5000000000974482,0.3984981442404341,0.5000000000974483,0.47497067564698775,0.5000000000974483,0.49448025498054826
